{"type": "FeatureCollection", "features": [{"type": "Feature", "geometry": {"type": "LineString", "coordinates": [[270550.0, 2662650.0], [270550.0, 2662750.0], [270450.0, 2662750.0], [270250.0, 2662650.0], [270150.0, 2662650.0], [269950.0, 2662550.0], [269950.0, 2662450.0], [269950.0, 2662350.0], [269950.0, 2662250.0], [270050.0, 2662150.0], [270150.0, 2662050.0], [270250.0, 2661950.0], [270350.0, 2661950.0], [270450.0, 2661950.0], [270550.0, 2661950.0], [270650.0, 2661950.0], [270750.0, 2661950.0], [270850.0, 2661950.0], [270950.0, 2661950.0], [271050.0, 2661950.0], [271150.0, 2661950.0], [271250.0, 2662050.0], [271350.0, 2662150.0], [271350.0, 2662250.0], [271350.0, 2662350.0], [271450.0, 2662450.0], [271550.0, 2662450.0], [271650.0, 2662450.0], [271750.0, 2662450.0], [271950.0, 2662550.0], [272050.0, 2662650.0], [272050.0, 2662750.0], [272050.0, 2662850.0], [272150.0, 2662950.0], [272250.0, 2663050.0], [272350.0, 2663150.0], [272550.0, 2663250.0], [272750.0, 2663350.0], [272850.0, 2663450.0], [272950.0, 2663550.0], [273050.0, 2663550.0], [273150.0, 2663550.0], [273250.0, 2663550.0], [273350.0, 2663550.0], [273450.0, 2663550.0], [273550.0, 2663550.0], [273650.0, 2663550.0], [273850.0, 2663650.0], [273950.0, 2663750.0], [274150.0, 2663850.0], [274250.0, 2663950.0], [274350.0, 2663950.0], [274450.0, 2663950.0], [274550.0, 2664050.0], [274650.0, 2664150.0], [274850.0, 2664250.0], [274950.0, 2664250.0], [275050.0, 2664350.0], [275150.0, 2664450.0], [275250.0, 2664550.0], [275350.0, 2664650.0], [275450.0, 2664850.0], [275550.0, 2664950.0], [275650.0, 2665150.0], [275750.0, 2665250.0], [275850.0, 2665450.0], [275950.0, 2665550.0], [276050.0, 2665650.0], [276150.0, 2665750.0], [276250.0, 2665750.0], [276350.0, 2665750.0], [276550.0, 2665650.0], [276650.0, 2665650.0], [276850.0, 2665550.0], [276950.0, 2665650.0], [277050.0, 2665750.0], [277150.0, 2665750.0], [277250.0, 2665850.0], [277250.0, 2665950.0], [277350.0, 2666050.0], [277450.0, 2666150.0], [277550.0, 2666250.0], [277650.0, 2666250.0], [277850.0, 2666350.0], [277950.0, 2666350.0], [278050.0, 2666350.0], [278150.0, 2666350.0], [278250.0, 2666350.0], [278450.0, 2666450.0], [278550.0, 2666550.0], [278750.0, 2666650.0], [278850.0, 2666650.0], [278950.0, 2666650.0], [279050.0, 2666650.0], [279150.0, 2666750.0], [279250.0, 2666850.0], [279350.0, 2666950.0], [279450.0, 2666950.0], [279550.0, 2666950.0], [279650.0, 2666950.0], [279750.0, 2666950.0], [279950.0, 2667050.0], [280150.0, 2667150.0], [280350.0, 2667250.0], [280450.0, 2667350.0], [280650.0, 2667450.0], [280750.0, 2667450.0], [280850.0, 2667450.0], [280950.0, 2667450.0], [281050.0, 2667450.0], [281150.0, 2667450.0], [281250.0, 2667450.0], [281350.0, 2667450.0], [281450.0, 2667550.0], [281550.0, 2667650.0], [281650.0, 2667750.0]]}, "properties": {"point_id": 1, "emergency": "childbirth_complication", "season": "dry", "kind": "primary", "facility_cat": 48, "facility_name": "Belabo Upazila Health Complex", "minutes": 37.0}}, {"type": "Feature", "geometry": {"type": "LineString", "coordinates": [[270550.0, 2662650.0], [270550.0, 2662750.0], [270450.0, 2662750.0], [270250.0, 2662650.0], [270150.0, 2662650.0], [270050.0, 2662650.0], [269950.0, 2662750.0], [269850.0, 2662850.0], [269850.0, 2662950.0], [269850.0, 2663050.0], [269750.0, 2663250.0], [269750.0, 2663350.0], [269750.0, 2663450.0], [269750.0, 2663550.0], [269750.0, 2663650.0], [269750.0, 2663750.0], [269750.0, 2663850.0], [269750.0, 2663950.0], [269750.0, 2664050.0], [269750.0, 2664150.0], [269750.0, 2664250.0], [269750.0, 2664350.0], [269750.0, 2664450.0], [269750.0, 2664550.0], [269750.0, 2664650.0], [269750.0, 2664750.0], [269650.0, 2664950.0], [269550.0, 2665150.0], [269450.0, 2665250.0], [269350.0, 2665350.0], [269250.0, 2665550.0], [269150.0, 2665650.0], [269050.0, 2665750.0], [268950.0, 2665950.0], [268850.0, 2666050.0], [268750.0, 2666150.0], [268650.0, 2666250.0], [268550.0, 2666350.0], [268450.0, 2666450.0], [268350.0, 2666550.0], [268150.0, 2666650.0], [267950.0, 2666750.0], [267850.0, 2666750.0], [267650.0, 2666850.0], [267450.0, 2666950.0], [267350.0, 2667050.0], [267250.0, 2667150.0], [267250.0, 2667250.0], [267150.0, 2667450.0], [267150.0, 2667550.0], [267050.0, 2667750.0], [266950.0, 2667950.0], [266950.0, 2668050.0], [266950.0, 2668150.0], [266850.0, 2668350.0], [266750.0, 2668550.0], [266650.0, 2668650.0], [266550.0, 2668850.0], [266450.0, 2669050.0], [266350.0, 2669250.0], [266350.0, 2669350.0], [266350.0, 2669450.0], [266350.0, 2669550.0], [266350.0, 2669650.0], [266350.0, 2669750.0], [266350.0, 2669850.0], [266350.0, 2669950.0], [266350.0, 2670050.0], [266350.0, 2670150.0], [266350.0, 2670250.0], [266350.0, 2670350.0], [266350.0, 2670450.0], [266450.0, 2670650.0], [266450.0, 2670750.0], [266450.0, 2670850.0], [266450.0, 2670950.0], [266450.0, 2671050.0], [266550.0, 2671250.0], [266550.0, 2671350.0], [266550.0, 2671450.0], [266550.0, 2671550.0], [266550.0, 2671650.0], [266650.0, 2671850.0], [266650.0, 2671950.0], [266650.0, 2672050.0], [266650.0, 2672150.0], [266750.0, 2672350.0], [266850.0, 2672550.0], [266950.0, 2672650.0], [267050.0, 2672750.0], [267150.0, 2672850.0], [267250.0, 2673050.0], [267350.0, 2673150.0], [267450.0, 2673250.0], [267550.0, 2673350.0], [267650.0, 2673450.0], [267750.0, 2673650.0], [267850.0, 2673750.0], [267950.0, 2673850.0], [268050.0, 2673950.0], [268150.0, 2674150.0], [268250.0, 2674250.0], [268350.0, 2674350.0], [268450.0, 2674450.0], [268550.0, 2674550.0], [268650.0, 2674650.0], [268750.0, 2674750.0], [268850.0, 2674950.0], [268950.0, 2675150.0], [268950.0, 2675250.0], [268950.0, 2675350.0], [268950.0, 2675450.0], [268950.0, 2675550.0], [269050.0, 2675750.0], [269150.0, 2675950.0], [269150.0, 2676050.0], [269250.0, 2676250.0], [269250.0, 2676350.0], [269250.0, 2676450.0], [269350.0, 2676650.0], [269450.0, 2676850.0], [269450.0, 2676950.0], [269450.0, 2677050.0], [269450.0, 2677150.0], [269450.0, 2677250.0], [269450.0, 2677350.0], [269550.0, 2677550.0], [269650.0, 2677650.0], [269750.0, 2677750.0], [269850.0, 2677850.0], [269950.0, 2677950.0], [270050.0, 2678050.0], [270150.0, 2678150.0], [270250.0, 2678250.0], [270350.0, 2678350.0], [270450.0, 2678450.0], [270450.0, 2678550.0], [270450.0, 2678650.0], [270550.0, 2678850.0], [270650.0, 2679050.0], [270750.0, 2679250.0], [270750.0, 2679350.0], [270750.0, 2679450.0], [270850.0, 2679650.0], [270950.0, 2679750.0], [271050.0, 2679850.0], [271150.0, 2679850.0], [271250.0, 2679950.0], [271350.0, 2680050.0], [271450.0, 2680150.0], [271550.0, 2680250.0], [271650.0, 2680350.0], [271750.0, 2680450.0], [271950.0, 2680550.0], [272150.0, 2680650.0], [272250.0, 2680750.0], [272350.0, 2680850.0], [272550.0, 2680950.0], [272650.0, 2681050.0], [272850.0, 2681150.0], [272950.0, 2681250.0], [273050.0, 2681450.0], [273150.0, 2681550.0], [273250.0, 2681650.0], [273350.0, 2681750.0], [273450.0, 2681850.0], [273550.0, 2681950.0], [273650.0, 2682050.0], [273750.0, 2682150.0], [273850.0, 2682250.0], [273950.0, 2682350.0], [274150.0, 2682450.0], [274350.0, 2682550.0], [274550.0, 2682650.0], [274650.0, 2682650.0], [274750.0, 2682650.0], [274850.0, 2682650.0], [274950.0, 2682650.0], [275050.0, 2682650.0], [275150.0, 2682650.0], [275250.0, 2682650.0], [275350.0, 2682750.0], [275350.0, 2682850.0], [275350.0, 2682950.0], [275450.0, 2683050.0], [275550.0, 2683050.0], [275650.0, 2683050.0], [275750.0, 2683050.0], [275850.0, 2683050.0], [275950.0, 2683050.0], [276050.0, 2683050.0], [276150.0, 2683050.0], [276250.0, 2683050.0], [276350.0, 2683050.0], [276450.0, 2683050.0]]}, "properties": {"point_id": 1, "emergency": "childbirth_complication", "season": "dry", "kind": "backup", "facility_cat": 18, "facility_name": "Katiyadi Upazilla Health Complex", "minutes": 55.0}}, {"type": "Feature", "geometry": {"type": "LineString", "coordinates": [[270550.0, 2662650.0], [270550.0, 2662750.0], [270450.0, 2662750.0], [270250.0, 2662650.0], [270150.0, 2662650.0], [269950.0, 2662550.0], [269950.0, 2662450.0], [269950.0, 2662350.0], [269950.0, 2662250.0], [270050.0, 2662150.0], [270150.0, 2662050.0], [270250.0, 2661950.0], [270350.0, 2661950.0], [270450.0, 2661950.0], [270550.0, 2661950.0], [270650.0, 2661950.0], [270750.0, 2661950.0], [270850.0, 2661950.0], [270950.0, 2661950.0], [271050.0, 2661950.0], [271150.0, 2661950.0], [271250.0, 2662050.0], [271350.0, 2662150.0], [271350.0, 2662250.0], [271350.0, 2662350.0], [271450.0, 2662450.0], [271550.0, 2662450.0], [271650.0, 2662450.0], [271750.0, 2662450.0], [271950.0, 2662550.0], [272050.0, 2662650.0], [272050.0, 2662750.0], [272050.0, 2662850.0], [272150.0, 2662950.0], [272250.0, 2663050.0], [272350.0, 2663150.0], [272550.0, 2663250.0], [272750.0, 2663350.0], [272850.0, 2663450.0], [272950.0, 2663550.0], [273050.0, 2663550.0], [273150.0, 2663550.0], [273250.0, 2663550.0], [273350.0, 2663550.0], [273450.0, 2663550.0], [273550.0, 2663550.0], [273650.0, 2663550.0], [273850.0, 2663650.0], [273950.0, 2663750.0], [274150.0, 2663850.0], [274250.0, 2663950.0], [274350.0, 2663950.0], [274450.0, 2663950.0], [274550.0, 2664050.0], [274650.0, 2664150.0], [274850.0, 2664250.0], [274950.0, 2664250.0], [275050.0, 2664350.0], [275150.0, 2664450.0], [275250.0, 2664550.0], [275350.0, 2664650.0], [275450.0, 2664850.0], [275550.0, 2664950.0], [275650.0, 2665150.0], [275750.0, 2665250.0], [275850.0, 2665450.0], [275950.0, 2665550.0], [276050.0, 2665650.0], [276150.0, 2665750.0], [276250.0, 2665750.0], [276350.0, 2665750.0], [276550.0, 2665650.0], [276650.0, 2665650.0], [276850.0, 2665550.0], [276950.0, 2665650.0], [277050.0, 2665750.0], [277150.0, 2665750.0], [277250.0, 2665850.0], [277250.0, 2665950.0], [277350.0, 2666050.0], [277450.0, 2666150.0], [277550.0, 2666250.0], [277650.0, 2666250.0], [277850.0, 2666350.0], [277950.0, 2666350.0], [278050.0, 2666350.0], [278150.0, 2666350.0], [278250.0, 2666350.0], [278450.0, 2666450.0], [278550.0, 2666550.0], [278750.0, 2666650.0], [278850.0, 2666650.0], [278950.0, 2666650.0], [279050.0, 2666650.0], [279150.0, 2666750.0], [279250.0, 2666850.0], [279350.0, 2666950.0], [279450.0, 2666950.0], [279550.0, 2666950.0], [279650.0, 2666950.0], [279750.0, 2666950.0], [279950.0, 2667050.0], [280150.0, 2667150.0], [280350.0, 2667250.0], [280450.0, 2667350.0], [280650.0, 2667450.0], [280750.0, 2667450.0], [280850.0, 2667450.0], [280950.0, 2667450.0], [281050.0, 2667450.0], [281150.0, 2667450.0], [281250.0, 2667450.0], [281350.0, 2667450.0], [281450.0, 2667550.0], [281550.0, 2667650.0], [281650.0, 2667750.0]]}, "properties": {"point_id": 1, "emergency": "childbirth_complication", "season": "flood0708", "kind": "primary", "facility_cat": 48, "facility_name": "Belabo Upazila Health Complex", "minutes": 37.0}}, {"type": "Feature", "geometry": {"type": "LineString", "coordinates": [[270550.0, 2662650.0], [270550.0, 2662750.0], [270450.0, 2662750.0], [270250.0, 2662650.0], [270150.0, 2662650.0], [270050.0, 2662650.0], [269950.0, 2662750.0], [269850.0, 2662850.0], [269850.0, 2662950.0], [269850.0, 2663050.0], [269750.0, 2663250.0], [269750.0, 2663350.0], [269750.0, 2663450.0], [269750.0, 2663550.0], [269750.0, 2663650.0], [269750.0, 2663750.0], [269750.0, 2663850.0], [269750.0, 2663950.0], [269750.0, 2664050.0], [269750.0, 2664150.0], [269750.0, 2664250.0], [269750.0, 2664350.0], [269750.0, 2664450.0], [269750.0, 2664550.0], [269750.0, 2664650.0], [269750.0, 2664750.0], [269650.0, 2664950.0], [269550.0, 2665150.0], [269450.0, 2665250.0], [269350.0, 2665350.0], [269250.0, 2665550.0], [269150.0, 2665650.0], [269050.0, 2665750.0], [268950.0, 2665950.0], [268850.0, 2666050.0], [268750.0, 2666150.0], [268650.0, 2666250.0], [268550.0, 2666350.0], [268450.0, 2666450.0], [268350.0, 2666550.0], [268150.0, 2666650.0], [267950.0, 2666750.0], [267850.0, 2666750.0], [267650.0, 2666850.0], [267450.0, 2666950.0], [267350.0, 2667050.0], [267250.0, 2667150.0], [267250.0, 2667250.0], [267150.0, 2667450.0], [267150.0, 2667550.0], [267050.0, 2667750.0], [266950.0, 2667950.0], [266950.0, 2668050.0], [266950.0, 2668150.0], [266850.0, 2668350.0], [266750.0, 2668550.0], [266650.0, 2668650.0], [266550.0, 2668850.0], [266450.0, 2669050.0], [266350.0, 2669250.0], [266350.0, 2669350.0], [266350.0, 2669450.0], [266350.0, 2669550.0], [266350.0, 2669650.0], [266350.0, 2669750.0], [266350.0, 2669850.0], [266350.0, 2669950.0], [266350.0, 2670050.0], [266350.0, 2670150.0], [266350.0, 2670250.0], [266350.0, 2670350.0], [266350.0, 2670450.0], [266450.0, 2670650.0], [266450.0, 2670750.0], [266450.0, 2670850.0], [266450.0, 2670950.0], [266450.0, 2671050.0], [266550.0, 2671250.0], [266550.0, 2671350.0], [266550.0, 2671450.0], [266550.0, 2671550.0], [266550.0, 2671650.0], [266650.0, 2671850.0], [266650.0, 2671950.0], [266650.0, 2672050.0], [266650.0, 2672150.0], [266750.0, 2672350.0], [266850.0, 2672550.0], [266950.0, 2672650.0], [267050.0, 2672750.0], [267150.0, 2672850.0], [267250.0, 2673050.0], [267350.0, 2673150.0], [267450.0, 2673250.0], [267550.0, 2673350.0], [267650.0, 2673450.0], [267750.0, 2673650.0], [267850.0, 2673750.0], [267950.0, 2673850.0], [268050.0, 2673950.0], [268150.0, 2674150.0], [268250.0, 2674250.0], [268350.0, 2674350.0], [268450.0, 2674450.0], [268550.0, 2674550.0], [268650.0, 2674650.0], [268750.0, 2674750.0], [268850.0, 2674950.0], [268950.0, 2675150.0], [268950.0, 2675250.0], [268950.0, 2675350.0], [268950.0, 2675450.0], [268950.0, 2675550.0], [269050.0, 2675750.0], [269150.0, 2675950.0], [269150.0, 2676050.0], [269250.0, 2676250.0], [269250.0, 2676350.0], [269250.0, 2676450.0], [269350.0, 2676650.0], [269450.0, 2676850.0], [269450.0, 2676950.0], [269450.0, 2677050.0], [269450.0, 2677150.0], [269450.0, 2677250.0], [269450.0, 2677350.0], [269550.0, 2677550.0], [269650.0, 2677650.0], [269750.0, 2677750.0], [269850.0, 2677850.0], [269950.0, 2677950.0], [270050.0, 2678050.0], [270150.0, 2678150.0], [270250.0, 2678250.0], [270350.0, 2678350.0], [270450.0, 2678450.0], [270450.0, 2678550.0], [270450.0, 2678650.0], [270550.0, 2678850.0], [270650.0, 2679050.0], [270750.0, 2679250.0], [270750.0, 2679350.0], [270750.0, 2679450.0], [270850.0, 2679650.0], [270950.0, 2679750.0], [271050.0, 2679850.0], [271150.0, 2679850.0], [271250.0, 2679950.0], [271350.0, 2680050.0], [271450.0, 2680150.0], [271550.0, 2680250.0], [271650.0, 2680350.0], [271750.0, 2680450.0], [271950.0, 2680550.0], [272150.0, 2680650.0], [272250.0, 2680750.0], [272350.0, 2680850.0], [272550.0, 2680950.0], [272650.0, 2681050.0], [272850.0, 2681150.0], [272950.0, 2681250.0], [273050.0, 2681450.0], [273150.0, 2681550.0], [273250.0, 2681650.0], [273350.0, 2681750.0], [273450.0, 2681850.0], [273550.0, 2681950.0], [273650.0, 2682050.0], [273750.0, 2682150.0], [273850.0, 2682250.0], [273950.0, 2682350.0], [274150.0, 2682450.0], [274350.0, 2682550.0], [274550.0, 2682650.0], [274650.0, 2682650.0], [274750.0, 2682650.0], [274850.0, 2682650.0], [274950.0, 2682650.0], [275050.0, 2682650.0], [275150.0, 2682650.0], [275250.0, 2682650.0], [275350.0, 2682750.0], [275350.0, 2682850.0], [275350.0, 2682950.0], [275450.0, 2683050.0], [275550.0, 2683050.0], [275650.0, 2683050.0], [275750.0, 2683050.0], [275850.0, 2683050.0], [275950.0, 2683050.0], [276050.0, 2683050.0], [276150.0, 2683050.0], [276250.0, 2683050.0], [276350.0, 2683050.0], [276450.0, 2683050.0]]}, "properties": {"point_id": 1, "emergency": "childbirth_complication", "season": "flood0708", "kind": "backup", "facility_cat": 18, "facility_name": "Katiyadi Upazilla Health Complex", "minutes": 55.0}}, {"type": "Feature", "geometry": {"type": "LineString", "coordinates": [[259050.0, 2678250.0], [259050.0, 2678350.0], [258950.0, 2678350.0], [258850.0, 2678350.0], [258650.0, 2678450.0], [258550.0, 2678550.0], [258450.0, 2678550.0], [258350.0, 2678550.0], [258250.0, 2678450.0], [258250.0, 2678350.0], [258350.0, 2678150.0], [258350.0, 2678050.0], [258350.0, 2677950.0], [258450.0, 2677750.0], [258550.0, 2677650.0], [258650.0, 2677550.0], [258750.0, 2677550.0], [258850.0, 2677550.0], [258950.0, 2677550.0], [259050.0, 2677550.0], [259150.0, 2677550.0], [259250.0, 2677550.0], [259350.0, 2677550.0], [259550.0, 2677450.0], [259750.0, 2677550.0], [259850.0, 2677550.0], [259950.0, 2677550.0], [260050.0, 2677550.0], [260250.0, 2677650.0], [260350.0, 2677650.0], [260450.0, 2677650.0], [260550.0, 2677650.0], [260750.0, 2677550.0], [260850.0, 2677550.0], [260950.0, 2677550.0], [261050.0, 2677550.0], [261150.0, 2677550.0], [261350.0, 2677650.0], [261450.0, 2677650.0], [261650.0, 2677750.0], [261750.0, 2677750.0], [261950.0, 2677850.0], [262050.0, 2677850.0], [262150.0, 2677850.0], [262250.0, 2677850.0], [262350.0, 2677850.0], [262450.0, 2677850.0], [262550.0, 2677850.0], [262750.0, 2677950.0], [262850.0, 2677950.0], [262950.0, 2677950.0], [263050.0, 2678050.0], [263150.0, 2678150.0], [263250.0, 2678250.0], [263250.0, 2678350.0], [263250.0, 2678450.0], [263250.0, 2678550.0], [263350.0, 2678650.0], [263450.0, 2678650.0], [263550.0, 2678650.0], [263650.0, 2678750.0], [263650.0, 2678850.0], [263550.0, 2679050.0], [263550.0, 2679150.0], [263550.0, 2679250.0], [263550.0, 2679350.0], [263650.0, 2679550.0], [263650.0, 2679650.0], [263650.0, 2679750.0], [263650.0, 2679850.0], [263650.0, 2679950.0], [263650.0, 2680050.0], [263650.0, 2680150.0], [263650.0, 2680250.0], [263650.0, 2680350.0], [263650.0, 2680450.0], [263750.0, 2680650.0], [263750.0, 2680750.0], [263750.0, 2680850.0], [263750.0, 2680950.0], [263750.0, 2681050.0], [263850.0, 2681250.0], [263850.0, 2681350.0], [263950.0, 2681550.0], [263950.0, 2681650.0], [264050.0, 2681850.0], [264150.0, 2681950.0], [264250.0, 2682150.0], [264350.0, 2682250.0], [264450.0, 2682350.0], [264550.0, 2682550.0], [264650.0, 2682750.0], [264650.0, 2682850.0], [264650.0, 2682950.0], [264650.0, 2683050.0], [264650.0, 2683150.0], [264750.0, 2683350.0], [264750.0, 2683450.0], [264750.0, 2683550.0], [264750.0, 2683650.0], [264850.0, 2683850.0], [264850.0, 2683950.0], [264850.0, 2684050.0], [264850.0, 2684150.0], [264850.0, 2684250.0], [264850.0, 2684350.0], [264850.0, 2684450.0], [264850.0, 2684550.0], [264850.0, 2684650.0], [264850.0, 2684750.0], [264850.0, 2684850.0], [264950.0, 2685050.0], [264950.0, 2685150.0], [265050.0, 2685350.0], [265050.0, 2685450.0], [265050.0, 2685550.0], [265050.0, 2685650.0], [265050.0, 2685750.0], [264950.0, 2685950.0], [264950.0, 2686050.0], [265050.0, 2686250.0], [265050.0, 2686350.0], [265050.0, 2686450.0], [265150.0, 2686650.0], [265150.0, 2686750.0], [265250.0, 2686950.0], [265250.0, 2687050.0], [265250.0, 2687150.0], [265350.0, 2687350.0], [265350.0, 2687450.0], [265350.0, 2687550.0], [265350.0, 2687650.0], [265350.0, 2687750.0], [265350.0, 2687850.0], [265350.0, 2687950.0], [265450.0, 2688150.0], [265450.0, 2688250.0], [265450.0, 2688350.0], [265450.0, 2688450.0], [265350.0, 2688650.0], [265350.0, 2688750.0], [265350.0, 2688850.0], [265350.0, 2688950.0], [265350.0, 2689050.0], [265350.0, 2689150.0], [265350.0, 2689250.0], [265350.0, 2689350.0], [265250.0, 2689550.0], [265250.0, 2689650.0], [265250.0, 2689750.0], [265150.0, 2689950.0], [265150.0, 2690050.0], [265050.0, 2690250.0], [265050.0, 2690350.0], [265050.0, 2690450.0], [265050.0, 2690550.0], [265050.0, 2690650.0], [265050.0, 2690750.0], [265050.0, 2690850.0], [264950.0, 2691050.0], [264950.0, 2691150.0], [264850.0, 2691350.0], [264750.0, 2691550.0], [264650.0, 2691750.0], [264650.0, 2691850.0], [264550.0, 2692050.0], [264550.0, 2692150.0], [264550.0, 2692250.0], [264550.0, 2692350.0], [264550.0, 2692450.0], [264550.0, 2692550.0], [264550.0, 2692650.0]]}, "properties": {"point_id": 2, "emergency": "snakebite", "season": "dry", "kind": "primary", "facility_cat": 21, "facility_name": "Pakundia Upazilla Health Complex", "minutes": 54.0}}, {"type": "Feature", "geometry": {"type": "LineString", "coordinates": [[259050.0, 2678250.0], [259050.0, 2678350.0], [258950.0, 2678350.0], [258850.0, 2678350.0], [258650.0, 2678450.0], [258550.0, 2678550.0], [258450.0, 2678550.0], [258350.0, 2678550.0], [258250.0, 2678450.0], [258250.0, 2678350.0], [258350.0, 2678150.0], [258350.0, 2678050.0], [258350.0, 2677950.0], [258450.0, 2677750.0], [258550.0, 2677650.0], [258650.0, 2677550.0], [258750.0, 2677550.0], [258850.0, 2677550.0], [258950.0, 2677550.0], [259050.0, 2677550.0], [259150.0, 2677550.0], [259250.0, 2677550.0], [259350.0, 2677550.0], [259550.0, 2677450.0], [259750.0, 2677550.0], [259850.0, 2677550.0], [259950.0, 2677550.0], [260050.0, 2677550.0], [260250.0, 2677650.0], [260350.0, 2677650.0], [260450.0, 2677650.0], [260550.0, 2677650.0], [260750.0, 2677550.0], [260850.0, 2677550.0], [260950.0, 2677550.0], [261050.0, 2677550.0], [261150.0, 2677550.0], [261350.0, 2677650.0], [261450.0, 2677650.0], [261650.0, 2677750.0], [261750.0, 2677750.0], [261950.0, 2677850.0], [262050.0, 2677850.0], [262150.0, 2677850.0], [262250.0, 2677850.0], [262350.0, 2677850.0], [262450.0, 2677850.0], [262550.0, 2677850.0], [262750.0, 2677950.0], [262850.0, 2677950.0], [262950.0, 2677950.0], [263050.0, 2678050.0], [263150.0, 2678150.0], [263250.0, 2678250.0], [263250.0, 2678350.0], [263250.0, 2678450.0], [263250.0, 2678550.0], [263350.0, 2678650.0], [263450.0, 2678650.0], [263550.0, 2678650.0], [263650.0, 2678750.0], [263650.0, 2678850.0], [263550.0, 2679050.0], [263550.0, 2679150.0], [263550.0, 2679250.0], [263550.0, 2679350.0], [263650.0, 2679550.0], [263650.0, 2679650.0], [263650.0, 2679750.0], [263650.0, 2679850.0], [263650.0, 2679950.0], [263650.0, 2680050.0], [263650.0, 2680150.0], [263650.0, 2680250.0], [263650.0, 2680350.0], [263650.0, 2680450.0], [263750.0, 2680650.0], [263750.0, 2680750.0], [263750.0, 2680850.0], [263750.0, 2680950.0], [263750.0, 2681050.0], [263850.0, 2681250.0], [263850.0, 2681350.0], [263950.0, 2681550.0], [263950.0, 2681650.0], [264050.0, 2681850.0], [264150.0, 2681950.0], [264250.0, 2682150.0], [264350.0, 2682250.0], [264450.0, 2682350.0], [264550.0, 2682550.0], [264650.0, 2682750.0], [264650.0, 2682850.0], [264650.0, 2682950.0], [264650.0, 2683050.0], [264650.0, 2683150.0], [264750.0, 2683350.0], [264750.0, 2683450.0], [264750.0, 2683550.0], [264750.0, 2683650.0], [264850.0, 2683850.0], [264950.0, 2683950.0], [265050.0, 2683950.0], [265250.0, 2683850.0], [265350.0, 2683850.0], [265450.0, 2683850.0], [265550.0, 2683850.0], [265650.0, 2683850.0], [265850.0, 2683750.0], [265950.0, 2683750.0], [266050.0, 2683750.0], [266150.0, 2683750.0], [266250.0, 2683750.0], [266350.0, 2683750.0], [266550.0, 2683850.0], [266650.0, 2683850.0], [266750.0, 2683850.0], [266850.0, 2683850.0], [267050.0, 2683950.0], [267150.0, 2683950.0], [267350.0, 2684050.0], [267450.0, 2684050.0], [267650.0, 2684150.0], [267850.0, 2684250.0], [268050.0, 2684350.0], [268250.0, 2684450.0], [268350.0, 2684550.0], [268550.0, 2684650.0], [268750.0, 2684750.0], [268950.0, 2684850.0], [269050.0, 2684950.0], [269250.0, 2685050.0], [269450.0, 2685150.0], [269650.0, 2685250.0], [269850.0, 2685350.0], [270050.0, 2685450.0], [270150.0, 2685550.0], [270250.0, 2685550.0], [270450.0, 2685650.0], [270550.0, 2685650.0], [270750.0, 2685550.0], [270850.0, 2685550.0], [270950.0, 2685550.0], [271150.0, 2685450.0], [271350.0, 2685350.0], [271550.0, 2685250.0], [271650.0, 2685250.0], [271750.0, 2685250.0], [271850.0, 2685250.0], [271950.0, 2685250.0], [272050.0, 2685250.0], [272150.0, 2685250.0], [272250.0, 2685250.0], [272350.0, 2685250.0], [272450.0, 2685250.0], [272550.0, 2685250.0], [272650.0, 2685250.0], [272750.0, 2685250.0], [272850.0, 2685250.0], [272950.0, 2685250.0], [273050.0, 2685250.0], [273250.0, 2685150.0], [273350.0, 2685050.0], [273450.0, 2684950.0], [273550.0, 2684850.0], [273550.0, 2684750.0], [273650.0, 2684650.0], [273750.0, 2684550.0], [273850.0, 2684550.0], [274050.0, 2684450.0], [274250.0, 2684350.0], [274350.0, 2684250.0], [274550.0, 2684150.0], [274650.0, 2684150.0], [274850.0, 2684050.0], [275050.0, 2683950.0], [275150.0, 2683850.0], [275250.0, 2683850.0], [275350.0, 2683850.0], [275450.0, 2683850.0], [275550.0, 2683850.0], [275650.0, 2683850.0], [275750.0, 2683850.0], [275850.0, 2683850.0], [275950.0, 2683850.0], [276050.0, 2683650.0], [276050.0, 2683550.0], [276050.0, 2683450.0], [276050.0, 2683350.0], [276150.0, 2683250.0], [276250.0, 2683150.0], [276350.0, 2683050.0], [276450.0, 2683050.0]]}, "properties": {"point_id": 2, "emergency": "snakebite", "season": "dry", "kind": "backup", "facility_cat": 18, "facility_name": "Katiyadi Upazilla Health Complex", "minutes": 56.0}}, {"type": "Feature", "geometry": {"type": "LineString", "coordinates": [[259050.0, 2678250.0], [259050.0, 2678350.0], [258950.0, 2678350.0], [258850.0, 2678350.0], [258650.0, 2678450.0], [258550.0, 2678550.0], [258450.0, 2678550.0], [258350.0, 2678550.0], [258250.0, 2678450.0], [258250.0, 2678350.0], [258350.0, 2678150.0], [258350.0, 2678050.0], [258350.0, 2677950.0], [258450.0, 2677750.0], [258550.0, 2677650.0], [258650.0, 2677550.0], [258750.0, 2677550.0], [258850.0, 2677550.0], [258950.0, 2677550.0], [259050.0, 2677550.0], [259150.0, 2677550.0], [259250.0, 2677550.0], [259350.0, 2677550.0], [259550.0, 2677450.0], [259750.0, 2677550.0], [259850.0, 2677550.0], [259950.0, 2677550.0], [260050.0, 2677550.0], [260250.0, 2677650.0], [260350.0, 2677650.0], [260450.0, 2677650.0], [260550.0, 2677650.0], [260750.0, 2677550.0], [260850.0, 2677550.0], [260950.0, 2677550.0], [261050.0, 2677550.0], [261150.0, 2677550.0], [261350.0, 2677650.0], [261450.0, 2677650.0], [261650.0, 2677750.0], [261750.0, 2677750.0], [261950.0, 2677850.0], [262050.0, 2677850.0], [262150.0, 2677850.0], [262250.0, 2677850.0], [262350.0, 2677850.0], [262450.0, 2677850.0], [262550.0, 2677850.0], [262750.0, 2677950.0], [262850.0, 2677950.0], [262950.0, 2677950.0], [263050.0, 2678050.0], [263150.0, 2678150.0], [263250.0, 2678250.0], [263250.0, 2678350.0], [263250.0, 2678450.0], [263250.0, 2678550.0], [263350.0, 2678650.0], [263450.0, 2678650.0], [263550.0, 2678650.0], [263650.0, 2678750.0], [263650.0, 2678850.0], [263550.0, 2679050.0], [263550.0, 2679150.0], [263550.0, 2679250.0], [263550.0, 2679350.0], [263650.0, 2679550.0], [263650.0, 2679650.0], [263650.0, 2679750.0], [263650.0, 2679850.0], [263650.0, 2679950.0], [263650.0, 2680050.0], [263650.0, 2680150.0], [263650.0, 2680250.0], [263650.0, 2680350.0], [263650.0, 2680450.0], [263750.0, 2680650.0], [263750.0, 2680750.0], [263750.0, 2680850.0], [263750.0, 2680950.0], [263750.0, 2681050.0], [263850.0, 2681250.0], [263850.0, 2681350.0], [263950.0, 2681550.0], [263950.0, 2681650.0], [264050.0, 2681850.0], [264150.0, 2681950.0], [264250.0, 2682150.0], [264350.0, 2682250.0], [264450.0, 2682350.0], [264550.0, 2682550.0], [264650.0, 2682750.0], [264650.0, 2682850.0], [264650.0, 2682950.0], [264650.0, 2683050.0], [264650.0, 2683150.0], [264750.0, 2683350.0], [264750.0, 2683450.0], [264750.0, 2683550.0], [264750.0, 2683650.0], [264850.0, 2683850.0], [264850.0, 2683950.0], [264850.0, 2684050.0], [264850.0, 2684150.0], [264850.0, 2684250.0], [264850.0, 2684350.0], [264850.0, 2684450.0], [264850.0, 2684550.0], [264850.0, 2684650.0], [264850.0, 2684750.0], [264850.0, 2684850.0], [264950.0, 2685050.0], [264950.0, 2685150.0], [265050.0, 2685350.0], [265050.0, 2685450.0], [265050.0, 2685550.0], [265050.0, 2685650.0], [265050.0, 2685750.0], [264950.0, 2685950.0], [264950.0, 2686050.0], [265050.0, 2686250.0], [265050.0, 2686350.0], [265050.0, 2686450.0], [265150.0, 2686650.0], [265150.0, 2686750.0], [265250.0, 2686950.0], [265250.0, 2687050.0], [265250.0, 2687150.0], [265350.0, 2687350.0], [265350.0, 2687450.0], [265350.0, 2687550.0], [265350.0, 2687650.0], [265350.0, 2687750.0], [265350.0, 2687850.0], [265350.0, 2687950.0], [265450.0, 2688150.0], [265450.0, 2688250.0], [265450.0, 2688350.0], [265450.0, 2688450.0], [265350.0, 2688650.0], [265350.0, 2688750.0], [265350.0, 2688850.0], [265350.0, 2688950.0], [265350.0, 2689050.0], [265350.0, 2689150.0], [265350.0, 2689250.0], [265350.0, 2689350.0], [265250.0, 2689550.0], [265250.0, 2689650.0], [265250.0, 2689750.0], [265150.0, 2689950.0], [265150.0, 2690050.0], [265050.0, 2690250.0], [265050.0, 2690350.0], [265050.0, 2690450.0], [265050.0, 2690550.0], [265050.0, 2690650.0], [265050.0, 2690750.0], [265050.0, 2690850.0], [264950.0, 2691050.0], [264950.0, 2691150.0], [264850.0, 2691350.0], [264750.0, 2691550.0], [264650.0, 2691750.0], [264650.0, 2691850.0], [264550.0, 2692050.0], [264550.0, 2692150.0], [264550.0, 2692250.0], [264550.0, 2692350.0], [264550.0, 2692450.0], [264550.0, 2692550.0], [264550.0, 2692650.0]]}, "properties": {"point_id": 2, "emergency": "snakebite", "season": "flood0708", "kind": "primary", "facility_cat": 21, "facility_name": "Pakundia Upazilla Health Complex", "minutes": 54.0}}, {"type": "Feature", "geometry": {"type": "LineString", "coordinates": [[259050.0, 2678250.0], [259050.0, 2678350.0], [258950.0, 2678350.0], [258850.0, 2678350.0], [258650.0, 2678450.0], [258550.0, 2678550.0], [258450.0, 2678550.0], [258350.0, 2678550.0], [258250.0, 2678450.0], [258250.0, 2678350.0], [258350.0, 2678150.0], [258350.0, 2678050.0], [258350.0, 2677950.0], [258450.0, 2677750.0], [258550.0, 2677650.0], [258650.0, 2677550.0], [258750.0, 2677550.0], [258850.0, 2677550.0], [258950.0, 2677550.0], [259050.0, 2677550.0], [259150.0, 2677550.0], [259250.0, 2677550.0], [259350.0, 2677550.0], [259550.0, 2677450.0], [259750.0, 2677550.0], [259850.0, 2677550.0], [259950.0, 2677550.0], [260050.0, 2677550.0], [260250.0, 2677650.0], [260350.0, 2677650.0], [260450.0, 2677650.0], [260550.0, 2677650.0], [260750.0, 2677550.0], [260850.0, 2677550.0], [260950.0, 2677550.0], [261050.0, 2677550.0], [261150.0, 2677550.0], [261350.0, 2677650.0], [261450.0, 2677650.0], [261650.0, 2677750.0], [261750.0, 2677750.0], [261950.0, 2677850.0], [262050.0, 2677850.0], [262150.0, 2677850.0], [262250.0, 2677850.0], [262350.0, 2677850.0], [262450.0, 2677850.0], [262550.0, 2677850.0], [262750.0, 2677950.0], [262850.0, 2677950.0], [262950.0, 2677950.0], [263050.0, 2678050.0], [263150.0, 2678150.0], [263250.0, 2678250.0], [263250.0, 2678350.0], [263250.0, 2678450.0], [263250.0, 2678550.0], [263350.0, 2678650.0], [263450.0, 2678650.0], [263550.0, 2678650.0], [263650.0, 2678750.0], [263650.0, 2678850.0], [263550.0, 2679050.0], [263550.0, 2679150.0], [263550.0, 2679250.0], [263550.0, 2679350.0], [263650.0, 2679550.0], [263650.0, 2679650.0], [263650.0, 2679750.0], [263650.0, 2679850.0], [263650.0, 2679950.0], [263650.0, 2680050.0], [263650.0, 2680150.0], [263650.0, 2680250.0], [263650.0, 2680350.0], [263650.0, 2680450.0], [263750.0, 2680650.0], [263750.0, 2680750.0], [263750.0, 2680850.0], [263750.0, 2680950.0], [263750.0, 2681050.0], [263850.0, 2681250.0], [263850.0, 2681350.0], [263950.0, 2681550.0], [263950.0, 2681650.0], [264050.0, 2681850.0], [264150.0, 2681950.0], [264250.0, 2682150.0], [264350.0, 2682250.0], [264450.0, 2682350.0], [264550.0, 2682550.0], [264650.0, 2682750.0], [264650.0, 2682850.0], [264650.0, 2682950.0], [264650.0, 2683050.0], [264650.0, 2683150.0], [264750.0, 2683350.0], [264750.0, 2683450.0], [264750.0, 2683550.0], [264750.0, 2683650.0], [264850.0, 2683850.0], [264950.0, 2683950.0], [265050.0, 2683950.0], [265250.0, 2683850.0], [265350.0, 2683850.0], [265450.0, 2683850.0], [265550.0, 2683850.0], [265650.0, 2683850.0], [265850.0, 2683750.0], [265950.0, 2683750.0], [266050.0, 2683750.0], [266150.0, 2683750.0], [266250.0, 2683750.0], [266350.0, 2683750.0], [266550.0, 2683850.0], [266650.0, 2683850.0], [266750.0, 2683850.0], [266850.0, 2683850.0], [267050.0, 2683950.0], [267150.0, 2683950.0], [267350.0, 2684050.0], [267450.0, 2684050.0], [267650.0, 2684150.0], [267850.0, 2684250.0], [268050.0, 2684350.0], [268250.0, 2684450.0], [268350.0, 2684550.0], [268550.0, 2684650.0], [268750.0, 2684750.0], [268950.0, 2684850.0], [269050.0, 2684950.0], [269250.0, 2685050.0], [269450.0, 2685150.0], [269650.0, 2685250.0], [269850.0, 2685350.0], [270050.0, 2685450.0], [270150.0, 2685550.0], [270250.0, 2685550.0], [270450.0, 2685650.0], [270550.0, 2685650.0], [270750.0, 2685550.0], [270850.0, 2685550.0], [270950.0, 2685550.0], [271150.0, 2685450.0], [271350.0, 2685350.0], [271550.0, 2685250.0], [271650.0, 2685250.0], [271750.0, 2685250.0], [271850.0, 2685250.0], [271950.0, 2685250.0], [272050.0, 2685250.0], [272150.0, 2685250.0], [272250.0, 2685250.0], [272350.0, 2685250.0], [272450.0, 2685250.0], [272550.0, 2685250.0], [272650.0, 2685250.0], [272750.0, 2685250.0], [272850.0, 2685250.0], [272950.0, 2685250.0], [273050.0, 2685250.0], [273250.0, 2685150.0], [273350.0, 2685050.0], [273450.0, 2684950.0], [273550.0, 2684850.0], [273550.0, 2684750.0], [273650.0, 2684650.0], [273750.0, 2684550.0], [273850.0, 2684550.0], [274050.0, 2684450.0], [274250.0, 2684350.0], [274350.0, 2684250.0], [274550.0, 2684150.0], [274650.0, 2684150.0], [274850.0, 2684050.0], [275050.0, 2683950.0], [275150.0, 2683850.0], [275250.0, 2683850.0], [275350.0, 2683850.0], [275450.0, 2683850.0], [275550.0, 2683850.0], [275650.0, 2683850.0], [275750.0, 2683850.0], [275850.0, 2683850.0], [275950.0, 2683850.0], [276050.0, 2683650.0], [276050.0, 2683550.0], [276050.0, 2683450.0], [276050.0, 2683350.0], [276150.0, 2683250.0], [276250.0, 2683150.0], [276350.0, 2683050.0], [276450.0, 2683050.0]]}, "properties": {"point_id": 2, "emergency": "snakebite", "season": "flood0708", "kind": "backup", "facility_cat": 18, "facility_name": "Katiyadi Upazilla Health Complex", "minutes": 56.0}}, {"type": "Feature", "geometry": {"type": "LineString", "coordinates": [[341650.0, 2742950.0], [341550.0, 2743050.0], [341450.0, 2742950.0], [341450.0, 2742850.0], [341350.0, 2742650.0], [341350.0, 2742550.0], [341450.0, 2742350.0], [341550.0, 2742250.0], [341750.0, 2742150.0], [341850.0, 2742050.0], [341950.0, 2741950.0], [342050.0, 2741850.0], [342150.0, 2741750.0], [342350.0, 2741650.0], [342550.0, 2741550.0], [342650.0, 2741450.0], [342750.0, 2741350.0], [342850.0, 2741250.0], [342950.0, 2741150.0], [343050.0, 2741050.0], [343150.0, 2740950.0], [343250.0, 2740850.0], [343350.0, 2740750.0], [343450.0, 2740650.0], [343550.0, 2740550.0], [343750.0, 2740650.0], [343950.0, 2740750.0], [344050.0, 2740750.0], [344250.0, 2740850.0], [344450.0, 2740950.0], [344650.0, 2741050.0], [344750.0, 2741150.0], [344850.0, 2741150.0], [344950.0, 2741150.0], [345050.0, 2741150.0], [345150.0, 2741150.0], [345250.0, 2741150.0], [345350.0, 2741150.0], [345450.0, 2741150.0], [345550.0, 2741150.0], [345650.0, 2741150.0], [345750.0, 2741150.0], [345850.0, 2741150.0], [345950.0, 2741150.0], [346150.0, 2741050.0], [346250.0, 2741050.0], [346350.0, 2741050.0], [346550.0, 2740950.0], [346650.0, 2740950.0], [346850.0, 2740850.0], [346950.0, 2740850.0], [347050.0, 2740850.0], [347150.0, 2740850.0], [347250.0, 2740850.0], [347350.0, 2740850.0], [347450.0, 2740850.0], [347550.0, 2740750.0], [347650.0, 2740650.0], [347750.0, 2740550.0], [347850.0, 2740450.0], [347950.0, 2740350.0], [348050.0, 2740250.0], [348150.0, 2740150.0], [348350.0, 2740050.0], [348450.0, 2739950.0], [348650.0, 2739850.0], [348850.0, 2739750.0], [348950.0, 2739750.0], [349050.0, 2739750.0], [349150.0, 2739750.0], [349350.0, 2739650.0], [349450.0, 2739650.0], [349550.0, 2739650.0], [349650.0, 2739750.0], [349750.0, 2739850.0], [349850.0, 2739850.0], [350050.0, 2739750.0], [350250.0, 2739650.0], [350350.0, 2739550.0], [350550.0, 2739650.0], [350650.0, 2739550.0], [350750.0, 2739450.0], [350950.0, 2739550.0], [351150.0, 2739650.0], [351350.0, 2739750.0], [351450.0, 2739750.0], [351650.0, 2739850.0], [351750.0, 2739850.0], [351850.0, 2739850.0], [351950.0, 2739850.0], [352050.0, 2739850.0], [352250.0, 2739950.0], [352350.0, 2739950.0], [352450.0, 2739950.0], [352650.0, 2740050.0], [352750.0, 2740050.0], [352950.0, 2740150.0], [353050.0, 2740150.0], [353150.0, 2740150.0], [353250.0, 2740150.0], [353350.0, 2740150.0], [353450.0, 2740150.0], [353550.0, 2740150.0], [353650.0, 2740250.0], [353650.0, 2740350.0], [353750.0, 2740450.0], [353950.0, 2740550.0], [354050.0, 2740650.0], [354150.0, 2740750.0], [354250.0, 2740850.0], [354350.0, 2740950.0], [354450.0, 2741050.0], [354450.0, 2741150.0], [354550.0, 2741250.0], [354650.0, 2741250.0], [354750.0, 2741250.0]]}, "properties": {"point_id": 3, "emergency": "injury_drowning", "season": "dry", "kind": "primary", "facility_cat": 27, "facility_name": "Jagannathpur Upazila Health Complex", "minutes": 59.0}}, {"type": "Feature", "geometry": {"type": "LineString", "coordinates": [[341650.0, 2742950.0], [341550.0, 2743050.0], [341450.0, 2743150.0], [341550.0, 2743250.0], [341650.0, 2743350.0], [341750.0, 2743350.0], [341850.0, 2743450.0], [341850.0, 2743550.0], [341950.0, 2743750.0], [341950.0, 2743850.0], [341950.0, 2743950.0], [342050.0, 2744150.0], [342050.0, 2744250.0], [342050.0, 2744350.0], [342150.0, 2744550.0], [342250.0, 2744750.0], [342250.0, 2744850.0], [342250.0, 2744950.0], [342250.0, 2745050.0], [342250.0, 2745150.0], [342150.0, 2745350.0], [342150.0, 2745450.0], [342150.0, 2745550.0], [342150.0, 2745650.0], [342150.0, 2745750.0], [342150.0, 2745850.0], [342050.0, 2746050.0], [341950.0, 2746250.0], [341850.0, 2746450.0], [341850.0, 2746550.0], [341850.0, 2746650.0], [341750.0, 2746750.0], [341650.0, 2746750.0], [341550.0, 2746750.0], [341450.0, 2746850.0], [341450.0, 2746950.0], [341450.0, 2747050.0], [341450.0, 2747150.0], [341350.0, 2747250.0], [341250.0, 2747350.0], [341250.0, 2747450.0], [341250.0, 2747550.0], [341350.0, 2747650.0], [341450.0, 2747750.0], [341350.0, 2747850.0], [341250.0, 2747950.0], [341250.0, 2748050.0], [341250.0, 2748150.0], [341250.0, 2748250.0], [341350.0, 2748450.0], [341450.0, 2748650.0], [341350.0, 2748750.0], [341250.0, 2748850.0], [341150.0, 2748950.0], [341150.0, 2749050.0], [341150.0, 2749150.0], [341150.0, 2749250.0], [341150.0, 2749350.0], [341150.0, 2749450.0], [341250.0, 2749650.0], [341150.0, 2749850.0], [341050.0, 2749950.0], [341050.0, 2750050.0], [340950.0, 2750250.0], [340950.0, 2750350.0], [340950.0, 2750450.0], [341050.0, 2750650.0], [341150.0, 2750850.0], [341150.0, 2750950.0], [341150.0, 2751050.0], [341250.0, 2751250.0], [341350.0, 2751450.0], [341350.0, 2751550.0], [341350.0, 2751650.0], [341350.0, 2751750.0], [341350.0, 2751850.0], [341350.0, 2751950.0], [341350.0, 2752050.0], [341350.0, 2752150.0], [341250.0, 2752250.0], [341150.0, 2752350.0], [341050.0, 2752450.0], [340950.0, 2752550.0], [340850.0, 2752650.0], [340750.0, 2752850.0], [340750.0, 2752950.0], [340750.0, 2753050.0], [340850.0, 2753250.0], [340850.0, 2753350.0], [340850.0, 2753450.0], [340850.0, 2753550.0], [340850.0, 2753650.0], [340850.0, 2753750.0], [340850.0, 2753850.0], [340850.0, 2753950.0], [340750.0, 2754150.0], [340750.0, 2754250.0], [340750.0, 2754350.0], [340850.0, 2754550.0], [340850.0, 2754650.0], [340850.0, 2754750.0], [340850.0, 2754850.0], [340850.0, 2754950.0], [340850.0, 2755050.0], [340850.0, 2755150.0], [340850.0, 2755250.0], [340850.0, 2755350.0], [340750.0, 2755550.0], [340650.0, 2755750.0], [340550.0, 2755850.0], [340650.0, 2756050.0], [340750.0, 2756250.0], [340850.0, 2756450.0], [340950.0, 2756550.0], [341050.0, 2756650.0], [341150.0, 2756750.0], [341250.0, 2756850.0], [341350.0, 2756950.0], [341450.0, 2757050.0], [341650.0, 2757150.0], [341750.0, 2757150.0], [341850.0, 2757150.0], [341950.0, 2757150.0], [342150.0, 2757250.0], [342250.0, 2757250.0], [342350.0, 2757250.0], [342450.0, 2757250.0], [342550.0, 2757250.0], [342650.0, 2757250.0], [342750.0, 2757250.0], [342850.0, 2757250.0], [342950.0, 2757250.0], [343050.0, 2757250.0], [343150.0, 2757250.0], [343250.0, 2757350.0], [343250.0, 2757450.0], [343250.0, 2757550.0], [343250.0, 2757650.0], [343250.0, 2757750.0], [343250.0, 2757850.0], [343150.0, 2757950.0], [342950.0, 2758050.0], [342750.0, 2758150.0], [342650.0, 2758250.0], [342450.0, 2758350.0], [342350.0, 2758450.0], [342250.0, 2758550.0], [342050.0, 2758650.0], [341950.0, 2758750.0], [341850.0, 2758850.0], [341650.0, 2758950.0], [341450.0, 2759050.0], [341350.0, 2759050.0], [341250.0, 2759050.0], [341050.0, 2759150.0], [340950.0, 2759150.0], [340850.0, 2759150.0], [340750.0, 2759150.0], [340650.0, 2759150.0], [340550.0, 2759150.0], [340450.0, 2759150.0], [340350.0, 2759150.0], [340250.0, 2759150.0], [340150.0, 2759150.0], [340050.0, 2759150.0], [339950.0, 2759150.0], [339850.0, 2759150.0], [339750.0, 2759150.0], [339650.0, 2759150.0], [339550.0, 2759150.0], [339350.0, 2759250.0], [339250.0, 2759250.0], [339150.0, 2759250.0], [338950.0, 2759350.0], [338850.0, 2759350.0], [338750.0, 2759350.0], [338650.0, 2759450.0], [338550.0, 2759550.0], [338450.0, 2759650.0], [338350.0, 2759850.0], [338350.0, 2759950.0], [338450.0, 2760150.0], [338350.0, 2760350.0], [338350.0, 2760450.0], [338350.0, 2760550.0], [338250.0, 2760750.0], [338250.0, 2760850.0], [338150.0, 2761050.0], [338250.0, 2761250.0], [338250.0, 2761350.0], [338250.0, 2761450.0], [338250.0, 2761550.0], [338250.0, 2761650.0], [338150.0, 2761850.0], [338050.0, 2761950.0], [337950.0, 2762150.0], [337850.0, 2762250.0], [337850.0, 2762350.0], [337850.0, 2762450.0], [337750.0, 2762650.0], [337750.0, 2762750.0], [337750.0, 2762850.0], [337750.0, 2762950.0], [337750.0, 2763050.0], [337750.0, 2763150.0], [337750.0, 2763250.0], [337750.0, 2763350.0], [337850.0, 2763550.0], [337850.0, 2763650.0], [337850.0, 2763750.0], [337850.0, 2763850.0], [337750.0, 2764050.0], [337650.0, 2764250.0], [337550.0, 2764350.0], [337550.0, 2764450.0], [337550.0, 2764550.0], [337550.0, 2764650.0], [337550.0, 2764750.0], [337450.0, 2764850.0], [337350.0, 2764950.0], [337250.0, 2765050.0], [337150.0, 2765150.0], [337150.0, 2765250.0], [337050.0, 2765450.0], [336950.0, 2765650.0], [336850.0, 2765850.0], [336750.0, 2766050.0], [336650.0, 2766150.0], [336550.0, 2766250.0], [336450.0, 2766350.0], [336450.0, 2766450.0], [336450.0, 2766550.0], [336350.0, 2766750.0], [336350.0, 2766850.0], [336450.0, 2767050.0], [336450.0, 2767150.0], [336550.0, 2767350.0], [336650.0, 2767550.0], [336750.0, 2767750.0], [336850.0, 2767950.0], [336950.0, 2768150.0], [337050.0, 2768350.0], [337050.0, 2768450.0], [337050.0, 2768550.0], [337150.0, 2768750.0], [337150.0, 2768850.0], [337250.0, 2769050.0], [337250.0, 2769150.0], [337250.0, 2769250.0], [337250.0, 2769350.0], [337250.0, 2769450.0], [337250.0, 2769550.0], [337250.0, 2769650.0], [337250.0, 2769750.0], [337250.0, 2769850.0], [337250.0, 2769950.0], [337250.0, 2770050.0], [337250.0, 2770150.0], [337350.0, 2770350.0], [337350.0, 2770450.0], [337450.0, 2770650.0], [337450.0, 2770750.0], [337450.0, 2770850.0], [337450.0, 2770950.0], [337450.0, 2771050.0], [337450.0, 2771150.0], [337450.0, 2771250.0], [337450.0, 2771350.0], [337450.0, 2771450.0], [337550.0, 2771650.0], [337550.0, 2771750.0], [337550.0, 2771850.0], [337550.0, 2771950.0], [337550.0, 2772050.0], [337550.0, 2772150.0], [337550.0, 2772250.0], [337650.0, 2772450.0], [337650.0, 2772550.0], [337750.0, 2772750.0], [337850.0, 2772950.0], [337950.0, 2773150.0], [338050.0, 2773350.0], [338150.0, 2773450.0], [338250.0, 2773550.0], [338350.0, 2773650.0], [338450.0, 2773750.0], [338650.0, 2773850.0], [338750.0, 2773850.0], [338950.0, 2773750.0], [339050.0, 2773750.0], [339150.0, 2773750.0], [339250.0, 2773750.0], [339350.0, 2773750.0], [339450.0, 2773650.0], [339550.0, 2773450.0], [339650.0, 2773250.0], [339650.0, 2773150.0]]}, "properties": {"point_id": 3, "emergency": "injury_drowning", "season": "dry", "kind": "backup", "facility_cat": 9, "facility_name": "Sunamganj General Hospital", "minutes": 100.0}}, {"type": "Feature", "geometry": {"type": "LineString", "coordinates": [[341650.0, 2742950.0], [341550.0, 2743050.0], [341450.0, 2742950.0], [341450.0, 2742850.0], [341350.0, 2742650.0], [341350.0, 2742550.0], [341450.0, 2742350.0], [341550.0, 2742250.0], [341750.0, 2742150.0], [341850.0, 2742050.0], [341950.0, 2741950.0], [342050.0, 2741850.0], [342150.0, 2741750.0], [342350.0, 2741650.0], [342550.0, 2741550.0], [342650.0, 2741450.0], [342750.0, 2741350.0], [342850.0, 2741250.0], [342950.0, 2741150.0], [343050.0, 2741050.0], [343150.0, 2740950.0], [343250.0, 2740850.0], [343350.0, 2740750.0], [343450.0, 2740650.0], [343550.0, 2740550.0], [343750.0, 2740650.0], [343950.0, 2740750.0], [344050.0, 2740750.0], [344250.0, 2740850.0], [344450.0, 2740950.0], [344650.0, 2741050.0], [344750.0, 2741150.0], [344850.0, 2741150.0], [344950.0, 2741150.0], [345050.0, 2741150.0], [345150.0, 2741150.0], [345250.0, 2741150.0], [345350.0, 2741150.0], [345450.0, 2741150.0], [345550.0, 2741150.0], [345650.0, 2741150.0], [345750.0, 2741150.0], [345850.0, 2741150.0], [345950.0, 2741150.0], [346150.0, 2741050.0], [346250.0, 2741050.0], [346350.0, 2741050.0], [346550.0, 2740950.0], [346650.0, 2740950.0], [346850.0, 2740850.0], [346950.0, 2740850.0], [347050.0, 2740850.0], [347150.0, 2740850.0], [347250.0, 2740850.0], [347350.0, 2740850.0], [347450.0, 2740850.0], [347550.0, 2740750.0], [347650.0, 2740650.0], [347750.0, 2740550.0], [347850.0, 2740450.0], [347950.0, 2740350.0], [348050.0, 2740250.0], [348150.0, 2740150.0], [348350.0, 2740050.0], [348450.0, 2739950.0], [348650.0, 2739850.0], [348850.0, 2739750.0], [348950.0, 2739750.0], [349050.0, 2739750.0], [349150.0, 2739750.0], [349350.0, 2739650.0], [349450.0, 2739650.0], [349550.0, 2739650.0], [349650.0, 2739750.0], [349750.0, 2739850.0], [349850.0, 2739850.0], [350050.0, 2739750.0], [350250.0, 2739650.0], [350350.0, 2739550.0], [350550.0, 2739650.0], [350650.0, 2739550.0], [350750.0, 2739450.0], [350950.0, 2739550.0], [351150.0, 2739650.0], [351350.0, 2739750.0], [351450.0, 2739750.0], [351650.0, 2739850.0], [351750.0, 2739850.0], [351850.0, 2739850.0], [351950.0, 2739850.0], [352050.0, 2739850.0], [352250.0, 2739950.0], [352350.0, 2739950.0], [352450.0, 2739950.0], [352650.0, 2740050.0], [352750.0, 2740050.0], [352950.0, 2740150.0], [353050.0, 2740150.0], [353150.0, 2740150.0], [353250.0, 2740150.0], [353350.0, 2740150.0], [353450.0, 2740150.0], [353550.0, 2740150.0], [353650.0, 2740250.0], [353650.0, 2740350.0], [353750.0, 2740450.0], [353950.0, 2740550.0], [354050.0, 2740650.0], [354150.0, 2740750.0], [354250.0, 2740850.0], [354350.0, 2740950.0], [354450.0, 2741050.0], [354450.0, 2741150.0], [354550.0, 2741250.0], [354650.0, 2741250.0], [354750.0, 2741250.0]]}, "properties": {"point_id": 3, "emergency": "injury_drowning", "season": "flood0708", "kind": "primary", "facility_cat": 27, "facility_name": "Jagannathpur Upazila Health Complex", "minutes": 59.0}}, {"type": "Feature", "geometry": {"type": "LineString", "coordinates": [[341650.0, 2742950.0], [341550.0, 2743050.0], [341450.0, 2743150.0], [341550.0, 2743250.0], [341650.0, 2743350.0], [341750.0, 2743350.0], [341850.0, 2743450.0], [341850.0, 2743550.0], [341950.0, 2743750.0], [341950.0, 2743850.0], [341950.0, 2743950.0], [342050.0, 2744150.0], [342050.0, 2744250.0], [342050.0, 2744350.0], [342150.0, 2744550.0], [342250.0, 2744750.0], [342250.0, 2744850.0], [342250.0, 2744950.0], [342250.0, 2745050.0], [342250.0, 2745150.0], [342150.0, 2745350.0], [342150.0, 2745450.0], [342150.0, 2745550.0], [342150.0, 2745650.0], [342150.0, 2745750.0], [342150.0, 2745850.0], [342050.0, 2746050.0], [341950.0, 2746250.0], [341850.0, 2746450.0], [341850.0, 2746550.0], [341850.0, 2746650.0], [341750.0, 2746750.0], [341650.0, 2746750.0], [341550.0, 2746750.0], [341450.0, 2746850.0], [341450.0, 2746950.0], [341450.0, 2747050.0], [341450.0, 2747150.0], [341350.0, 2747250.0], [341250.0, 2747350.0], [341250.0, 2747450.0], [341250.0, 2747550.0], [341350.0, 2747650.0], [341450.0, 2747750.0], [341350.0, 2747850.0], [341250.0, 2747950.0], [341250.0, 2748050.0], [341250.0, 2748150.0], [341250.0, 2748250.0], [341350.0, 2748450.0], [341450.0, 2748650.0], [341350.0, 2748750.0], [341250.0, 2748850.0], [341150.0, 2748950.0], [341150.0, 2749050.0], [341150.0, 2749150.0], [341150.0, 2749250.0], [341150.0, 2749350.0], [341150.0, 2749450.0], [341250.0, 2749650.0], [341150.0, 2749850.0], [341050.0, 2749950.0], [341050.0, 2750050.0], [340950.0, 2750250.0], [340950.0, 2750350.0], [340950.0, 2750450.0], [341050.0, 2750650.0], [341150.0, 2750850.0], [341150.0, 2750950.0], [341150.0, 2751050.0], [341250.0, 2751250.0], [341350.0, 2751450.0], [341350.0, 2751550.0], [341350.0, 2751650.0], [341350.0, 2751750.0], [341350.0, 2751850.0], [341350.0, 2751950.0], [341350.0, 2752050.0], [341350.0, 2752150.0], [341250.0, 2752250.0], [341150.0, 2752350.0], [341050.0, 2752450.0], [340950.0, 2752550.0], [340850.0, 2752650.0], [340750.0, 2752850.0], [340750.0, 2752950.0], [340750.0, 2753050.0], [340850.0, 2753250.0], [340850.0, 2753350.0], [340850.0, 2753450.0], [340850.0, 2753550.0], [340850.0, 2753650.0], [340850.0, 2753750.0], [340850.0, 2753850.0], [340850.0, 2753950.0], [340750.0, 2754150.0], [340750.0, 2754250.0], [340750.0, 2754350.0], [340850.0, 2754550.0], [340850.0, 2754650.0], [340850.0, 2754750.0], [340850.0, 2754850.0], [340850.0, 2754950.0], [340850.0, 2755050.0], [340850.0, 2755150.0], [340850.0, 2755250.0], [340850.0, 2755350.0], [340750.0, 2755550.0], [340650.0, 2755750.0], [340550.0, 2755850.0], [340650.0, 2756050.0], [340750.0, 2756250.0], [340850.0, 2756450.0], [340950.0, 2756550.0], [341050.0, 2756650.0], [341150.0, 2756750.0], [341250.0, 2756850.0], [341350.0, 2756950.0], [341450.0, 2757050.0], [341650.0, 2757150.0], [341750.0, 2757150.0], [341850.0, 2757150.0], [341950.0, 2757150.0], [342150.0, 2757250.0], [342250.0, 2757250.0], [342350.0, 2757250.0], [342450.0, 2757250.0], [342550.0, 2757250.0], [342650.0, 2757250.0], [342750.0, 2757250.0], [342850.0, 2757250.0], [342950.0, 2757250.0], [343050.0, 2757250.0], [343150.0, 2757250.0], [343250.0, 2757350.0], [343250.0, 2757450.0], [343250.0, 2757550.0], [343250.0, 2757650.0], [343250.0, 2757750.0], [343250.0, 2757850.0], [343150.0, 2757950.0], [342950.0, 2758050.0], [342750.0, 2758150.0], [342650.0, 2758250.0], [342450.0, 2758350.0], [342350.0, 2758450.0], [342250.0, 2758550.0], [342050.0, 2758650.0], [341950.0, 2758750.0], [341850.0, 2758850.0], [341650.0, 2758950.0], [341450.0, 2759050.0], [341350.0, 2759050.0], [341250.0, 2759050.0], [341050.0, 2759150.0], [340950.0, 2759150.0], [340850.0, 2759150.0], [340750.0, 2759150.0], [340650.0, 2759150.0], [340550.0, 2759150.0], [340450.0, 2759150.0], [340350.0, 2759150.0], [340250.0, 2759150.0], [340150.0, 2759150.0], [340050.0, 2759150.0], [339950.0, 2759150.0], [339850.0, 2759150.0], [339750.0, 2759150.0], [339650.0, 2759150.0], [339550.0, 2759150.0], [339350.0, 2759250.0], [339250.0, 2759250.0], [339150.0, 2759250.0], [338950.0, 2759350.0], [338850.0, 2759350.0], [338750.0, 2759350.0], [338650.0, 2759450.0], [338550.0, 2759550.0], [338450.0, 2759650.0], [338350.0, 2759850.0], [338350.0, 2759950.0], [338450.0, 2760150.0], [338350.0, 2760350.0], [338350.0, 2760450.0], [338350.0, 2760550.0], [338250.0, 2760750.0], [338250.0, 2760850.0], [338150.0, 2761050.0], [338250.0, 2761250.0], [338250.0, 2761350.0], [338250.0, 2761450.0], [338250.0, 2761550.0], [338250.0, 2761650.0], [338150.0, 2761850.0], [338050.0, 2761950.0], [337950.0, 2762150.0], [337850.0, 2762250.0], [337850.0, 2762350.0], [337850.0, 2762450.0], [337750.0, 2762650.0], [337750.0, 2762750.0], [337750.0, 2762850.0], [337750.0, 2762950.0], [337750.0, 2763050.0], [337750.0, 2763150.0], [337750.0, 2763250.0], [337750.0, 2763350.0], [337850.0, 2763550.0], [337850.0, 2763650.0], [337850.0, 2763750.0], [337850.0, 2763850.0], [337750.0, 2764050.0], [337650.0, 2764150.0], [337550.0, 2764250.0], [337450.0, 2764150.0], [337350.0, 2764150.0], [337150.0, 2764250.0], [337050.0, 2764350.0], [336950.0, 2764550.0], [336950.0, 2764650.0], [337050.0, 2764850.0], [337050.0, 2764950.0], [337150.0, 2765050.0], [337150.0, 2765150.0], [337150.0, 2765250.0], [337050.0, 2765450.0], [336950.0, 2765650.0], [336850.0, 2765850.0], [336750.0, 2766050.0], [336650.0, 2766150.0], [336550.0, 2766250.0], [336450.0, 2766350.0], [336450.0, 2766450.0], [336450.0, 2766550.0], [336350.0, 2766750.0], [336350.0, 2766850.0], [336450.0, 2767050.0], [336450.0, 2767150.0], [336550.0, 2767350.0], [336650.0, 2767550.0], [336750.0, 2767750.0], [336850.0, 2767950.0], [336950.0, 2768150.0], [337050.0, 2768350.0], [337050.0, 2768450.0], [337050.0, 2768550.0], [337150.0, 2768750.0], [337150.0, 2768850.0], [337250.0, 2769050.0], [337250.0, 2769150.0], [337250.0, 2769250.0], [337250.0, 2769350.0], [337250.0, 2769450.0], [337250.0, 2769550.0], [337250.0, 2769650.0], [337250.0, 2769750.0], [337250.0, 2769850.0], [337250.0, 2769950.0], [337250.0, 2770050.0], [337250.0, 2770150.0], [337350.0, 2770350.0], [337350.0, 2770450.0], [337450.0, 2770650.0], [337450.0, 2770750.0], [337450.0, 2770850.0], [337450.0, 2770950.0], [337450.0, 2771050.0], [337450.0, 2771150.0], [337450.0, 2771250.0], [337450.0, 2771350.0], [337450.0, 2771450.0], [337550.0, 2771650.0], [337550.0, 2771750.0], [337550.0, 2771850.0], [337550.0, 2771950.0], [337550.0, 2772050.0], [337550.0, 2772150.0], [337550.0, 2772250.0], [337650.0, 2772450.0], [337650.0, 2772550.0], [337750.0, 2772750.0], [337850.0, 2772950.0], [337950.0, 2773150.0], [338050.0, 2773350.0], [338150.0, 2773450.0], [338250.0, 2773550.0], [338350.0, 2773650.0], [338450.0, 2773750.0], [338650.0, 2773850.0], [338750.0, 2773850.0], [338950.0, 2773750.0], [339050.0, 2773750.0], [339150.0, 2773750.0], [339250.0, 2773750.0], [339350.0, 2773750.0], [339450.0, 2773650.0], [339550.0, 2773450.0], [339650.0, 2773250.0], [339650.0, 2773150.0]]}, "properties": {"point_id": 3, "emergency": "injury_drowning", "season": "flood0708", "kind": "backup", "facility_cat": 9, "facility_name": "Sunamganj General Hospital", "minutes": 105.0}}, {"type": "Feature", "geometry": {"type": "LineString", "coordinates": [[384650.0, 2702450.0], [384550.0, 2702450.0], [384350.0, 2702350.0], [384250.0, 2702350.0], [384150.0, 2702350.0], [383950.0, 2702450.0], [383850.0, 2702550.0], [383750.0, 2702650.0], [383650.0, 2702650.0], [383550.0, 2702650.0], [383450.0, 2702650.0], [383350.0, 2702650.0], [383250.0, 2702650.0], [383150.0, 2702650.0], [382950.0, 2702750.0], [382850.0, 2702750.0], [382750.0, 2702750.0], [382650.0, 2702750.0], [382550.0, 2702750.0], [382350.0, 2702850.0], [382250.0, 2702850.0], [382150.0, 2702950.0], [382150.0, 2703050.0], [382050.0, 2703250.0], [382050.0, 2703350.0], [382050.0, 2703450.0], [382050.0, 2703550.0], [381950.0, 2703650.0], [381850.0, 2703650.0], [381750.0, 2703750.0], [381650.0, 2703850.0], [381550.0, 2703950.0], [381550.0, 2704050.0], [381450.0, 2704250.0], [381350.0, 2704450.0], [381250.0, 2704550.0], [381150.0, 2704750.0], [381050.0, 2704950.0], [381050.0, 2705050.0], [381050.0, 2705150.0], [381050.0, 2705250.0], [381050.0, 2705350.0], [381050.0, 2705450.0], [381050.0, 2705550.0], [380950.0, 2705750.0], [380950.0, 2705850.0], [380950.0, 2705950.0], [380950.0, 2706050.0], [380950.0, 2706150.0], [380950.0, 2706250.0], [380850.0, 2706450.0], [380750.0, 2706650.0], [380750.0, 2706750.0], [380650.0, 2706950.0], [380550.0, 2707150.0], [380450.0, 2707350.0], [380350.0, 2707550.0], [380250.0, 2707650.0], [380050.0, 2707750.0], [379950.0, 2707850.0], [379850.0, 2707950.0], [379750.0, 2708050.0], [379650.0, 2708150.0], [379450.0, 2708250.0], [379250.0, 2708350.0], [379050.0, 2708450.0], [378950.0, 2708450.0], [378750.0, 2708550.0], [378650.0, 2708550.0], [378450.0, 2708650.0], [378250.0, 2708750.0], [378150.0, 2708750.0], [377950.0, 2708850.0], [377750.0, 2708950.0], [377550.0, 2709050.0], [377350.0, 2709150.0], [377250.0, 2709150.0], [377150.0, 2709150.0], [377050.0, 2709150.0], [376950.0, 2709150.0], [376850.0, 2709150.0], [376750.0, 2709150.0], [376650.0, 2709150.0], [376550.0, 2709150.0], [376450.0, 2709150.0], [376350.0, 2709150.0], [376250.0, 2709150.0], [376150.0, 2709150.0], [376050.0, 2709150.0], [375950.0, 2709150.0], [375850.0, 2709150.0], [375750.0, 2709150.0], [375650.0, 2709050.0], [375550.0, 2708950.0]]}, "properties": {"point_id": 4, "emergency": "minor_illness", "season": "dry", "kind": "primary", "facility_cat": 90, "facility_name": "Matri Mangal Hospital", "minutes": 30.0}}, {"type": "Feature", "geometry": {"type": "LineString", "coordinates": [[384650.0, 2702450.0], [384550.0, 2702450.0], [384350.0, 2702350.0], [384250.0, 2702350.0], [384150.0, 2702350.0], [383950.0, 2702450.0], [383850.0, 2702550.0], [383750.0, 2702650.0], [383650.0, 2702650.0], [383550.0, 2702650.0], [383450.0, 2702650.0], [383350.0, 2702650.0], [383250.0, 2702650.0], [383150.0, 2702650.0], [382950.0, 2702750.0], [382850.0, 2702750.0], [382750.0, 2702750.0], [382650.0, 2702750.0], [382550.0, 2702750.0], [382350.0, 2702850.0], [382250.0, 2702850.0], [382150.0, 2702950.0], [382150.0, 2703050.0], [382050.0, 2703250.0], [382050.0, 2703350.0], [382050.0, 2703450.0], [382050.0, 2703550.0], [381950.0, 2703650.0], [381850.0, 2703650.0], [381750.0, 2703750.0], [381650.0, 2703850.0], [381550.0, 2703950.0], [381550.0, 2704050.0], [381450.0, 2704250.0], [381350.0, 2704450.0], [381250.0, 2704650.0], [381150.0, 2704750.0], [381050.0, 2704950.0], [381050.0, 2705050.0], [381050.0, 2705150.0], [381050.0, 2705250.0], [381050.0, 2705350.0], [381050.0, 2705450.0], [381050.0, 2705550.0], [380950.0, 2705750.0], [380950.0, 2705850.0], [380950.0, 2705950.0], [380950.0, 2706050.0], [380950.0, 2706150.0], [380950.0, 2706250.0], [380850.0, 2706450.0], [380750.0, 2706650.0], [380750.0, 2706750.0], [380650.0, 2706950.0], [380550.0, 2707150.0], [380450.0, 2707350.0], [380350.0, 2707550.0], [380250.0, 2707650.0], [380050.0, 2707750.0], [379950.0, 2707850.0], [379850.0, 2707950.0], [379750.0, 2708050.0], [379650.0, 2708150.0], [379450.0, 2708250.0], [379250.0, 2708350.0], [379050.0, 2708450.0], [378950.0, 2708450.0], [378750.0, 2708550.0], [378650.0, 2708550.0], [378450.0, 2708650.0], [378250.0, 2708750.0], [378150.0, 2708750.0], [377950.0, 2708850.0], [377750.0, 2708950.0], [377550.0, 2709050.0], [377350.0, 2709150.0], [377250.0, 2709150.0], [377150.0, 2709150.0], [377050.0, 2709150.0], [376950.0, 2709150.0], [376850.0, 2709150.0], [376750.0, 2709150.0], [376650.0, 2709150.0], [376550.0, 2709150.0], [376450.0, 2709150.0], [376350.0, 2709150.0], [376250.0, 2709150.0], [376150.0, 2709150.0], [376050.0, 2709050.0], [375950.0, 2708950.0], [375950.0, 2708850.0], [375950.0, 2708750.0], [375950.0, 2708650.0], [375850.0, 2708550.0], [375650.0, 2708650.0], [375550.0, 2708650.0], [375450.0, 2708650.0], [375350.0, 2708650.0], [375250.0, 2708650.0], [375050.0, 2708550.0], [374950.0, 2708450.0], [374950.0, 2708350.0]]}, "properties": {"point_id": 4, "emergency": "minor_illness", "season": "dry", "kind": "backup", "facility_cat": 94, "facility_name": "Life Line Hospital", "minutes": 32.0}}, {"type": "Feature", "geometry": {"type": "LineString", "coordinates": [[384650.0, 2702450.0], [384550.0, 2702450.0], [384350.0, 2702350.0], [384250.0, 2702250.0], [384150.0, 2702350.0], [384050.0, 2702450.0], [383950.0, 2702550.0], [383850.0, 2702650.0], [383750.0, 2702750.0], [383650.0, 2702750.0], [383550.0, 2702750.0], [383450.0, 2702650.0], [383350.0, 2702650.0], [383250.0, 2702650.0], [383150.0, 2702650.0], [382950.0, 2702750.0], [382850.0, 2702750.0], [382750.0, 2702750.0], [382650.0, 2702850.0], [382450.0, 2702950.0], [382350.0, 2702950.0], [382250.0, 2702850.0], [382150.0, 2702950.0], [382150.0, 2703050.0], [382050.0, 2703250.0], [382050.0, 2703350.0], [382050.0, 2703450.0], [382050.0, 2703550.0], [381950.0, 2703650.0], [381850.0, 2703650.0], [381750.0, 2703750.0], [381650.0, 2703850.0], [381550.0, 2703950.0], [381550.0, 2704050.0], [381450.0, 2704250.0], [381350.0, 2704450.0], [381250.0, 2704650.0], [381150.0, 2704750.0], [381050.0, 2704950.0], [381050.0, 2705050.0], [381050.0, 2705150.0], [381050.0, 2705250.0], [381050.0, 2705350.0], [381050.0, 2705450.0], [381050.0, 2705550.0], [380950.0, 2705750.0], [380950.0, 2705850.0], [380950.0, 2705950.0], [380950.0, 2706050.0], [380950.0, 2706150.0], [380950.0, 2706250.0], [380850.0, 2706450.0], [380750.0, 2706650.0], [380750.0, 2706750.0], [380650.0, 2706950.0], [380550.0, 2707150.0], [380450.0, 2707350.0], [380350.0, 2707550.0], [380250.0, 2707650.0], [380150.0, 2707750.0], [379950.0, 2707850.0], [379850.0, 2707950.0], [379750.0, 2708050.0], [379650.0, 2708150.0], [379450.0, 2708250.0], [379250.0, 2708350.0], [379050.0, 2708450.0], [378950.0, 2708450.0], [378750.0, 2708550.0], [378650.0, 2708550.0], [378450.0, 2708650.0], [378250.0, 2708750.0], [378150.0, 2708750.0], [377950.0, 2708850.0], [377750.0, 2708950.0], [377550.0, 2709050.0], [377350.0, 2709150.0], [377250.0, 2709150.0], [377150.0, 2709150.0], [377050.0, 2709150.0], [376950.0, 2709150.0], [376850.0, 2709150.0], [376750.0, 2709150.0], [376650.0, 2709150.0], [376550.0, 2709150.0], [376450.0, 2709150.0], [376350.0, 2709150.0], [376250.0, 2709150.0], [376150.0, 2709150.0], [376050.0, 2709150.0], [375950.0, 2709150.0], [375850.0, 2709150.0], [375750.0, 2709150.0], [375650.0, 2709050.0], [375550.0, 2708950.0]]}, "properties": {"point_id": 4, "emergency": "minor_illness", "season": "flood0708", "kind": "primary", "facility_cat": 90, "facility_name": "Matri Mangal Hospital", "minutes": 46.0}}, {"type": "Feature", "geometry": {"type": "LineString", "coordinates": [[384650.0, 2702450.0], [384550.0, 2702450.0], [384350.0, 2702350.0], [384250.0, 2702250.0], [384150.0, 2702350.0], [384050.0, 2702450.0], [383950.0, 2702550.0], [383850.0, 2702650.0], [383750.0, 2702750.0], [383650.0, 2702750.0], [383550.0, 2702750.0], [383450.0, 2702650.0], [383350.0, 2702650.0], [383250.0, 2702650.0], [383150.0, 2702650.0], [382950.0, 2702750.0], [382850.0, 2702750.0], [382750.0, 2702750.0], [382650.0, 2702850.0], [382450.0, 2702950.0], [382350.0, 2702950.0], [382250.0, 2702850.0], [382150.0, 2702950.0], [382150.0, 2703050.0], [382050.0, 2703250.0], [382050.0, 2703350.0], [382050.0, 2703450.0], [382050.0, 2703550.0], [381950.0, 2703650.0], [381850.0, 2703650.0], [381750.0, 2703750.0], [381650.0, 2703850.0], [381550.0, 2703950.0], [381550.0, 2704050.0], [381450.0, 2704250.0], [381350.0, 2704450.0], [381250.0, 2704650.0], [381150.0, 2704750.0], [381050.0, 2704950.0], [381050.0, 2705050.0], [381050.0, 2705150.0], [381050.0, 2705250.0], [381050.0, 2705350.0], [381050.0, 2705450.0], [381050.0, 2705550.0], [380950.0, 2705750.0], [380950.0, 2705850.0], [380950.0, 2705950.0], [380950.0, 2706050.0], [380950.0, 2706150.0], [380950.0, 2706250.0], [380850.0, 2706450.0], [380750.0, 2706650.0], [380750.0, 2706750.0], [380650.0, 2706950.0], [380550.0, 2707150.0], [380450.0, 2707350.0], [380350.0, 2707550.0], [380250.0, 2707650.0], [380150.0, 2707750.0], [379950.0, 2707850.0], [379850.0, 2707950.0], [379750.0, 2708050.0], [379650.0, 2708150.0], [379450.0, 2708250.0], [379250.0, 2708350.0], [379050.0, 2708450.0], [378950.0, 2708450.0], [378750.0, 2708550.0], [378650.0, 2708550.0], [378450.0, 2708650.0], [378250.0, 2708750.0], [378150.0, 2708750.0], [377950.0, 2708850.0], [377750.0, 2708950.0], [377550.0, 2709050.0], [377350.0, 2709150.0], [377250.0, 2709150.0], [377150.0, 2709150.0], [377050.0, 2709150.0], [376950.0, 2709150.0], [376850.0, 2709150.0], [376750.0, 2709150.0], [376650.0, 2709150.0], [376550.0, 2709150.0], [376450.0, 2709150.0], [376350.0, 2709150.0], [376250.0, 2709150.0], [376150.0, 2709150.0], [376050.0, 2709050.0], [375950.0, 2708950.0], [375950.0, 2708850.0], [375950.0, 2708750.0], [375950.0, 2708650.0], [375850.0, 2708550.0], [375650.0, 2708650.0], [375550.0, 2708650.0], [375450.0, 2708650.0], [375350.0, 2708650.0], [375250.0, 2708650.0], [375050.0, 2708550.0], [374950.0, 2708450.0], [374950.0, 2708350.0]]}, "properties": {"point_id": 4, "emergency": "minor_illness", "season": "flood0708", "kind": "backup", "facility_cat": 94, "facility_name": "Life Line Hospital", "minutes": 47.0}}, {"type": "Feature", "geometry": {"type": "LineString", "coordinates": [[278950.0, 2705350.0], [279050.0, 2705350.0], [279150.0, 2705250.0], [279150.0, 2705150.0], [279150.0, 2705050.0], [279150.0, 2704950.0], [279150.0, 2704850.0], [279150.0, 2704750.0], [279250.0, 2704650.0], [279450.0, 2704750.0], [279650.0, 2704850.0], [279750.0, 2704950.0], [279950.0, 2705050.0], [280050.0, 2705050.0], [280150.0, 2705050.0], [280250.0, 2705050.0], [280350.0, 2705050.0], [280450.0, 2705050.0], [280550.0, 2705050.0], [280650.0, 2705050.0], [280750.0, 2705050.0], [280850.0, 2705050.0], [280950.0, 2705050.0], [281050.0, 2705050.0], [281250.0, 2704950.0], [281350.0, 2704950.0], [281450.0, 2704950.0], [281650.0, 2705050.0], [281750.0, 2705050.0], [281850.0, 2705050.0], [281950.0, 2705050.0], [282050.0, 2705050.0], [282150.0, 2705050.0], [282250.0, 2705150.0], [282350.0, 2705250.0], [282450.0, 2705350.0], [282550.0, 2705450.0], [282650.0, 2705450.0]]}, "properties": {"point_id": 5, "emergency": "childbirth_complication", "season": "dry", "kind": "primary", "facility_cat": 7, "facility_name": "OSM 13846497403 (bangla name)", "minutes": 14.0}}, {"type": "Feature", "geometry": {"type": "LineString", "coordinates": [[278950.0, 2705350.0], [279050.0, 2705350.0], [279150.0, 2705250.0], [279150.0, 2705150.0], [279150.0, 2705050.0], [279150.0, 2704950.0], [279150.0, 2704850.0], [279150.0, 2704750.0], [279150.0, 2704650.0], [279050.0, 2704550.0], [278950.0, 2704550.0], [278750.0, 2704450.0], [278650.0, 2704450.0], [278450.0, 2704350.0], [278350.0, 2704350.0], [278150.0, 2704250.0], [278050.0, 2704250.0], [277850.0, 2704150.0], [277750.0, 2704150.0], [277650.0, 2704150.0], [277550.0, 2704150.0], [277450.0, 2704150.0], [277350.0, 2704150.0], [277250.0, 2704150.0], [277150.0, 2704150.0], [277050.0, 2704150.0], [276950.0, 2704150.0], [276850.0, 2704150.0], [276650.0, 2704050.0], [276550.0, 2704050.0], [276450.0, 2704050.0], [276350.0, 2704050.0], [276150.0, 2703950.0], [276050.0, 2703950.0], [275950.0, 2703950.0], [275850.0, 2703950.0], [275750.0, 2703950.0], [275650.0, 2703950.0], [275450.0, 2704050.0], [275350.0, 2704150.0], [275250.0, 2704250.0], [275150.0, 2704350.0], [275050.0, 2704450.0], [274950.0, 2704550.0], [274850.0, 2704650.0], [274750.0, 2704750.0], [274650.0, 2704950.0], [274650.0, 2705050.0], [274650.0, 2705150.0], [274550.0, 2705150.0]]}, "properties": {"point_id": 5, "emergency": "childbirth_complication", "season": "dry", "kind": "backup", "facility_cat": 8, "facility_name": "OSM 8311261 (bangla name)", "minutes": 17.0}}, {"type": "Feature", "geometry": {"type": "LineString", "coordinates": [[278950.0, 2705350.0], [279050.0, 2705350.0], [279150.0, 2705250.0], [279150.0, 2705150.0], [279150.0, 2705050.0], [279150.0, 2704950.0], [279150.0, 2704850.0], [279150.0, 2704750.0], [279250.0, 2704650.0], [279450.0, 2704750.0], [279650.0, 2704850.0], [279750.0, 2704950.0], [279950.0, 2705050.0], [280050.0, 2705050.0], [280150.0, 2705050.0], [280250.0, 2705050.0], [280350.0, 2705050.0], [280450.0, 2705050.0], [280550.0, 2705050.0], [280650.0, 2705050.0], [280750.0, 2705050.0], [280850.0, 2705050.0], [280950.0, 2705050.0], [281050.0, 2705050.0], [281250.0, 2704950.0], [281350.0, 2704950.0], [281450.0, 2704950.0], [281650.0, 2705050.0], [281750.0, 2705050.0], [281850.0, 2705050.0], [281950.0, 2705050.0], [282050.0, 2705050.0], [282150.0, 2705050.0], [282250.0, 2705150.0], [282350.0, 2705250.0], [282450.0, 2705350.0], [282550.0, 2705450.0], [282650.0, 2705450.0]]}, "properties": {"point_id": 5, "emergency": "childbirth_complication", "season": "flood0708", "kind": "primary", "facility_cat": 7, "facility_name": "OSM 13846497403 (bangla name)", "minutes": 14.0}}, {"type": "Feature", "geometry": {"type": "LineString", "coordinates": [[278950.0, 2705350.0], [279050.0, 2705350.0], [279150.0, 2705250.0], [279150.0, 2705150.0], [279150.0, 2705050.0], [279150.0, 2704950.0], [279150.0, 2704850.0], [279150.0, 2704750.0], [279150.0, 2704650.0], [279050.0, 2704550.0], [278950.0, 2704550.0], [278750.0, 2704450.0], [278650.0, 2704450.0], [278450.0, 2704350.0], [278350.0, 2704350.0], [278150.0, 2704250.0], [278050.0, 2704250.0], [277850.0, 2704150.0], [277750.0, 2704150.0], [277650.0, 2704150.0], [277550.0, 2704150.0], [277450.0, 2704150.0], [277350.0, 2704150.0], [277250.0, 2704150.0], [277150.0, 2704150.0], [277050.0, 2704150.0], [276950.0, 2704150.0], [276850.0, 2704150.0], [276650.0, 2704050.0], [276550.0, 2704050.0], [276450.0, 2704050.0], [276350.0, 2704050.0], [276150.0, 2703950.0], [276050.0, 2703950.0], [275950.0, 2703950.0], [275850.0, 2703950.0], [275750.0, 2703950.0], [275650.0, 2703950.0], [275450.0, 2704050.0], [275350.0, 2704150.0], [275250.0, 2704250.0], [275150.0, 2704350.0], [275050.0, 2704450.0], [274950.0, 2704550.0], [274850.0, 2704650.0], [274750.0, 2704750.0], [274650.0, 2704950.0], [274650.0, 2705050.0], [274650.0, 2705150.0], [274550.0, 2705150.0]]}, "properties": {"point_id": 5, "emergency": "childbirth_complication", "season": "flood0708", "kind": "backup", "facility_cat": 8, "facility_name": "OSM 8311261 (bangla name)", "minutes": 17.0}}, {"type": "Feature", "geometry": {"type": "LineString", "coordinates": [[365250.0, 2678650.0], [365350.0, 2678650.0], [365450.0, 2678550.0], [365550.0, 2678350.0], [365650.0, 2678150.0], [365750.0, 2678150.0], [365850.0, 2678150.0], [365950.0, 2678150.0], [366050.0, 2678150.0], [366150.0, 2678150.0], [366250.0, 2678150.0], [366350.0, 2678150.0], [366450.0, 2678150.0], [366550.0, 2678150.0], [366650.0, 2678150.0], [366750.0, 2678150.0], [366950.0, 2678250.0], [367150.0, 2678350.0], [367250.0, 2678350.0], [367350.0, 2678350.0], [367450.0, 2678350.0], [367550.0, 2678350.0], [367650.0, 2678350.0], [367750.0, 2678350.0], [367850.0, 2678350.0], [367950.0, 2678350.0], [368050.0, 2678350.0], [368150.0, 2678350.0], [368250.0, 2678350.0], [368350.0, 2678350.0], [368550.0, 2678450.0], [368750.0, 2678550.0], [368850.0, 2678550.0], [368950.0, 2678650.0], [368950.0, 2678750.0], [368950.0, 2678850.0], [368950.0, 2678950.0], [368950.0, 2679050.0], [368950.0, 2679150.0], [368850.0, 2679350.0], [368850.0, 2679450.0], [368850.0, 2679550.0], [368850.0, 2679650.0], [368850.0, 2679750.0], [368850.0, 2679850.0], [368750.0, 2680050.0], [368650.0, 2680250.0], [368550.0, 2680350.0], [368450.0, 2680450.0], [368350.0, 2680650.0], [368250.0, 2680850.0], [368250.0, 2680950.0], [368150.0, 2681150.0], [368150.0, 2681250.0], [368050.0, 2681450.0], [368050.0, 2681550.0], [367950.0, 2681750.0], [367950.0, 2681850.0], [367850.0, 2682050.0], [367850.0, 2682150.0], [367750.0, 2682350.0], [367850.0, 2682450.0], [367950.0, 2682550.0], [368050.0, 2682650.0], [368150.0, 2682750.0], [368350.0, 2682850.0], [368450.0, 2682950.0], [368550.0, 2683050.0], [368650.0, 2683150.0], [368850.0, 2683250.0], [368950.0, 2683350.0], [369050.0, 2683450.0], [369150.0, 2683550.0], [369250.0, 2683650.0], [369350.0, 2683750.0], [369450.0, 2683850.0], [369550.0, 2683950.0], [369650.0, 2684050.0], [369750.0, 2684150.0], [369850.0, 2684250.0], [369950.0, 2684350.0], [369950.0, 2684450.0], [369950.0, 2684550.0], [369950.0, 2684650.0], [370050.0, 2684850.0], [370050.0, 2684950.0], [370150.0, 2685150.0], [370250.0, 2685350.0], [370250.0, 2685450.0], [370350.0, 2685650.0], [370350.0, 2685750.0], [370350.0, 2685850.0], [370350.0, 2685950.0], [370350.0, 2686050.0], [370350.0, 2686150.0], [370350.0, 2686250.0], [370350.0, 2686350.0], [370450.0, 2686550.0], [370450.0, 2686650.0], [370450.0, 2686750.0], [370550.0, 2686950.0], [370550.0, 2687050.0], [370550.0, 2687150.0], [370650.0, 2687350.0], [370650.0, 2687450.0], [370750.0, 2687650.0], [370850.0, 2687850.0], [370850.0, 2687950.0], [370950.0, 2688150.0], [370950.0, 2688250.0], [371050.0, 2688350.0], [371150.0, 2688350.0], [371350.0, 2688450.0], [371450.0, 2688450.0], [371550.0, 2688350.0], [371650.0, 2688250.0], [371750.0, 2688150.0]]}, "properties": {"point_id": 6, "emergency": "snakebite", "season": "dry", "kind": "primary", "facility_cat": 35, "facility_name": "Sreemangal Upazila Health Complex", "minutes": 60.0}}, {"type": "Feature", "geometry": {"type": "LineString", "coordinates": [[365250.0, 2678650.0], [365350.0, 2678650.0], [365450.0, 2678550.0], [365550.0, 2678350.0], [365650.0, 2678150.0], [365750.0, 2678150.0], [365850.0, 2678150.0], [365950.0, 2678150.0], [366050.0, 2678150.0], [366150.0, 2678150.0], [366250.0, 2678150.0], [366350.0, 2678150.0], [366450.0, 2678150.0], [366550.0, 2678150.0], [366650.0, 2678150.0], [366750.0, 2678150.0], [366950.0, 2678250.0], [367150.0, 2678350.0], [367250.0, 2678350.0], [367350.0, 2678350.0], [367450.0, 2678350.0], [367550.0, 2678350.0], [367650.0, 2678350.0], [367750.0, 2678350.0], [367850.0, 2678350.0], [367950.0, 2678350.0], [368050.0, 2678350.0], [368150.0, 2678350.0], [368250.0, 2678350.0], [368350.0, 2678350.0], [368550.0, 2678450.0], [368750.0, 2678550.0], [368850.0, 2678550.0], [368950.0, 2678650.0], [368950.0, 2678750.0], [368950.0, 2678850.0], [368950.0, 2678950.0], [368950.0, 2679050.0], [368950.0, 2679150.0], [368850.0, 2679350.0], [368850.0, 2679450.0], [368850.0, 2679550.0], [368850.0, 2679650.0], [368850.0, 2679750.0], [368850.0, 2679850.0], [368750.0, 2680050.0], [368650.0, 2680250.0], [368550.0, 2680350.0], [368450.0, 2680450.0], [368350.0, 2680650.0], [368250.0, 2680850.0], [368250.0, 2680950.0], [368150.0, 2681150.0], [368150.0, 2681250.0], [368050.0, 2681450.0], [368050.0, 2681550.0], [367950.0, 2681750.0], [367950.0, 2681850.0], [367850.0, 2682050.0], [367850.0, 2682150.0], [367750.0, 2682350.0], [367850.0, 2682450.0], [367950.0, 2682550.0], [368050.0, 2682650.0], [368150.0, 2682750.0], [368350.0, 2682850.0], [368450.0, 2682950.0], [368550.0, 2683050.0], [368650.0, 2683150.0], [368850.0, 2683250.0], [368950.0, 2683350.0], [369050.0, 2683450.0], [369150.0, 2683550.0], [369250.0, 2683650.0], [369350.0, 2683750.0], [369450.0, 2683850.0], [369550.0, 2683950.0], [369650.0, 2684050.0], [369750.0, 2684150.0], [369850.0, 2684250.0], [369950.0, 2684350.0], [369950.0, 2684450.0], [369950.0, 2684550.0], [369950.0, 2684650.0], [370050.0, 2684850.0], [370050.0, 2684950.0], [370150.0, 2685150.0], [370250.0, 2685350.0], [370250.0, 2685450.0], [370350.0, 2685650.0], [370350.0, 2685750.0], [370350.0, 2685850.0], [370350.0, 2685950.0], [370350.0, 2686050.0], [370350.0, 2686150.0], [370350.0, 2686250.0], [370350.0, 2686350.0], [370450.0, 2686550.0], [370450.0, 2686650.0], [370450.0, 2686750.0], [370550.0, 2686950.0], [370550.0, 2687050.0], [370550.0, 2687150.0], [370650.0, 2687350.0], [370650.0, 2687450.0], [370750.0, 2687650.0], [370850.0, 2687850.0], [370850.0, 2687950.0], [370950.0, 2688150.0], [370950.0, 2688250.0], [371050.0, 2688350.0], [371150.0, 2688350.0], [371250.0, 2688450.0], [371250.0, 2688550.0], [371250.0, 2688650.0], [371250.0, 2688750.0], [371350.0, 2688950.0], [371350.0, 2689050.0], [371350.0, 2689150.0], [371350.0, 2689250.0], [371450.0, 2689450.0], [371550.0, 2689650.0], [371550.0, 2689750.0], [371650.0, 2689950.0], [371650.0, 2690050.0], [371750.0, 2690250.0], [371750.0, 2690350.0], [371750.0, 2690450.0], [371850.0, 2690650.0], [371850.0, 2690750.0], [371850.0, 2690850.0], [371950.0, 2691050.0], [371950.0, 2691150.0], [371950.0, 2691250.0], [371950.0, 2691350.0], [372050.0, 2691550.0], [372050.0, 2691650.0], [372150.0, 2691850.0], [372250.0, 2692050.0], [372250.0, 2692150.0], [372250.0, 2692250.0], [372350.0, 2692450.0], [372450.0, 2692650.0], [372550.0, 2692850.0], [372650.0, 2692950.0], [372650.0, 2693050.0], [372750.0, 2693250.0], [372850.0, 2693450.0], [372850.0, 2693550.0], [372950.0, 2693750.0], [372950.0, 2693850.0], [372950.0, 2693950.0], [373050.0, 2694150.0], [373050.0, 2694250.0], [373050.0, 2694350.0], [373150.0, 2694550.0], [373150.0, 2694650.0], [373150.0, 2694750.0], [373150.0, 2694850.0], [373150.0, 2694950.0], [373150.0, 2695050.0], [373150.0, 2695150.0], [373150.0, 2695250.0], [373150.0, 2695350.0], [373250.0, 2695550.0], [373250.0, 2695650.0], [373250.0, 2695750.0], [373250.0, 2695850.0], [373250.0, 2695950.0], [373250.0, 2696050.0], [373250.0, 2696150.0], [373250.0, 2696250.0], [373250.0, 2696350.0], [373250.0, 2696450.0], [373250.0, 2696550.0], [373250.0, 2696650.0], [373350.0, 2696850.0], [373350.0, 2696950.0], [373350.0, 2697050.0], [373350.0, 2697150.0], [373450.0, 2697350.0], [373550.0, 2697550.0], [373550.0, 2697650.0], [373550.0, 2697750.0], [373650.0, 2697950.0], [373650.0, 2698050.0], [373650.0, 2698150.0], [373650.0, 2698250.0], [373650.0, 2698350.0], [373650.0, 2698450.0], [373750.0, 2698650.0], [373750.0, 2698750.0], [373750.0, 2698850.0], [373750.0, 2698950.0], [373750.0, 2699050.0], [373750.0, 2699150.0], [373750.0, 2699250.0], [373750.0, 2699350.0], [373750.0, 2699450.0], [373750.0, 2699550.0], [373750.0, 2699650.0], [373750.0, 2699750.0], [373750.0, 2699850.0], [373750.0, 2699950.0], [373750.0, 2700050.0], [373750.0, 2700150.0], [373850.0, 2700350.0], [373850.0, 2700450.0], [373850.0, 2700550.0], [373950.0, 2700750.0], [373950.0, 2700850.0], [373950.0, 2700950.0], [374050.0, 2701150.0], [374050.0, 2701250.0], [374050.0, 2701350.0], [374150.0, 2701550.0], [374150.0, 2701650.0], [374150.0, 2701750.0], [374150.0, 2701850.0], [374150.0, 2701950.0], [374150.0, 2702050.0], [374250.0, 2702250.0], [374250.0, 2702350.0], [374250.0, 2702450.0], [374250.0, 2702550.0], [374250.0, 2702650.0], [374350.0, 2702850.0], [374450.0, 2703050.0], [374450.0, 2703150.0], [374550.0, 2703350.0], [374550.0, 2703450.0], [374450.0, 2703650.0], [374450.0, 2703750.0], [374450.0, 2703850.0], [374450.0, 2703950.0], [374450.0, 2704050.0], [374450.0, 2704150.0], [374450.0, 2704250.0], [374450.0, 2704350.0], [374450.0, 2704450.0], [374550.0, 2704650.0], [374550.0, 2704750.0], [374550.0, 2704850.0], [374550.0, 2704950.0], [374550.0, 2705050.0], [374550.0, 2705150.0], [374550.0, 2705250.0], [374650.0, 2705450.0], [374650.0, 2705550.0], [374650.0, 2705650.0], [374650.0, 2705750.0], [374750.0, 2705950.0], [374750.0, 2706050.0], [374750.0, 2706150.0], [374850.0, 2706350.0], [374850.0, 2706450.0], [374850.0, 2706550.0], [374950.0, 2706750.0], [374950.0, 2706850.0], [374950.0, 2706950.0], [374850.0, 2707150.0], [374850.0, 2707250.0], [374850.0, 2707350.0], [374850.0, 2707450.0], [374850.0, 2707550.0], [374850.0, 2707650.0], [374850.0, 2707750.0], [374850.0, 2707850.0], [374850.0, 2707950.0], [374950.0, 2708050.0]]}, "properties": {"point_id": 6, "emergency": "snakebite", "season": "dry", "kind": "backup", "facility_cat": 11, "facility_name": "Moulvibaza Sadar Hospital", "minutes": 90.0}}, {"type": "Feature", "geometry": {"type": "LineString", "coordinates": [[365250.0, 2678650.0], [365350.0, 2678650.0], [365550.0, 2678550.0], [365650.0, 2678550.0], [365750.0, 2678450.0], [365850.0, 2678350.0], [365950.0, 2678250.0], [366050.0, 2678150.0], [366150.0, 2678150.0], [366250.0, 2678150.0], [366350.0, 2678150.0], [366450.0, 2678150.0], [366550.0, 2678150.0], [366650.0, 2678150.0], [366750.0, 2678150.0], [366950.0, 2678250.0], [367150.0, 2678350.0], [367250.0, 2678350.0], [367350.0, 2678350.0], [367450.0, 2678350.0], [367550.0, 2678350.0], [367650.0, 2678350.0], [367750.0, 2678350.0], [367850.0, 2678350.0], [367950.0, 2678350.0], [368050.0, 2678350.0], [368150.0, 2678350.0], [368250.0, 2678350.0], [368350.0, 2678350.0], [368550.0, 2678450.0], [368750.0, 2678550.0], [368850.0, 2678550.0], [368950.0, 2678650.0], [368950.0, 2678750.0], [368950.0, 2678850.0], [368950.0, 2678950.0], [368950.0, 2679050.0], [368950.0, 2679150.0], [368850.0, 2679350.0], [368850.0, 2679450.0], [368850.0, 2679550.0], [368850.0, 2679650.0], [368850.0, 2679750.0], [368850.0, 2679850.0], [368750.0, 2680050.0], [368650.0, 2680250.0], [368550.0, 2680350.0], [368450.0, 2680450.0], [368350.0, 2680650.0], [368250.0, 2680850.0], [368250.0, 2680950.0], [368150.0, 2681150.0], [368150.0, 2681250.0], [368050.0, 2681450.0], [368050.0, 2681550.0], [367950.0, 2681750.0], [367950.0, 2681850.0], [367850.0, 2681950.0], [367750.0, 2682050.0], [367650.0, 2682150.0], [367650.0, 2682250.0], [367750.0, 2682350.0], [367850.0, 2682450.0], [367950.0, 2682550.0], [368050.0, 2682650.0], [368150.0, 2682750.0], [368350.0, 2682850.0], [368450.0, 2683050.0], [368550.0, 2683150.0], [368650.0, 2683150.0], [368750.0, 2683250.0], [368850.0, 2683350.0], [368950.0, 2683450.0], [369150.0, 2683550.0], [369250.0, 2683650.0], [369350.0, 2683750.0], [369450.0, 2683850.0], [369550.0, 2683950.0], [369650.0, 2684050.0], [369750.0, 2684150.0], [369850.0, 2684250.0], [369950.0, 2684350.0], [369950.0, 2684450.0], [369950.0, 2684550.0], [369950.0, 2684650.0], [370050.0, 2684850.0], [370050.0, 2684950.0], [370150.0, 2685150.0], [370250.0, 2685350.0], [370250.0, 2685450.0], [370350.0, 2685650.0], [370350.0, 2685750.0], [370350.0, 2685850.0], [370350.0, 2685950.0], [370350.0, 2686050.0], [370350.0, 2686150.0], [370350.0, 2686250.0], [370350.0, 2686350.0], [370450.0, 2686550.0], [370450.0, 2686650.0], [370450.0, 2686750.0], [370550.0, 2686950.0], [370550.0, 2687050.0], [370550.0, 2687150.0], [370450.0, 2687250.0], [370550.0, 2687350.0], [370650.0, 2687450.0], [370750.0, 2687650.0], [370850.0, 2687850.0], [370850.0, 2687950.0], [370950.0, 2688150.0], [370950.0, 2688250.0], [371050.0, 2688350.0], [371150.0, 2688350.0], [371350.0, 2688450.0], [371450.0, 2688450.0], [371550.0, 2688350.0], [371650.0, 2688250.0], [371750.0, 2688150.0]]}, "properties": {"point_id": 6, "emergency": "snakebite", "season": "flood0708", "kind": "primary", "facility_cat": 35, "facility_name": "Sreemangal Upazila Health Complex", "minutes": 83.0}}, {"type": "Feature", "geometry": {"type": "LineString", "coordinates": [[365250.0, 2678650.0], [365350.0, 2678650.0], [365550.0, 2678550.0], [365650.0, 2678550.0], [365750.0, 2678450.0], [365850.0, 2678350.0], [365950.0, 2678250.0], [366050.0, 2678150.0], [366150.0, 2678150.0], [366250.0, 2678150.0], [366350.0, 2678150.0], [366450.0, 2678150.0], [366550.0, 2678150.0], [366650.0, 2678150.0], [366750.0, 2678150.0], [366950.0, 2678250.0], [367150.0, 2678350.0], [367250.0, 2678350.0], [367350.0, 2678350.0], [367450.0, 2678350.0], [367550.0, 2678350.0], [367650.0, 2678350.0], [367750.0, 2678350.0], [367850.0, 2678350.0], [367950.0, 2678350.0], [368050.0, 2678350.0], [368150.0, 2678350.0], [368250.0, 2678350.0], [368350.0, 2678350.0], [368550.0, 2678450.0], [368750.0, 2678550.0], [368850.0, 2678550.0], [368950.0, 2678650.0], [368950.0, 2678750.0], [368950.0, 2678850.0], [368950.0, 2678950.0], [368950.0, 2679050.0], [368950.0, 2679150.0], [368850.0, 2679350.0], [368850.0, 2679450.0], [368850.0, 2679550.0], [368850.0, 2679650.0], [368850.0, 2679750.0], [368850.0, 2679850.0], [368750.0, 2680050.0], [368650.0, 2680250.0], [368550.0, 2680350.0], [368450.0, 2680450.0], [368350.0, 2680650.0], [368250.0, 2680850.0], [368250.0, 2680950.0], [368150.0, 2681150.0], [368150.0, 2681250.0], [368050.0, 2681450.0], [368050.0, 2681550.0], [367950.0, 2681750.0], [367950.0, 2681850.0], [367850.0, 2681950.0], [367750.0, 2682050.0], [367650.0, 2682150.0], [367650.0, 2682250.0], [367750.0, 2682350.0], [367850.0, 2682450.0], [367950.0, 2682550.0], [368050.0, 2682650.0], [368150.0, 2682750.0], [368350.0, 2682850.0], [368450.0, 2683050.0], [368550.0, 2683150.0], [368650.0, 2683150.0], [368750.0, 2683250.0], [368850.0, 2683350.0], [368950.0, 2683450.0], [369150.0, 2683550.0], [369250.0, 2683650.0], [369350.0, 2683750.0], [369450.0, 2683850.0], [369550.0, 2683950.0], [369650.0, 2684050.0], [369750.0, 2684150.0], [369850.0, 2684250.0], [369950.0, 2684350.0], [369950.0, 2684450.0], [369950.0, 2684550.0], [369950.0, 2684650.0], [370050.0, 2684850.0], [370050.0, 2684950.0], [370150.0, 2685150.0], [370250.0, 2685350.0], [370250.0, 2685450.0], [370350.0, 2685650.0], [370350.0, 2685750.0], [370350.0, 2685850.0], [370350.0, 2685950.0], [370350.0, 2686050.0], [370350.0, 2686150.0], [370350.0, 2686250.0], [370350.0, 2686350.0], [370450.0, 2686550.0], [370450.0, 2686650.0], [370450.0, 2686750.0], [370550.0, 2686950.0], [370550.0, 2687050.0], [370550.0, 2687150.0], [370450.0, 2687250.0], [370550.0, 2687350.0], [370650.0, 2687450.0], [370750.0, 2687650.0], [370850.0, 2687850.0], [370850.0, 2687950.0], [370950.0, 2688150.0], [370950.0, 2688250.0], [371050.0, 2688350.0], [371150.0, 2688350.0], [371250.0, 2688450.0], [371250.0, 2688550.0], [371250.0, 2688650.0], [371250.0, 2688750.0], [371350.0, 2688950.0], [371350.0, 2689050.0], [371350.0, 2689150.0], [371350.0, 2689250.0], [371450.0, 2689450.0], [371550.0, 2689650.0], [371550.0, 2689750.0], [371650.0, 2689950.0], [371650.0, 2690050.0], [371750.0, 2690250.0], [371750.0, 2690350.0], [371750.0, 2690450.0], [371850.0, 2690650.0], [371850.0, 2690750.0], [371850.0, 2690850.0], [371950.0, 2691050.0], [371950.0, 2691150.0], [371950.0, 2691250.0], [371950.0, 2691350.0], [372050.0, 2691550.0], [372050.0, 2691650.0], [372150.0, 2691850.0], [372250.0, 2692050.0], [372250.0, 2692150.0], [372250.0, 2692250.0], [372350.0, 2692450.0], [372450.0, 2692650.0], [372550.0, 2692850.0], [372650.0, 2692950.0], [372650.0, 2693050.0], [372750.0, 2693250.0], [372850.0, 2693450.0], [372850.0, 2693550.0], [372950.0, 2693750.0], [372950.0, 2693850.0], [372950.0, 2693950.0], [373050.0, 2694150.0], [373050.0, 2694250.0], [373050.0, 2694350.0], [373150.0, 2694550.0], [373150.0, 2694650.0], [373150.0, 2694750.0], [373150.0, 2694850.0], [373150.0, 2694950.0], [373150.0, 2695050.0], [373150.0, 2695150.0], [373150.0, 2695250.0], [373150.0, 2695350.0], [373250.0, 2695550.0], [373250.0, 2695650.0], [373250.0, 2695750.0], [373250.0, 2695850.0], [373250.0, 2695950.0], [373250.0, 2696050.0], [373250.0, 2696150.0], [373250.0, 2696250.0], [373250.0, 2696350.0], [373250.0, 2696450.0], [373250.0, 2696550.0], [373250.0, 2696650.0], [373350.0, 2696850.0], [373250.0, 2696950.0], [373350.0, 2697050.0], [373350.0, 2697150.0], [373450.0, 2697350.0], [373550.0, 2697550.0], [373550.0, 2697650.0], [373550.0, 2697750.0], [373650.0, 2697950.0], [373650.0, 2698050.0], [373650.0, 2698150.0], [373650.0, 2698250.0], [373650.0, 2698350.0], [373650.0, 2698450.0], [373750.0, 2698650.0], [373750.0, 2698750.0], [373750.0, 2698850.0], [373750.0, 2698950.0], [373750.0, 2699050.0], [373750.0, 2699150.0], [373750.0, 2699250.0], [373750.0, 2699350.0], [373750.0, 2699450.0], [373750.0, 2699550.0], [373750.0, 2699650.0], [373750.0, 2699750.0], [373750.0, 2699850.0], [373750.0, 2699950.0], [373750.0, 2700050.0], [373750.0, 2700150.0], [373850.0, 2700250.0], [373950.0, 2700350.0], [374050.0, 2700350.0], [374150.0, 2700450.0], [374150.0, 2700550.0], [374150.0, 2700650.0], [374150.0, 2700750.0], [374050.0, 2700850.0], [374050.0, 2700950.0], [374050.0, 2701050.0], [374050.0, 2701150.0], [374050.0, 2701250.0], [374050.0, 2701350.0], [374150.0, 2701550.0], [374150.0, 2701650.0], [374150.0, 2701750.0], [374150.0, 2701850.0], [374150.0, 2701950.0], [374150.0, 2702050.0], [374250.0, 2702250.0], [374250.0, 2702350.0], [374250.0, 2702450.0], [374250.0, 2702550.0], [374250.0, 2702650.0], [374350.0, 2702850.0], [374450.0, 2703050.0], [374450.0, 2703150.0], [374550.0, 2703350.0], [374550.0, 2703450.0], [374450.0, 2703650.0], [374450.0, 2703750.0], [374450.0, 2703850.0], [374450.0, 2703950.0], [374450.0, 2704050.0], [374450.0, 2704150.0], [374450.0, 2704250.0], [374450.0, 2704350.0], [374450.0, 2704450.0], [374550.0, 2704650.0], [374550.0, 2704750.0], [374550.0, 2704850.0], [374550.0, 2704950.0], [374550.0, 2705050.0], [374550.0, 2705150.0], [374550.0, 2705250.0], [374650.0, 2705450.0], [374650.0, 2705550.0], [374650.0, 2705650.0], [374650.0, 2705750.0], [374750.0, 2705950.0], [374750.0, 2706050.0], [374750.0, 2706150.0], [374850.0, 2706350.0], [374850.0, 2706450.0], [374850.0, 2706550.0], [374950.0, 2706750.0], [374950.0, 2706850.0], [374950.0, 2706950.0], [374850.0, 2707150.0], [374850.0, 2707250.0], [374850.0, 2707350.0], [374850.0, 2707450.0], [374850.0, 2707550.0], [374850.0, 2707650.0], [374850.0, 2707750.0], [374850.0, 2707850.0], [374850.0, 2707950.0], [374950.0, 2708050.0]]}, "properties": {"point_id": 6, "emergency": "snakebite", "season": "flood0708", "kind": "backup", "facility_cat": 11, "facility_name": "Moulvibaza Sadar Hospital", "minutes": 121.0}}, {"type": "Feature", "geometry": {"type": "LineString", "coordinates": [[277550.0, 2691950.0], [277550.0, 2691850.0], [277450.0, 2691650.0], [277350.0, 2691450.0], [277250.0, 2691250.0], [277150.0, 2691050.0], [277050.0, 2690850.0], [276950.0, 2690650.0], [276850.0, 2690550.0], [276850.0, 2690450.0], [276850.0, 2690350.0], [276950.0, 2690150.0], [276950.0, 2690050.0], [276950.0, 2689950.0], [276950.0, 2689850.0], [276950.0, 2689750.0], [276950.0, 2689650.0], [276950.0, 2689550.0], [276950.0, 2689450.0], [276950.0, 2689350.0], [276950.0, 2689250.0], [276950.0, 2689150.0], [276950.0, 2689050.0], [276950.0, 2688950.0], [276950.0, 2688850.0], [276950.0, 2688750.0], [276850.0, 2688550.0], [276850.0, 2688450.0], [276850.0, 2688350.0], [276850.0, 2688250.0], [276850.0, 2688150.0], [276750.0, 2687950.0], [276750.0, 2687850.0], [276650.0, 2687650.0], [276750.0, 2687450.0], [276750.0, 2687350.0], [276850.0, 2687150.0], [276850.0, 2687050.0], [276850.0, 2686950.0], [276850.0, 2686850.0], [276850.0, 2686750.0], [276850.0, 2686650.0], [276850.0, 2686550.0], [276850.0, 2686450.0], [276850.0, 2686350.0], [276850.0, 2686250.0], [276850.0, 2686150.0], [276750.0, 2685950.0], [276750.0, 2685850.0], [276750.0, 2685750.0], [276750.0, 2685650.0], [276750.0, 2685550.0], [276750.0, 2685450.0], [276650.0, 2685250.0], [276650.0, 2685150.0], [276650.0, 2685050.0], [276650.0, 2684950.0], [276650.0, 2684850.0], [276650.0, 2684750.0], [276650.0, 2684650.0], [276650.0, 2684550.0], [276650.0, 2684450.0], [276650.0, 2684350.0], [276550.0, 2684150.0], [276450.0, 2684050.0], [276350.0, 2683950.0], [276250.0, 2683850.0], [276150.0, 2683750.0], [276050.0, 2683550.0], [276050.0, 2683450.0], [276050.0, 2683350.0], [276150.0, 2683250.0], [276250.0, 2683150.0], [276350.0, 2683050.0], [276450.0, 2683050.0]]}, "properties": {"point_id": 7, "emergency": "injury_drowning", "season": "dry", "kind": "primary", "facility_cat": 18, "facility_name": "Katiyadi Upazilla Health Complex", "minutes": 24.0}}, {"type": "Feature", "geometry": {"type": "LineString", "coordinates": [[277550.0, 2691950.0], [277650.0, 2692050.0], [277750.0, 2692250.0], [277850.0, 2692450.0], [277950.0, 2692650.0], [278050.0, 2692850.0], [278150.0, 2693050.0], [278150.0, 2693150.0], [278150.0, 2693250.0], [278150.0, 2693350.0], [278250.0, 2693450.0], [278350.0, 2693450.0], [278450.0, 2693450.0], [278550.0, 2693450.0], [278650.0, 2693450.0], [278750.0, 2693450.0], [278850.0, 2693450.0], [278950.0, 2693550.0], [279050.0, 2693650.0], [279150.0, 2693650.0], [279250.0, 2693650.0], [279350.0, 2693650.0], [279450.0, 2693650.0], [279550.0, 2693650.0], [279650.0, 2693650.0], [279750.0, 2693650.0], [279850.0, 2693650.0], [279950.0, 2693650.0], [280050.0, 2693650.0], [280250.0, 2693750.0], [280350.0, 2693750.0], [280450.0, 2693750.0], [280550.0, 2693750.0], [280650.0, 2693750.0], [280750.0, 2693750.0], [280850.0, 2693750.0], [280950.0, 2693750.0], [281050.0, 2693750.0], [281150.0, 2693750.0], [281250.0, 2693750.0], [281350.0, 2693750.0], [281450.0, 2693750.0], [281650.0, 2693650.0], [281750.0, 2693650.0], [281850.0, 2693650.0], [281950.0, 2693650.0], [282050.0, 2693650.0], [282250.0, 2693550.0], [282450.0, 2693450.0], [282550.0, 2693350.0], [282750.0, 2693250.0], [282850.0, 2693150.0], [282950.0, 2693050.0], [283150.0, 2692950.0], [283250.0, 2692850.0], [283450.0, 2692750.0], [283650.0, 2692650.0], [283850.0, 2692550.0], [284050.0, 2692450.0], [284250.0, 2692350.0], [284350.0, 2692350.0], [284550.0, 2692250.0], [284650.0, 2692250.0], [284750.0, 2692250.0], [284850.0, 2692250.0], [284950.0, 2692250.0], [285050.0, 2692250.0], [285150.0, 2692250.0], [285250.0, 2692250.0], [285350.0, 2692250.0], [285450.0, 2692250.0], [285550.0, 2692250.0], [285650.0, 2692250.0], [285750.0, 2692250.0], [285850.0, 2692250.0], [286050.0, 2692150.0], [286150.0, 2692050.0], [286250.0, 2692050.0], [286350.0, 2691950.0], [286450.0, 2691850.0], [286550.0, 2691750.0], [286750.0, 2691850.0], [286850.0, 2691850.0], [286950.0, 2691850.0], [287050.0, 2691850.0], [287150.0, 2691850.0], [287250.0, 2691850.0], [287450.0, 2691750.0], [287650.0, 2691850.0], [287750.0, 2691850.0], [287850.0, 2691850.0], [287950.0, 2691850.0], [288050.0, 2691850.0], [288150.0, 2691850.0], [288250.0, 2691850.0], [288450.0, 2691950.0], [288550.0, 2691950.0], [288750.0, 2692050.0], [288850.0, 2692050.0], [288950.0, 2692050.0], [289050.0, 2692050.0], [289150.0, 2692050.0], [289250.0, 2692050.0], [289350.0, 2692050.0], [289450.0, 2692050.0], [289650.0, 2691950.0], [289750.0, 2691950.0], [289850.0, 2691950.0], [289950.0, 2691950.0], [290150.0, 2691850.0], [290250.0, 2691750.0], [290350.0, 2691850.0]]}, "properties": {"point_id": 7, "emergency": "injury_drowning", "season": "dry", "kind": "backup", "facility_cat": 20, "facility_name": "Nikli Upazilla Health Complex", "minutes": 33.0}}, {"type": "Feature", "geometry": {"type": "LineString", "coordinates": [[277550.0, 2691950.0], [277550.0, 2691850.0], [277450.0, 2691650.0], [277350.0, 2691450.0], [277250.0, 2691250.0], [277150.0, 2691050.0], [277050.0, 2690850.0], [276950.0, 2690650.0], [276850.0, 2690550.0], [276850.0, 2690450.0], [276850.0, 2690350.0], [276950.0, 2690150.0], [276950.0, 2690050.0], [276950.0, 2689950.0], [276950.0, 2689850.0], [276950.0, 2689750.0], [276950.0, 2689650.0], [276950.0, 2689550.0], [276950.0, 2689450.0], [276950.0, 2689350.0], [276950.0, 2689250.0], [276950.0, 2689150.0], [276950.0, 2689050.0], [276950.0, 2688950.0], [276950.0, 2688850.0], [276950.0, 2688750.0], [276850.0, 2688550.0], [276850.0, 2688450.0], [276850.0, 2688350.0], [276850.0, 2688250.0], [276850.0, 2688150.0], [276750.0, 2687950.0], [276750.0, 2687850.0], [276650.0, 2687650.0], [276750.0, 2687450.0], [276750.0, 2687350.0], [276850.0, 2687150.0], [276850.0, 2687050.0], [276850.0, 2686950.0], [276850.0, 2686850.0], [276850.0, 2686750.0], [276850.0, 2686650.0], [276850.0, 2686550.0], [276850.0, 2686450.0], [276850.0, 2686350.0], [276850.0, 2686250.0], [276850.0, 2686150.0], [276750.0, 2685950.0], [276750.0, 2685850.0], [276750.0, 2685750.0], [276750.0, 2685650.0], [276750.0, 2685550.0], [276750.0, 2685450.0], [276650.0, 2685250.0], [276650.0, 2685150.0], [276650.0, 2685050.0], [276650.0, 2684950.0], [276650.0, 2684850.0], [276650.0, 2684750.0], [276650.0, 2684650.0], [276650.0, 2684550.0], [276650.0, 2684450.0], [276650.0, 2684350.0], [276550.0, 2684150.0], [276450.0, 2684050.0], [276350.0, 2683950.0], [276250.0, 2683850.0], [276150.0, 2683750.0], [276050.0, 2683550.0], [276050.0, 2683450.0], [276050.0, 2683350.0], [276150.0, 2683250.0], [276250.0, 2683150.0], [276350.0, 2683050.0], [276450.0, 2683050.0]]}, "properties": {"point_id": 7, "emergency": "injury_drowning", "season": "flood0708", "kind": "primary", "facility_cat": 18, "facility_name": "Katiyadi Upazilla Health Complex", "minutes": 24.0}}, {"type": "Feature", "geometry": {"type": "LineString", "coordinates": [[277550.0, 2691950.0], [277650.0, 2692050.0], [277750.0, 2692250.0], [277850.0, 2692450.0], [277950.0, 2692650.0], [278050.0, 2692850.0], [278150.0, 2693050.0], [278150.0, 2693150.0], [278150.0, 2693250.0], [278150.0, 2693350.0], [278250.0, 2693450.0], [278350.0, 2693450.0], [278450.0, 2693450.0], [278550.0, 2693450.0], [278650.0, 2693450.0], [278750.0, 2693450.0], [278850.0, 2693450.0], [278950.0, 2693550.0], [279050.0, 2693650.0], [279150.0, 2693650.0], [279250.0, 2693650.0], [279350.0, 2693650.0], [279450.0, 2693650.0], [279550.0, 2693650.0], [279650.0, 2693650.0], [279750.0, 2693650.0], [279850.0, 2693650.0], [279950.0, 2693650.0], [280050.0, 2693650.0], [280250.0, 2693750.0], [280350.0, 2693750.0], [280450.0, 2693750.0], [280550.0, 2693750.0], [280650.0, 2693750.0], [280750.0, 2693750.0], [280850.0, 2693750.0], [280950.0, 2693750.0], [281050.0, 2693750.0], [281150.0, 2693750.0], [281250.0, 2693750.0], [281350.0, 2693750.0], [281450.0, 2693750.0], [281650.0, 2693650.0], [281750.0, 2693650.0], [281850.0, 2693650.0], [281950.0, 2693650.0], [282050.0, 2693650.0], [282250.0, 2693550.0], [282450.0, 2693450.0], [282550.0, 2693350.0], [282750.0, 2693250.0], [282850.0, 2693150.0], [282950.0, 2693050.0], [283150.0, 2692950.0], [283250.0, 2692850.0], [283450.0, 2692750.0], [283650.0, 2692650.0], [283850.0, 2692550.0], [284050.0, 2692450.0], [284250.0, 2692350.0], [284350.0, 2692350.0], [284550.0, 2692250.0], [284650.0, 2692250.0], [284750.0, 2692250.0], [284850.0, 2692250.0], [284950.0, 2692250.0], [285050.0, 2692250.0], [285150.0, 2692250.0], [285250.0, 2692250.0], [285350.0, 2692250.0], [285450.0, 2692250.0], [285550.0, 2692250.0], [285650.0, 2692250.0], [285750.0, 2692250.0], [285850.0, 2692250.0], [286050.0, 2692150.0], [286150.0, 2692050.0], [286250.0, 2692050.0], [286350.0, 2691950.0], [286450.0, 2691850.0], [286550.0, 2691750.0], [286750.0, 2691850.0], [286850.0, 2691850.0], [286950.0, 2691850.0], [287050.0, 2691850.0], [287150.0, 2691850.0], [287250.0, 2691850.0], [287450.0, 2691750.0], [287650.0, 2691850.0], [287750.0, 2691850.0], [287850.0, 2691850.0], [287950.0, 2691850.0], [288050.0, 2691850.0], [288150.0, 2691850.0], [288250.0, 2691850.0], [288450.0, 2691950.0], [288550.0, 2691950.0], [288750.0, 2692050.0], [288850.0, 2692050.0], [288950.0, 2692050.0], [289050.0, 2692050.0], [289150.0, 2692050.0], [289250.0, 2692050.0], [289350.0, 2692050.0], [289450.0, 2692050.0], [289650.0, 2691950.0], [289750.0, 2691950.0], [289850.0, 2691950.0], [289950.0, 2691950.0], [290150.0, 2691850.0], [290250.0, 2691750.0], [290350.0, 2691850.0]]}, "properties": {"point_id": 7, "emergency": "injury_drowning", "season": "flood0708", "kind": "backup", "facility_cat": 20, "facility_name": "Nikli Upazilla Health Complex", "minutes": 33.0}}, {"type": "Feature", "geometry": {"type": "LineString", "coordinates": [[261850.0, 2725250.0], [261750.0, 2725250.0], [261750.0, 2725150.0], [261750.0, 2725050.0], [261850.0, 2724950.0], [261950.0, 2724850.0], [262150.0, 2724750.0], [262250.0, 2724650.0], [262450.0, 2724550.0], [262550.0, 2724450.0], [262550.0, 2724350.0], [262550.0, 2724250.0], [262650.0, 2724050.0], [262750.0, 2723850.0], [262750.0, 2723750.0], [262850.0, 2723550.0], [262850.0, 2723450.0], [262850.0, 2723350.0], [262850.0, 2723250.0], [262850.0, 2723150.0], [262850.0, 2723050.0], [262850.0, 2722950.0], [262850.0, 2722850.0], [262850.0, 2722750.0], [262850.0, 2722650.0], [262850.0, 2722550.0], [262850.0, 2722450.0], [262850.0, 2722350.0], [262850.0, 2722250.0], [262850.0, 2722150.0], [262850.0, 2722050.0], [262850.0, 2721950.0], [262850.0, 2721850.0], [262850.0, 2721750.0], [262850.0, 2721650.0], [262850.0, 2721550.0], [262850.0, 2721450.0], [262850.0, 2721350.0], [262850.0, 2721250.0], [262850.0, 2721150.0], [262850.0, 2721050.0], [262950.0, 2720850.0], [262950.0, 2720750.0], [262950.0, 2720650.0], [262950.0, 2720550.0], [262850.0, 2720450.0], [262950.0, 2720350.0], [263050.0, 2720350.0], [263250.0, 2720250.0], [263350.0, 2720250.0], [263550.0, 2720150.0], [263750.0, 2720050.0], [263850.0, 2720050.0], [264050.0, 2719950.0], [264150.0, 2719950.0], [264350.0, 2719850.0], [264450.0, 2719850.0], [264650.0, 2719750.0], [264750.0, 2719750.0], [264950.0, 2719650.0], [265050.0, 2719650.0], [265250.0, 2719550.0], [265350.0, 2719550.0], [265550.0, 2719450.0], [265750.0, 2719350.0], [265850.0, 2719350.0], [265950.0, 2719250.0], [266050.0, 2719150.0], [266050.0, 2719050.0], [266050.0, 2718950.0], [266050.0, 2718850.0]]}, "properties": {"point_id": 8, "emergency": "minor_illness", "season": "dry", "kind": "primary", "facility_cat": 19, "facility_name": "Nandail Upazilla Health Complex", "minutes": 30.0}}, {"type": "Feature", "geometry": {"type": "LineString", "coordinates": [[261850.0, 2725250.0], [261750.0, 2725250.0], [261650.0, 2725150.0], [261450.0, 2725050.0], [261350.0, 2725050.0], [261250.0, 2725050.0], [261150.0, 2725050.0], [261050.0, 2725050.0], [260950.0, 2725150.0], [260850.0, 2725350.0], [260750.0, 2725550.0], [260850.0, 2725750.0], [260850.0, 2725850.0], [260850.0, 2725950.0], [260750.0, 2726050.0], [260650.0, 2726150.0], [260450.0, 2726250.0], [260350.0, 2726350.0], [260350.0, 2726450.0], [260350.0, 2726550.0], [260350.0, 2726650.0], [260350.0, 2726750.0], [260250.0, 2726850.0], [260150.0, 2726950.0], [260050.0, 2727050.0], [259950.0, 2727150.0], [259850.0, 2727350.0], [259850.0, 2727450.0], [259750.0, 2727650.0], [259650.0, 2727750.0], [259550.0, 2727850.0], [259450.0, 2727950.0], [259350.0, 2728050.0], [259250.0, 2728150.0], [259150.0, 2728250.0], [259050.0, 2728350.0], [258950.0, 2728450.0], [258950.0, 2728550.0], [258950.0, 2728650.0], [258950.0, 2728750.0], [258850.0, 2728950.0], [258950.0, 2729150.0], [259050.0, 2729350.0], [258950.0, 2729550.0], [258950.0, 2729650.0], [259050.0, 2729850.0], [259150.0, 2730050.0], [259150.0, 2730150.0], [259050.0, 2730350.0], [259150.0, 2730550.0], [259250.0, 2730650.0], [259350.0, 2730750.0], [259450.0, 2730950.0], [259550.0, 2731050.0], [259650.0, 2731150.0], [259650.0, 2731250.0], [259650.0, 2731350.0], [259550.0, 2731450.0], [259450.0, 2731550.0], [259250.0, 2731650.0], [259050.0, 2731750.0], [258950.0, 2731750.0], [258750.0, 2731850.0], [258650.0, 2731850.0], [258450.0, 2731950.0], [258350.0, 2731950.0], [258250.0, 2732050.0], [258250.0, 2732150.0], [258350.0, 2732250.0], [258450.0, 2732250.0], [258550.0, 2732250.0], [258650.0, 2732250.0], [258750.0, 2732350.0], [258750.0, 2732450.0], [258750.0, 2732550.0], [258650.0, 2732750.0], [258550.0, 2732750.0], [258450.0, 2732750.0], [258350.0, 2732750.0], [258250.0, 2732750.0]]}, "properties": {"point_id": 8, "emergency": "minor_illness", "season": "dry", "kind": "backup", "facility_cat": 39, "facility_name": "Ishwarganj Upazila Health Complex", "minutes": 47.0}}, {"type": "Feature", "geometry": {"type": "LineString", "coordinates": [[261850.0, 2725250.0], [261750.0, 2725250.0], [261750.0, 2725150.0], [261750.0, 2725050.0], [261850.0, 2724950.0], [261950.0, 2724850.0], [262150.0, 2724750.0], [262250.0, 2724650.0], [262450.0, 2724550.0], [262550.0, 2724450.0], [262550.0, 2724350.0], [262550.0, 2724250.0], [262650.0, 2724050.0], [262750.0, 2723850.0], [262750.0, 2723750.0], [262850.0, 2723550.0], [262850.0, 2723450.0], [262850.0, 2723350.0], [262850.0, 2723250.0], [262850.0, 2723150.0], [262850.0, 2723050.0], [262850.0, 2722950.0], [262850.0, 2722850.0], [262850.0, 2722750.0], [262850.0, 2722650.0], [262850.0, 2722550.0], [262850.0, 2722450.0], [262850.0, 2722350.0], [262850.0, 2722250.0], [262850.0, 2722150.0], [262850.0, 2722050.0], [262850.0, 2721950.0], [262850.0, 2721850.0], [262850.0, 2721750.0], [262850.0, 2721650.0], [262850.0, 2721550.0], [262850.0, 2721450.0], [262850.0, 2721350.0], [262850.0, 2721250.0], [262850.0, 2721150.0], [262850.0, 2721050.0], [262950.0, 2720850.0], [262950.0, 2720750.0], [262950.0, 2720650.0], [262950.0, 2720550.0], [262850.0, 2720450.0], [262950.0, 2720350.0], [263050.0, 2720350.0], [263250.0, 2720250.0], [263350.0, 2720250.0], [263550.0, 2720150.0], [263750.0, 2720050.0], [263850.0, 2720050.0], [264050.0, 2719950.0], [264150.0, 2719950.0], [264350.0, 2719850.0], [264450.0, 2719850.0], [264650.0, 2719750.0], [264750.0, 2719750.0], [264950.0, 2719650.0], [265050.0, 2719650.0], [265250.0, 2719550.0], [265350.0, 2719550.0], [265550.0, 2719450.0], [265750.0, 2719350.0], [265850.0, 2719350.0], [265950.0, 2719250.0], [266050.0, 2719150.0], [266050.0, 2719050.0], [266050.0, 2718950.0], [266050.0, 2718850.0]]}, "properties": {"point_id": 8, "emergency": "minor_illness", "season": "flood0708", "kind": "primary", "facility_cat": 19, "facility_name": "Nandail Upazilla Health Complex", "minutes": 30.0}}, {"type": "Feature", "geometry": {"type": "LineString", "coordinates": [[261850.0, 2725250.0], [261750.0, 2725250.0], [261650.0, 2725150.0], [261450.0, 2725050.0], [261350.0, 2725050.0], [261250.0, 2725050.0], [261150.0, 2725050.0], [261050.0, 2725050.0], [260950.0, 2725150.0], [260850.0, 2725350.0], [260750.0, 2725550.0], [260850.0, 2725750.0], [260850.0, 2725850.0], [260850.0, 2725950.0], [260750.0, 2726050.0], [260650.0, 2726150.0], [260450.0, 2726250.0], [260350.0, 2726350.0], [260350.0, 2726450.0], [260350.0, 2726550.0], [260350.0, 2726650.0], [260350.0, 2726750.0], [260250.0, 2726850.0], [260150.0, 2726950.0], [260050.0, 2727050.0], [259950.0, 2727150.0], [259850.0, 2727350.0], [259850.0, 2727450.0], [259750.0, 2727650.0], [259650.0, 2727750.0], [259550.0, 2727850.0], [259450.0, 2727950.0], [259350.0, 2728050.0], [259250.0, 2728150.0], [259150.0, 2728250.0], [259050.0, 2728350.0], [258950.0, 2728450.0], [258950.0, 2728550.0], [258950.0, 2728650.0], [258950.0, 2728750.0], [258850.0, 2728950.0], [258950.0, 2729150.0], [259050.0, 2729350.0], [258950.0, 2729550.0], [258950.0, 2729650.0], [259050.0, 2729850.0], [259150.0, 2730050.0], [259150.0, 2730150.0], [259050.0, 2730350.0], [259150.0, 2730550.0], [259250.0, 2730650.0], [259350.0, 2730750.0], [259450.0, 2730950.0], [259550.0, 2731050.0], [259650.0, 2731150.0], [259650.0, 2731250.0], [259650.0, 2731350.0], [259550.0, 2731450.0], [259450.0, 2731550.0], [259250.0, 2731650.0], [259050.0, 2731750.0], [258950.0, 2731750.0], [258750.0, 2731850.0], [258650.0, 2731850.0], [258450.0, 2731950.0], [258350.0, 2731950.0], [258250.0, 2732050.0], [258250.0, 2732150.0], [258350.0, 2732250.0], [258450.0, 2732250.0], [258550.0, 2732250.0], [258650.0, 2732250.0], [258750.0, 2732350.0], [258750.0, 2732450.0], [258750.0, 2732550.0], [258650.0, 2732750.0], [258550.0, 2732750.0], [258450.0, 2732750.0], [258350.0, 2732750.0], [258250.0, 2732750.0]]}, "properties": {"point_id": 8, "emergency": "minor_illness", "season": "flood0708", "kind": "backup", "facility_cat": 39, "facility_name": "Ishwarganj Upazila Health Complex", "minutes": 47.0}}, {"type": "Feature", "geometry": {"type": "LineString", "coordinates": [[290550.0, 2709750.0], [290650.0, 2709750.0], [290750.0, 2709750.0], [290850.0, 2709750.0], [290950.0, 2709750.0], [290950.0, 2709650.0], [290950.0, 2709550.0], [290950.0, 2709450.0], [290950.0, 2709350.0], [290950.0, 2709250.0], [290950.0, 2709150.0], [290950.0, 2709050.0], [290950.0, 2708950.0], [290950.0, 2708850.0], [290950.0, 2708750.0], [290850.0, 2708650.0], [290650.0, 2708550.0], [290550.0, 2708550.0], [290450.0, 2708550.0], [290350.0, 2708550.0], [290250.0, 2708550.0], [290050.0, 2708450.0], [289950.0, 2708450.0], [289750.0, 2708350.0], [289550.0, 2708250.0], [289450.0, 2708150.0], [289350.0, 2708050.0], [289250.0, 2707950.0], [289150.0, 2707850.0], [289050.0, 2707850.0], [288850.0, 2707750.0], [288750.0, 2707750.0], [288650.0, 2707750.0], [288550.0, 2707750.0], [288350.0, 2707850.0], [288250.0, 2707850.0], [288050.0, 2707750.0], [287950.0, 2707750.0], [287750.0, 2707650.0], [287650.0, 2707650.0], [287450.0, 2707550.0], [287250.0, 2707450.0], [287150.0, 2707450.0], [287050.0, 2707450.0], [286950.0, 2707450.0], [286850.0, 2707450.0], [286650.0, 2707350.0], [286550.0, 2707250.0], [286350.0, 2707150.0], [286250.0, 2707150.0], [286150.0, 2707150.0], [286050.0, 2707150.0], [285950.0, 2707150.0], [285850.0, 2707150.0], [285750.0, 2707150.0], [285550.0, 2707250.0], [285450.0, 2707250.0], [285350.0, 2707250.0], [285150.0, 2707350.0], [285050.0, 2707350.0], [284950.0, 2707350.0], [284750.0, 2707450.0], [284650.0, 2707450.0], [284550.0, 2707450.0], [284450.0, 2707450.0], [284350.0, 2707450.0], [284250.0, 2707450.0]]}, "properties": {"point_id": 9, "emergency": "childbirth_complication", "season": "dry", "kind": "primary", "facility_cat": 17, "facility_name": "Karimganj Upazilla Health Complex", "minutes": 27.0}}, {"type": "Feature", "geometry": {"type": "LineString", "coordinates": [[290550.0, 2709750.0], [290650.0, 2709750.0], [290750.0, 2709750.0], [290850.0, 2709750.0], [290950.0, 2709750.0], [290950.0, 2709650.0], [290950.0, 2709550.0], [290950.0, 2709450.0], [290950.0, 2709350.0], [290950.0, 2709250.0], [290950.0, 2709150.0], [290950.0, 2709050.0], [290950.0, 2708950.0], [290950.0, 2708850.0], [290950.0, 2708750.0], [290850.0, 2708650.0], [290650.0, 2708550.0], [290550.0, 2708550.0], [290450.0, 2708550.0], [290350.0, 2708550.0], [290250.0, 2708550.0], [290050.0, 2708450.0], [289950.0, 2708450.0], [289750.0, 2708350.0], [289650.0, 2708250.0], [289550.0, 2708150.0], [289450.0, 2708050.0], [289350.0, 2707950.0], [289150.0, 2707850.0], [289050.0, 2707850.0], [288850.0, 2707750.0], [288750.0, 2707750.0], [288650.0, 2707750.0], [288550.0, 2707750.0], [288350.0, 2707850.0], [288250.0, 2707850.0], [288050.0, 2707750.0], [287950.0, 2707750.0], [287750.0, 2707650.0], [287650.0, 2707650.0], [287450.0, 2707550.0], [287250.0, 2707450.0], [287150.0, 2707450.0], [287050.0, 2707450.0], [286950.0, 2707450.0], [286850.0, 2707450.0], [286650.0, 2707350.0], [286550.0, 2707250.0], [286350.0, 2707150.0], [286250.0, 2707150.0], [286150.0, 2707150.0], [286050.0, 2707150.0], [285950.0, 2707150.0], [285850.0, 2707150.0], [285750.0, 2707150.0], [285550.0, 2707250.0], [285450.0, 2707250.0], [285350.0, 2707250.0], [285150.0, 2707350.0], [285050.0, 2707350.0], [284950.0, 2707350.0], [284750.0, 2707450.0], [284650.0, 2707350.0], [284550.0, 2707250.0], [284450.0, 2707050.0], [284450.0, 2706950.0], [284450.0, 2706850.0], [284350.0, 2706750.0], [284250.0, 2706650.0], [284150.0, 2706650.0], [284050.0, 2706650.0], [283950.0, 2706650.0], [283750.0, 2706550.0], [283650.0, 2706450.0], [283550.0, 2706350.0], [283450.0, 2706250.0], [283350.0, 2706150.0], [283250.0, 2706050.0], [283050.0, 2705950.0], [282950.0, 2705850.0], [282850.0, 2705750.0], [282750.0, 2705650.0], [282650.0, 2705550.0], [282650.0, 2705450.0]]}, "properties": {"point_id": 9, "emergency": "childbirth_complication", "season": "dry", "kind": "backup", "facility_cat": 7, "facility_name": "OSM 13846497403 (bangla name)", "minutes": 34.0}}, {"type": "Feature", "geometry": {"type": "LineString", "coordinates": [[290550.0, 2709750.0], [290650.0, 2709750.0], [290750.0, 2709750.0], [290850.0, 2709750.0], [290950.0, 2709750.0], [290950.0, 2709650.0], [290950.0, 2709550.0], [290950.0, 2709450.0], [290950.0, 2709350.0], [290950.0, 2709250.0], [290950.0, 2709150.0], [290950.0, 2709050.0], [290950.0, 2708950.0], [290950.0, 2708850.0], [290950.0, 2708750.0], [290850.0, 2708650.0], [290650.0, 2708550.0], [290550.0, 2708550.0], [290450.0, 2708550.0], [290350.0, 2708550.0], [290250.0, 2708550.0], [290050.0, 2708450.0], [289950.0, 2708450.0], [289750.0, 2708350.0], [289550.0, 2708250.0], [289450.0, 2708150.0], [289350.0, 2708050.0], [289250.0, 2707950.0], [289150.0, 2707850.0], [289050.0, 2707850.0], [288850.0, 2707750.0], [288750.0, 2707750.0], [288650.0, 2707750.0], [288550.0, 2707750.0], [288350.0, 2707850.0], [288250.0, 2707850.0], [288050.0, 2707750.0], [287950.0, 2707750.0], [287750.0, 2707650.0], [287650.0, 2707650.0], [287450.0, 2707550.0], [287250.0, 2707450.0], [287150.0, 2707450.0], [287050.0, 2707450.0], [286950.0, 2707450.0], [286850.0, 2707450.0], [286650.0, 2707350.0], [286550.0, 2707250.0], [286350.0, 2707150.0], [286250.0, 2707150.0], [286150.0, 2707150.0], [286050.0, 2707150.0], [285950.0, 2707150.0], [285850.0, 2707150.0], [285750.0, 2707150.0], [285550.0, 2707250.0], [285450.0, 2707250.0], [285350.0, 2707250.0], [285150.0, 2707350.0], [285050.0, 2707350.0], [284950.0, 2707350.0], [284750.0, 2707450.0], [284650.0, 2707450.0], [284550.0, 2707450.0], [284450.0, 2707450.0], [284350.0, 2707450.0], [284250.0, 2707450.0]]}, "properties": {"point_id": 9, "emergency": "childbirth_complication", "season": "flood0708", "kind": "primary", "facility_cat": 17, "facility_name": "Karimganj Upazilla Health Complex", "minutes": 27.0}}, {"type": "Feature", "geometry": {"type": "LineString", "coordinates": [[290550.0, 2709750.0], [290650.0, 2709750.0], [290750.0, 2709750.0], [290850.0, 2709750.0], [290950.0, 2709750.0], [290950.0, 2709650.0], [290950.0, 2709550.0], [290950.0, 2709450.0], [290950.0, 2709350.0], [290950.0, 2709250.0], [290950.0, 2709150.0], [290950.0, 2709050.0], [290950.0, 2708950.0], [290950.0, 2708850.0], [290950.0, 2708750.0], [290850.0, 2708650.0], [290650.0, 2708550.0], [290550.0, 2708550.0], [290450.0, 2708550.0], [290350.0, 2708550.0], [290250.0, 2708550.0], [290050.0, 2708450.0], [289950.0, 2708450.0], [289750.0, 2708350.0], [289650.0, 2708250.0], [289550.0, 2708150.0], [289450.0, 2708050.0], [289350.0, 2707950.0], [289150.0, 2707850.0], [289050.0, 2707850.0], [288850.0, 2707750.0], [288750.0, 2707750.0], [288650.0, 2707750.0], [288550.0, 2707750.0], [288350.0, 2707850.0], [288250.0, 2707850.0], [288050.0, 2707750.0], [287950.0, 2707750.0], [287750.0, 2707650.0], [287650.0, 2707650.0], [287450.0, 2707550.0], [287250.0, 2707450.0], [287150.0, 2707450.0], [287050.0, 2707450.0], [286950.0, 2707450.0], [286850.0, 2707450.0], [286650.0, 2707350.0], [286550.0, 2707250.0], [286350.0, 2707150.0], [286250.0, 2707150.0], [286150.0, 2707150.0], [286050.0, 2707150.0], [285950.0, 2707150.0], [285850.0, 2707150.0], [285750.0, 2707150.0], [285550.0, 2707250.0], [285450.0, 2707250.0], [285350.0, 2707250.0], [285150.0, 2707350.0], [285050.0, 2707350.0], [284950.0, 2707350.0], [284750.0, 2707450.0], [284650.0, 2707350.0], [284550.0, 2707250.0], [284450.0, 2707050.0], [284450.0, 2706950.0], [284450.0, 2706850.0], [284350.0, 2706750.0], [284250.0, 2706650.0], [284150.0, 2706650.0], [284050.0, 2706650.0], [283950.0, 2706650.0], [283750.0, 2706550.0], [283650.0, 2706450.0], [283550.0, 2706350.0], [283450.0, 2706250.0], [283350.0, 2706150.0], [283250.0, 2706050.0], [283050.0, 2705950.0], [282950.0, 2705850.0], [282850.0, 2705750.0], [282750.0, 2705650.0], [282650.0, 2705550.0], [282650.0, 2705450.0]]}, "properties": {"point_id": 9, "emergency": "childbirth_complication", "season": "flood0708", "kind": "backup", "facility_cat": 7, "facility_name": "OSM 13846497403 (bangla name)", "minutes": 34.0}}, {"type": "Feature", "geometry": {"type": "LineString", "coordinates": [[385450.0, 2752050.0], [385250.0, 2752150.0], [385250.0, 2752250.0], [385250.0, 2752350.0], [385150.0, 2752450.0], [385050.0, 2752550.0], [384950.0, 2752650.0], [384850.0, 2752850.0], [384850.0, 2752950.0], [384850.0, 2753050.0], [384850.0, 2753150.0], [384950.0, 2753250.0], [385050.0, 2753250.0], [385150.0, 2753350.0]]}, "properties": {"point_id": 10, "emergency": "snakebite", "season": "dry", "kind": "primary", "facility_cat": 127, "facility_name": "Parkview Medical College", "minutes": 4.0}}, {"type": "Feature", "geometry": {"type": "LineString", "coordinates": [[385450.0, 2752050.0], [385250.0, 2752150.0], [385150.0, 2752050.0], [385050.0, 2751950.0], [384950.0, 2751750.0], [384850.0, 2751550.0], [384750.0, 2751350.0], [384750.0, 2751250.0], [384650.0, 2751050.0], [384650.0, 2750950.0], [384550.0, 2750750.0], [384450.0, 2750650.0], [384350.0, 2750550.0], [384450.0, 2750450.0]]}, "properties": {"point_id": 10, "emergency": "snakebite", "season": "dry", "kind": "backup", "facility_cat": 3, "facility_name": "North East Medical College Hospital", "minutes": 5.0}}, {"type": "Feature", "geometry": {"type": "LineString", "coordinates": [[385450.0, 2752050.0], [385250.0, 2752150.0], [385250.0, 2752250.0], [385250.0, 2752350.0], [385150.0, 2752450.0], [385050.0, 2752550.0], [384950.0, 2752650.0], [384850.0, 2752850.0], [384850.0, 2752950.0], [384850.0, 2753050.0], [384850.0, 2753150.0], [384950.0, 2753250.0], [385050.0, 2753250.0], [385150.0, 2753350.0]]}, "properties": {"point_id": 10, "emergency": "snakebite", "season": "flood0708", "kind": "primary", "facility_cat": 127, "facility_name": "Parkview Medical College", "minutes": 4.0}}, {"type": "Feature", "geometry": {"type": "LineString", "coordinates": [[385450.0, 2752050.0], [385250.0, 2752150.0], [385150.0, 2752050.0], [385050.0, 2751950.0], [384950.0, 2751750.0], [384850.0, 2751550.0], [384750.0, 2751350.0], [384750.0, 2751250.0], [384650.0, 2751050.0], [384650.0, 2750950.0], [384550.0, 2750750.0], [384450.0, 2750650.0], [384350.0, 2750550.0], [384450.0, 2750450.0]]}, "properties": {"point_id": 10, "emergency": "snakebite", "season": "flood0708", "kind": "backup", "facility_cat": 3, "facility_name": "North East Medical College Hospital", "minutes": 5.0}}, {"type": "Feature", "geometry": {"type": "LineString", "coordinates": [[337250.0, 2682750.0], [337350.0, 2682850.0], [337450.0, 2682950.0], [337550.0, 2682950.0], [337650.0, 2683050.0], [337750.0, 2683150.0], [337850.0, 2683250.0], [337950.0, 2683350.0], [338050.0, 2683450.0], [338150.0, 2683650.0], [338050.0, 2683850.0], [337950.0, 2684050.0], [337850.0, 2684250.0], [337850.0, 2684350.0], [337750.0, 2684550.0], [337650.0, 2684750.0], [337650.0, 2684850.0], [337550.0, 2685050.0], [337550.0, 2685150.0], [337550.0, 2685250.0], [337550.0, 2685350.0], [337550.0, 2685450.0], [337650.0, 2685550.0], [337850.0, 2685650.0], [338050.0, 2685750.0], [338150.0, 2685850.0], [338350.0, 2685950.0], [338550.0, 2686050.0], [338650.0, 2686150.0], [338850.0, 2686250.0], [338950.0, 2686250.0], [339150.0, 2686350.0], [339250.0, 2686350.0], [339350.0, 2686350.0], [339450.0, 2686350.0], [339550.0, 2686350.0], [339650.0, 2686350.0], [339750.0, 2686350.0], [339850.0, 2686450.0], [339850.0, 2686550.0], [339950.0, 2686750.0], [339950.0, 2686850.0], [339950.0, 2686950.0], [339950.0, 2687050.0], [340050.0, 2687250.0], [340050.0, 2687350.0], [340050.0, 2687450.0], [340050.0, 2687550.0], [340150.0, 2687750.0], [340150.0, 2687850.0], [340250.0, 2687950.0], [340350.0, 2688050.0], [340450.0, 2688150.0], [340550.0, 2688250.0], [340650.0, 2688450.0], [340750.0, 2688650.0], [340850.0, 2688850.0], [340850.0, 2688950.0], [340950.0, 2689150.0], [340950.0, 2689250.0], [340950.0, 2689350.0], [341050.0, 2689550.0], [341150.0, 2689650.0], [341250.0, 2689850.0], [341350.0, 2689950.0], [341350.0, 2690050.0], [341350.0, 2690150.0], [341250.0, 2690350.0], [341250.0, 2690450.0], [341150.0, 2690650.0], [341150.0, 2690750.0], [341050.0, 2690950.0], [341050.0, 2691050.0], [341050.0, 2691150.0], [340950.0, 2691350.0], [340950.0, 2691450.0], [340850.0, 2691650.0], [340850.0, 2691750.0], [340750.0, 2691950.0], [340750.0, 2692050.0], [340750.0, 2692150.0], [340650.0, 2692350.0], [340550.0, 2692550.0], [340550.0, 2692650.0], [340550.0, 2692750.0], [340450.0, 2692950.0], [340450.0, 2693050.0], [340350.0, 2693250.0], [340350.0, 2693350.0], [340250.0, 2693550.0], [340250.0, 2693650.0], [340250.0, 2693750.0], [340150.0, 2693950.0], [340050.0, 2694150.0], [340050.0, 2694250.0], [340050.0, 2694350.0], [339950.0, 2694550.0], [339950.0, 2694650.0], [339850.0, 2694850.0], [339850.0, 2694950.0], [339750.0, 2695150.0], [339750.0, 2695250.0], [339650.0, 2695450.0], [339650.0, 2695550.0], [339650.0, 2695650.0], [339650.0, 2695750.0], [339550.0, 2695950.0], [339550.0, 2696050.0], [339450.0, 2696250.0], [339550.0, 2696450.0]]}, "properties": {"point_id": 11, "emergency": "injury_drowning", "season": "dry", "kind": "primary", "facility_cat": 10, "facility_name": "Habiganj General Hospital", "minutes": 30.0}}, {"type": "Feature", "geometry": {"type": "LineString", "coordinates": [[337250.0, 2682750.0], [337350.0, 2682850.0], [337450.0, 2682950.0], [337550.0, 2682950.0], [337650.0, 2683050.0], [337750.0, 2683150.0], [337850.0, 2683250.0], [337950.0, 2683350.0], [338050.0, 2683450.0], [338150.0, 2683650.0], [338050.0, 2683850.0], [337950.0, 2684050.0], [337850.0, 2684250.0], [337850.0, 2684350.0], [337750.0, 2684550.0], [337650.0, 2684750.0], [337650.0, 2684850.0], [337550.0, 2685050.0], [337550.0, 2685150.0], [337550.0, 2685250.0], [337550.0, 2685350.0], [337550.0, 2685450.0], [337650.0, 2685550.0], [337850.0, 2685650.0], [338050.0, 2685750.0], [338150.0, 2685850.0], [338350.0, 2685950.0], [338550.0, 2686050.0], [338650.0, 2686150.0], [338850.0, 2686250.0], [338950.0, 2686250.0], [339150.0, 2686350.0], [339250.0, 2686350.0], [339350.0, 2686350.0], [339450.0, 2686350.0], [339550.0, 2686350.0], [339650.0, 2686350.0], [339750.0, 2686350.0], [339850.0, 2686450.0], [339850.0, 2686550.0], [339950.0, 2686750.0], [339950.0, 2686850.0], [339950.0, 2686950.0], [339950.0, 2687050.0], [340050.0, 2687250.0], [340050.0, 2687350.0], [340050.0, 2687450.0], [340050.0, 2687550.0], [340150.0, 2687750.0], [340150.0, 2687850.0], [340250.0, 2687950.0], [340350.0, 2688050.0], [340450.0, 2688150.0], [340550.0, 2688250.0], [340650.0, 2688450.0], [340750.0, 2688650.0], [340850.0, 2688850.0], [340850.0, 2688950.0], [340950.0, 2689150.0], [340950.0, 2689250.0], [340950.0, 2689350.0], [341050.0, 2689550.0], [341150.0, 2689650.0], [341250.0, 2689850.0], [341350.0, 2689950.0], [341350.0, 2690050.0], [341350.0, 2690150.0], [341250.0, 2690350.0], [341250.0, 2690450.0], [341150.0, 2690650.0], [341150.0, 2690750.0], [341050.0, 2690950.0], [341050.0, 2691050.0], [341050.0, 2691150.0], [340950.0, 2691350.0], [340950.0, 2691450.0], [340850.0, 2691650.0], [340850.0, 2691750.0], [340750.0, 2691950.0], [340750.0, 2692050.0], [340750.0, 2692150.0], [340650.0, 2692350.0], [340550.0, 2692550.0], [340550.0, 2692650.0], [340550.0, 2692750.0], [340450.0, 2692950.0], [340450.0, 2693050.0], [340350.0, 2693250.0], [340350.0, 2693350.0], [340250.0, 2693550.0], [340250.0, 2693650.0], [340150.0, 2693850.0], [340150.0, 2693950.0], [340050.0, 2694150.0], [340050.0, 2694250.0], [340050.0, 2694350.0], [339950.0, 2694550.0], [339950.0, 2694650.0], [339850.0, 2694850.0], [339850.0, 2694950.0], [339750.0, 2695150.0], [339750.0, 2695250.0], [339650.0, 2695450.0], [339650.0, 2695550.0], [339650.0, 2695650.0], [339650.0, 2695750.0], [339550.0, 2695950.0], [339550.0, 2696050.0], [339450.0, 2696250.0], [339350.0, 2696450.0], [339450.0, 2696550.0]]}, "properties": {"point_id": 11, "emergency": "injury_drowning", "season": "dry", "kind": "backup", "facility_cat": 4, "facility_name": "Habiganj Medical College", "minutes": 31.0}}, {"type": "Feature", "geometry": {"type": "LineString", "coordinates": [[337250.0, 2682750.0], [337350.0, 2682850.0], [337450.0, 2682950.0], [337550.0, 2682950.0], [337650.0, 2683050.0], [337750.0, 2683150.0], [337850.0, 2683250.0], [337950.0, 2683350.0], [338050.0, 2683450.0], [338150.0, 2683650.0], [338050.0, 2683850.0], [337950.0, 2684050.0], [337850.0, 2684250.0], [337850.0, 2684350.0], [337750.0, 2684550.0], [337650.0, 2684750.0], [337650.0, 2684850.0], [337550.0, 2685050.0], [337550.0, 2685150.0], [337550.0, 2685250.0], [337550.0, 2685350.0], [337550.0, 2685450.0], [337650.0, 2685550.0], [337850.0, 2685650.0], [338050.0, 2685750.0], [338150.0, 2685850.0], [338350.0, 2685950.0], [338550.0, 2686050.0], [338650.0, 2686150.0], [338850.0, 2686250.0], [338950.0, 2686250.0], [339150.0, 2686350.0], [339250.0, 2686350.0], [339350.0, 2686350.0], [339450.0, 2686350.0], [339550.0, 2686350.0], [339650.0, 2686350.0], [339750.0, 2686350.0], [339850.0, 2686450.0], [339850.0, 2686550.0], [339950.0, 2686750.0], [339950.0, 2686850.0], [339950.0, 2686950.0], [339950.0, 2687050.0], [340050.0, 2687250.0], [340050.0, 2687350.0], [340050.0, 2687450.0], [340050.0, 2687550.0], [340150.0, 2687750.0], [340150.0, 2687850.0], [340250.0, 2687950.0], [340350.0, 2688050.0], [340450.0, 2688150.0], [340550.0, 2688250.0], [340650.0, 2688450.0], [340750.0, 2688650.0], [340850.0, 2688850.0], [340850.0, 2688950.0], [340950.0, 2689150.0], [340950.0, 2689250.0], [340950.0, 2689350.0], [341050.0, 2689550.0], [341150.0, 2689650.0], [341250.0, 2689850.0], [341350.0, 2689950.0], [341350.0, 2690050.0], [341350.0, 2690150.0], [341250.0, 2690350.0], [341250.0, 2690450.0], [341150.0, 2690650.0], [341150.0, 2690750.0], [341050.0, 2690950.0], [341050.0, 2691050.0], [341050.0, 2691150.0], [340950.0, 2691350.0], [340950.0, 2691450.0], [340850.0, 2691650.0], [340850.0, 2691750.0], [340750.0, 2691950.0], [340750.0, 2692050.0], [340750.0, 2692150.0], [340650.0, 2692350.0], [340550.0, 2692550.0], [340550.0, 2692650.0], [340550.0, 2692750.0], [340450.0, 2692950.0], [340450.0, 2693050.0], [340350.0, 2693250.0], [340350.0, 2693350.0], [340250.0, 2693550.0], [340250.0, 2693650.0], [340250.0, 2693750.0], [340150.0, 2693950.0], [340050.0, 2694150.0], [340050.0, 2694250.0], [340050.0, 2694350.0], [339950.0, 2694550.0], [339950.0, 2694650.0], [339850.0, 2694850.0], [339850.0, 2694950.0], [339750.0, 2695150.0], [339750.0, 2695250.0], [339650.0, 2695450.0], [339650.0, 2695550.0], [339650.0, 2695650.0], [339650.0, 2695750.0], [339550.0, 2695950.0], [339550.0, 2696050.0], [339450.0, 2696250.0], [339550.0, 2696450.0]]}, "properties": {"point_id": 11, "emergency": "injury_drowning", "season": "flood0708", "kind": "primary", "facility_cat": 10, "facility_name": "Habiganj General Hospital", "minutes": 30.0}}, {"type": "Feature", "geometry": {"type": "LineString", "coordinates": [[337250.0, 2682750.0], [337350.0, 2682850.0], [337450.0, 2682950.0], [337550.0, 2682950.0], [337650.0, 2683050.0], [337750.0, 2683150.0], [337850.0, 2683250.0], [337950.0, 2683350.0], [338050.0, 2683450.0], [338150.0, 2683650.0], [338050.0, 2683850.0], [337950.0, 2684050.0], [337850.0, 2684250.0], [337850.0, 2684350.0], [337750.0, 2684550.0], [337650.0, 2684750.0], [337650.0, 2684850.0], [337550.0, 2685050.0], [337550.0, 2685150.0], [337550.0, 2685250.0], [337550.0, 2685350.0], [337550.0, 2685450.0], [337650.0, 2685550.0], [337850.0, 2685650.0], [338050.0, 2685750.0], [338150.0, 2685850.0], [338350.0, 2685950.0], [338550.0, 2686050.0], [338650.0, 2686150.0], [338850.0, 2686250.0], [338950.0, 2686250.0], [339150.0, 2686350.0], [339250.0, 2686350.0], [339350.0, 2686350.0], [339450.0, 2686350.0], [339550.0, 2686350.0], [339650.0, 2686350.0], [339750.0, 2686350.0], [339850.0, 2686450.0], [339850.0, 2686550.0], [339950.0, 2686750.0], [339950.0, 2686850.0], [339950.0, 2686950.0], [339950.0, 2687050.0], [340050.0, 2687250.0], [340050.0, 2687350.0], [340050.0, 2687450.0], [340050.0, 2687550.0], [340150.0, 2687750.0], [340150.0, 2687850.0], [340250.0, 2687950.0], [340350.0, 2688050.0], [340450.0, 2688150.0], [340550.0, 2688250.0], [340650.0, 2688450.0], [340750.0, 2688650.0], [340850.0, 2688850.0], [340850.0, 2688950.0], [340950.0, 2689150.0], [340950.0, 2689250.0], [340950.0, 2689350.0], [341050.0, 2689550.0], [341150.0, 2689650.0], [341250.0, 2689850.0], [341350.0, 2689950.0], [341350.0, 2690050.0], [341350.0, 2690150.0], [341250.0, 2690350.0], [341250.0, 2690450.0], [341150.0, 2690650.0], [341150.0, 2690750.0], [341050.0, 2690950.0], [341050.0, 2691050.0], [341050.0, 2691150.0], [340950.0, 2691350.0], [340950.0, 2691450.0], [340850.0, 2691650.0], [340850.0, 2691750.0], [340750.0, 2691950.0], [340750.0, 2692050.0], [340750.0, 2692150.0], [340650.0, 2692350.0], [340550.0, 2692550.0], [340550.0, 2692650.0], [340550.0, 2692750.0], [340450.0, 2692950.0], [340450.0, 2693050.0], [340350.0, 2693250.0], [340350.0, 2693350.0], [340250.0, 2693550.0], [340250.0, 2693650.0], [340150.0, 2693850.0], [340150.0, 2693950.0], [340050.0, 2694150.0], [340050.0, 2694250.0], [340050.0, 2694350.0], [339950.0, 2694550.0], [339950.0, 2694650.0], [339850.0, 2694850.0], [339850.0, 2694950.0], [339750.0, 2695150.0], [339750.0, 2695250.0], [339650.0, 2695450.0], [339650.0, 2695550.0], [339650.0, 2695650.0], [339650.0, 2695750.0], [339550.0, 2695950.0], [339550.0, 2696050.0], [339450.0, 2696250.0], [339350.0, 2696450.0], [339450.0, 2696550.0]]}, "properties": {"point_id": 11, "emergency": "injury_drowning", "season": "flood0708", "kind": "backup", "facility_cat": 4, "facility_name": "Habiganj Medical College", "minutes": 31.0}}, {"type": "Feature", "geometry": {"type": "LineString", "coordinates": [[366050.0, 2758250.0], [365950.0, 2758250.0], [365750.0, 2758350.0], [365650.0, 2758350.0], [365450.0, 2758450.0], [365350.0, 2758450.0], [365250.0, 2758450.0], [365050.0, 2758550.0], [364950.0, 2758550.0], [364850.0, 2758550.0], [364650.0, 2758650.0], [364550.0, 2758650.0], [364450.0, 2758650.0], [364250.0, 2758750.0], [364150.0, 2758750.0], [364050.0, 2758750.0], [363850.0, 2758850.0], [363750.0, 2758850.0], [363650.0, 2758850.0], [363450.0, 2758950.0], [363350.0, 2758950.0], [363250.0, 2758950.0], [363050.0, 2759050.0], [362950.0, 2759050.0], [362850.0, 2759050.0], [362750.0, 2759050.0], [362650.0, 2759050.0], [362550.0, 2759050.0], [362450.0, 2759050.0], [362350.0, 2759050.0], [362250.0, 2759050.0], [362150.0, 2759050.0], [362050.0, 2759050.0], [361950.0, 2759050.0], [361850.0, 2759050.0], [361750.0, 2759050.0], [361650.0, 2759050.0], [361550.0, 2759050.0], [361450.0, 2759050.0], [361350.0, 2759050.0], [361150.0, 2759150.0], [361050.0, 2759150.0], [360950.0, 2759150.0], [360850.0, 2759150.0], [360750.0, 2759150.0], [360550.0, 2759250.0], [360450.0, 2759250.0], [360350.0, 2759250.0], [360250.0, 2759250.0], [360150.0, 2759250.0], [360050.0, 2759250.0], [359950.0, 2759250.0], [359850.0, 2759250.0], [359650.0, 2759350.0], [359550.0, 2759350.0], [359350.0, 2759450.0], [359250.0, 2759450.0], [359150.0, 2759450.0], [359050.0, 2759450.0], [358850.0, 2759550.0], [358750.0, 2759550.0], [358650.0, 2759550.0], [358450.0, 2759650.0], [358350.0, 2759650.0], [358250.0, 2759650.0], [358050.0, 2759750.0], [357850.0, 2759650.0], [357650.0, 2759550.0], [357450.0, 2759450.0], [357350.0, 2759350.0], [357150.0, 2759250.0], [357050.0, 2759150.0], [356850.0, 2759050.0], [356750.0, 2758950.0], [356550.0, 2758850.0], [356450.0, 2758750.0], [356350.0, 2758650.0], [356150.0, 2758550.0], [356050.0, 2758450.0], [355950.0, 2758350.0], [355750.0, 2758250.0], [355650.0, 2758150.0], [355450.0, 2758050.0], [355250.0, 2757950.0], [355150.0, 2757850.0], [355150.0, 2757750.0]]}, "properties": {"point_id": 12, "emergency": "minor_illness", "season": "dry", "kind": "primary", "facility_cat": 74, "facility_name": "koitok hospital", "minutes": 20.0}}, {"type": "Feature", "geometry": {"type": "LineString", "coordinates": [[366050.0, 2758250.0], [366150.0, 2758150.0], [366250.0, 2758150.0], [366450.0, 2758050.0], [366550.0, 2758050.0], [366750.0, 2757950.0], [366950.0, 2757850.0], [367050.0, 2757850.0], [367250.0, 2757750.0], [367350.0, 2757750.0], [367450.0, 2757750.0], [367650.0, 2757650.0], [367750.0, 2757550.0], [367850.0, 2757550.0], [368050.0, 2757650.0], [368150.0, 2757650.0], [368250.0, 2757650.0], [368350.0, 2757650.0], [368450.0, 2757650.0], [368550.0, 2757650.0], [368650.0, 2757550.0], [368750.0, 2757450.0], [368850.0, 2757350.0], [368950.0, 2757250.0], [369050.0, 2757150.0], [369150.0, 2757050.0], [369250.0, 2756950.0], [369450.0, 2756850.0], [369650.0, 2756750.0], [369750.0, 2756750.0], [369950.0, 2756650.0], [370050.0, 2756650.0], [370150.0, 2756650.0], [370350.0, 2756550.0], [370450.0, 2756450.0], [370550.0, 2756350.0], [370650.0, 2756350.0], [370750.0, 2756350.0], [370850.0, 2756350.0], [371050.0, 2756250.0], [371150.0, 2756150.0], [371250.0, 2756050.0], [371450.0, 2755950.0], [371650.0, 2755850.0], [371750.0, 2755750.0], [371950.0, 2755650.0], [372150.0, 2755550.0], [372250.0, 2755550.0], [372350.0, 2755550.0], [372450.0, 2755550.0], [372550.0, 2755550.0], [372650.0, 2755550.0], [372750.0, 2755550.0], [372850.0, 2755550.0], [372950.0, 2755550.0], [373050.0, 2755550.0], [373150.0, 2755550.0], [373250.0, 2755550.0], [373350.0, 2755550.0], [373450.0, 2755550.0], [373550.0, 2755550.0], [373650.0, 2755550.0], [373750.0, 2755550.0], [373950.0, 2755650.0], [374050.0, 2755650.0], [374150.0, 2755650.0], [374250.0, 2755650.0], [374350.0, 2755650.0], [374450.0, 2755650.0], [374550.0, 2755650.0], [374650.0, 2755650.0], [374750.0, 2755650.0], [374950.0, 2755550.0], [375050.0, 2755550.0], [375150.0, 2755550.0], [375250.0, 2755550.0], [375350.0, 2755550.0], [375450.0, 2755550.0], [375550.0, 2755550.0], [375650.0, 2755550.0], [375750.0, 2755550.0], [375850.0, 2755550.0], [375950.0, 2755550.0], [376050.0, 2755550.0], [376150.0, 2755550.0], [376250.0, 2755550.0], [376450.0, 2755650.0], [376550.0, 2755650.0], [376650.0, 2755750.0], [376750.0, 2755850.0], [376850.0, 2755950.0], [376950.0, 2756050.0], [377050.0, 2756150.0], [377250.0, 2756050.0], [377350.0, 2755950.0], [377550.0, 2755850.0], [377650.0, 2755750.0], [377750.0, 2755750.0], [377850.0, 2755750.0], [377950.0, 2755750.0], [378050.0, 2755750.0], [378150.0, 2755750.0], [378350.0, 2755850.0], [378450.0, 2755850.0], [378550.0, 2755850.0], [378750.0, 2755950.0], [378850.0, 2755950.0], [378950.0, 2755950.0], [379050.0, 2755950.0], [379250.0, 2755850.0], [379350.0, 2755850.0], [379450.0, 2755850.0], [379550.0, 2755850.0], [379750.0, 2755750.0], [379850.0, 2755750.0], [379950.0, 2755750.0], [380150.0, 2755850.0], [380350.0, 2755950.0], [380550.0, 2756050.0], [380650.0, 2756050.0], [380850.0, 2755950.0], [380950.0, 2755950.0], [381150.0, 2755850.0], [381350.0, 2755750.0], [381450.0, 2755750.0], [381550.0, 2755750.0], [381650.0, 2755750.0], [381850.0, 2755650.0], [381950.0, 2755650.0], [382150.0, 2755550.0], [382350.0, 2755450.0], [382450.0, 2755350.0], [382650.0, 2755450.0], [382750.0, 2755450.0], [382850.0, 2755450.0], [382950.0, 2755450.0], [383050.0, 2755450.0], [383150.0, 2755450.0], [383250.0, 2755450.0]]}, "properties": {"point_id": 12, "emergency": "minor_illness", "season": "dry", "kind": "backup", "facility_cat": 78, "facility_name": "Mount Adora Hospital", "minutes": 29.0}}, {"type": "Feature", "geometry": {"type": "LineString", "coordinates": [[366050.0, 2758250.0], [365950.0, 2758250.0], [365750.0, 2758350.0], [365650.0, 2758350.0], [365450.0, 2758450.0], [365350.0, 2758450.0], [365250.0, 2758450.0], [365050.0, 2758550.0], [364950.0, 2758550.0], [364850.0, 2758550.0], [364650.0, 2758650.0], [364550.0, 2758650.0], [364450.0, 2758650.0], [364250.0, 2758750.0], [364150.0, 2758750.0], [364050.0, 2758750.0], [363850.0, 2758850.0], [363750.0, 2758850.0], [363650.0, 2758850.0], [363450.0, 2758950.0], [363350.0, 2758950.0], [363250.0, 2758950.0], [363050.0, 2759050.0], [362950.0, 2759050.0], [362850.0, 2759050.0], [362750.0, 2759050.0], [362650.0, 2759050.0], [362550.0, 2759150.0], [362450.0, 2759050.0], [362350.0, 2759050.0], [362250.0, 2759050.0], [362150.0, 2759050.0], [362050.0, 2759050.0], [361950.0, 2759050.0], [361850.0, 2759050.0], [361750.0, 2759050.0], [361650.0, 2759050.0], [361550.0, 2759050.0], [361450.0, 2759050.0], [361350.0, 2759050.0], [361150.0, 2759150.0], [361050.0, 2759150.0], [360950.0, 2759150.0], [360850.0, 2759150.0], [360750.0, 2759150.0], [360550.0, 2759250.0], [360450.0, 2759250.0], [360350.0, 2759250.0], [360250.0, 2759250.0], [360150.0, 2759250.0], [360050.0, 2759250.0], [359950.0, 2759250.0], [359850.0, 2759250.0], [359650.0, 2759350.0], [359550.0, 2759350.0], [359350.0, 2759450.0], [359250.0, 2759450.0], [359150.0, 2759450.0], [359050.0, 2759450.0], [358850.0, 2759550.0], [358750.0, 2759550.0], [358650.0, 2759550.0], [358450.0, 2759650.0], [358350.0, 2759650.0], [358250.0, 2759650.0], [358050.0, 2759750.0], [357850.0, 2759650.0], [357650.0, 2759550.0], [357450.0, 2759450.0], [357350.0, 2759350.0], [357150.0, 2759250.0], [357050.0, 2759150.0], [356850.0, 2759050.0], [356750.0, 2758950.0], [356550.0, 2758850.0], [356450.0, 2758750.0], [356350.0, 2758650.0], [356150.0, 2758550.0], [356050.0, 2758450.0], [355950.0, 2758350.0], [355750.0, 2758250.0], [355650.0, 2758150.0], [355450.0, 2758050.0], [355250.0, 2757950.0], [355150.0, 2757850.0], [355150.0, 2757750.0]]}, "properties": {"point_id": 12, "emergency": "minor_illness", "season": "flood0708", "kind": "primary", "facility_cat": 74, "facility_name": "koitok hospital", "minutes": 23.0}}, {"type": "Feature", "geometry": {"type": "LineString", "coordinates": [[366050.0, 2758250.0], [366150.0, 2758150.0], [366250.0, 2758150.0], [366450.0, 2758050.0], [366550.0, 2758050.0], [366750.0, 2757950.0], [366950.0, 2757850.0], [367050.0, 2757850.0], [367250.0, 2757750.0], [367350.0, 2757750.0], [367450.0, 2757750.0], [367650.0, 2757650.0], [367750.0, 2757550.0], [367850.0, 2757550.0], [368050.0, 2757650.0], [368150.0, 2757650.0], [368250.0, 2757650.0], [368350.0, 2757650.0], [368450.0, 2757650.0], [368550.0, 2757650.0], [368650.0, 2757550.0], [368750.0, 2757450.0], [368850.0, 2757350.0], [368950.0, 2757250.0], [369050.0, 2757150.0], [369150.0, 2757050.0], [369250.0, 2756950.0], [369450.0, 2756850.0], [369650.0, 2756750.0], [369750.0, 2756750.0], [369950.0, 2756650.0], [370050.0, 2756650.0], [370150.0, 2756650.0], [370350.0, 2756550.0], [370450.0, 2756450.0], [370550.0, 2756350.0], [370650.0, 2756350.0], [370750.0, 2756350.0], [370850.0, 2756350.0], [371050.0, 2756250.0], [371150.0, 2756150.0], [371250.0, 2756050.0], [371450.0, 2755950.0], [371650.0, 2755850.0], [371750.0, 2755750.0], [371950.0, 2755650.0], [372150.0, 2755550.0], [372250.0, 2755550.0], [372350.0, 2755550.0], [372450.0, 2755550.0], [372550.0, 2755550.0], [372650.0, 2755550.0], [372750.0, 2755550.0], [372850.0, 2755550.0], [372950.0, 2755550.0], [373050.0, 2755550.0], [373150.0, 2755550.0], [373250.0, 2755550.0], [373350.0, 2755550.0], [373450.0, 2755550.0], [373550.0, 2755550.0], [373650.0, 2755550.0], [373750.0, 2755550.0], [373950.0, 2755650.0], [374050.0, 2755650.0], [374150.0, 2755650.0], [374250.0, 2755650.0], [374350.0, 2755650.0], [374450.0, 2755650.0], [374550.0, 2755650.0], [374650.0, 2755650.0], [374750.0, 2755650.0], [374950.0, 2755550.0], [375050.0, 2755550.0], [375150.0, 2755550.0], [375250.0, 2755550.0], [375350.0, 2755550.0], [375450.0, 2755550.0], [375550.0, 2755550.0], [375650.0, 2755550.0], [375750.0, 2755550.0], [375850.0, 2755550.0], [375950.0, 2755550.0], [376050.0, 2755550.0], [376150.0, 2755550.0], [376250.0, 2755550.0], [376450.0, 2755650.0], [376550.0, 2755650.0], [376650.0, 2755750.0], [376750.0, 2755850.0], [376850.0, 2755950.0], [376950.0, 2756050.0], [377050.0, 2756150.0], [377250.0, 2756050.0], [377350.0, 2755950.0], [377550.0, 2755850.0], [377650.0, 2755750.0], [377750.0, 2755750.0], [377850.0, 2755750.0], [377950.0, 2755750.0], [378050.0, 2755750.0], [378150.0, 2755750.0], [378350.0, 2755850.0], [378450.0, 2755850.0], [378550.0, 2755850.0], [378750.0, 2755950.0], [378850.0, 2755950.0], [378950.0, 2755950.0], [379050.0, 2755950.0], [379250.0, 2755850.0], [379350.0, 2755850.0], [379450.0, 2755850.0], [379550.0, 2755850.0], [379750.0, 2755750.0], [379850.0, 2755750.0], [379950.0, 2755750.0], [380150.0, 2755850.0], [380350.0, 2755950.0], [380550.0, 2756050.0], [380650.0, 2756050.0], [380850.0, 2755950.0], [380950.0, 2755950.0], [381150.0, 2755850.0], [381350.0, 2755750.0], [381450.0, 2755750.0], [381550.0, 2755750.0], [381650.0, 2755750.0], [381850.0, 2755650.0], [381950.0, 2755650.0], [382150.0, 2755550.0], [382350.0, 2755450.0], [382450.0, 2755350.0], [382650.0, 2755450.0], [382750.0, 2755450.0], [382850.0, 2755450.0], [382950.0, 2755450.0], [383050.0, 2755450.0], [383150.0, 2755450.0], [383250.0, 2755450.0]]}, "properties": {"point_id": 12, "emergency": "minor_illness", "season": "flood0708", "kind": "backup", "facility_cat": 78, "facility_name": "Mount Adora Hospital", "minutes": 29.0}}, {"type": "Feature", "geometry": {"type": "LineString", "coordinates": [[280750.0, 2682450.0], [280750.0, 2682550.0], [280650.0, 2682550.0], [280550.0, 2682550.0], [280450.0, 2682550.0], [280350.0, 2682550.0], [280250.0, 2682550.0], [280050.0, 2682450.0], [279950.0, 2682450.0], [279850.0, 2682450.0], [279650.0, 2682350.0], [279550.0, 2682350.0], [279450.0, 2682350.0], [279350.0, 2682350.0], [279250.0, 2682350.0], [279050.0, 2682450.0], [278950.0, 2682550.0], [278850.0, 2682650.0], [278750.0, 2682750.0], [278550.0, 2682850.0], [278350.0, 2682950.0], [278150.0, 2683050.0], [277950.0, 2683150.0], [277850.0, 2683150.0], [277650.0, 2683250.0], [277550.0, 2683250.0], [277450.0, 2683250.0], [277350.0, 2683250.0], [277150.0, 2683350.0], [277050.0, 2683350.0], [276850.0, 2683450.0], [276650.0, 2683350.0], [276550.0, 2683250.0], [276550.0, 2683150.0], [276450.0, 2683050.0]]}, "properties": {"point_id": 13, "emergency": "childbirth_complication", "season": "dry", "kind": "primary", "facility_cat": 18, "facility_name": "Katiyadi Upazilla Health Complex", "minutes": 11.0}}, {"type": "Feature", "geometry": {"type": "LineString", "coordinates": [[280750.0, 2682450.0], [280750.0, 2682550.0], [280850.0, 2682550.0], [280950.0, 2682550.0], [281050.0, 2682550.0], [281150.0, 2682550.0], [281250.0, 2682550.0], [281350.0, 2682550.0], [281550.0, 2682450.0], [281650.0, 2682450.0], [281750.0, 2682450.0], [281850.0, 2682450.0], [281950.0, 2682450.0], [282050.0, 2682450.0], [282150.0, 2682450.0], [282350.0, 2682350.0], [282450.0, 2682350.0], [282550.0, 2682350.0], [282650.0, 2682350.0], [282750.0, 2682350.0], [282950.0, 2682250.0], [283050.0, 2682250.0], [283150.0, 2682250.0], [283250.0, 2682250.0], [283350.0, 2682250.0], [283450.0, 2682250.0], [283650.0, 2682150.0], [283750.0, 2682150.0], [283850.0, 2682150.0], [283950.0, 2682150.0], [284050.0, 2682150.0], [284250.0, 2682050.0], [284450.0, 2681950.0], [284650.0, 2681850.0], [284750.0, 2681750.0], [284850.0, 2681650.0], [284950.0, 2681550.0], [285050.0, 2681450.0], [285150.0, 2681350.0], [285250.0, 2681250.0], [285350.0, 2681150.0], [285450.0, 2681050.0], [285650.0, 2680950.0], [285750.0, 2680850.0], [285950.0, 2680750.0], [286050.0, 2680750.0], [286150.0, 2680750.0], [286250.0, 2680750.0], [286450.0, 2680650.0], [286550.0, 2680550.0], [286650.0, 2680450.0], [286750.0, 2680350.0], [286850.0, 2680250.0], [286850.0, 2680150.0], [286950.0, 2679950.0], [287050.0, 2679750.0], [287050.0, 2679650.0], [287150.0, 2679450.0], [287250.0, 2679350.0], [287350.0, 2679150.0], [287450.0, 2678950.0], [287450.0, 2678850.0], [287550.0, 2678650.0], [287650.0, 2678450.0], [287650.0, 2678350.0], [287750.0, 2678250.0], [287850.0, 2678150.0], [288050.0, 2678050.0], [288150.0, 2678050.0], [288350.0, 2677950.0], [288450.0, 2677950.0]]}, "properties": {"point_id": 13, "emergency": "childbirth_complication", "season": "dry", "kind": "backup", "facility_cat": 2, "facility_name": "Johurul Islam Medical College and Hospital", "minutes": 23.0}}, {"type": "Feature", "geometry": {"type": "LineString", "coordinates": [[280750.0, 2682450.0], [280750.0, 2682550.0], [280650.0, 2682550.0], [280550.0, 2682550.0], [280450.0, 2682550.0], [280350.0, 2682550.0], [280250.0, 2682550.0], [280050.0, 2682450.0], [279950.0, 2682450.0], [279850.0, 2682450.0], [279650.0, 2682350.0], [279550.0, 2682350.0], [279450.0, 2682350.0], [279350.0, 2682350.0], [279250.0, 2682350.0], [279050.0, 2682450.0], [278950.0, 2682550.0], [278850.0, 2682650.0], [278750.0, 2682750.0], [278550.0, 2682850.0], [278350.0, 2682950.0], [278150.0, 2683050.0], [277950.0, 2683150.0], [277850.0, 2683150.0], [277650.0, 2683250.0], [277550.0, 2683250.0], [277450.0, 2683250.0], [277350.0, 2683250.0], [277150.0, 2683350.0], [277050.0, 2683350.0], [276850.0, 2683450.0], [276650.0, 2683350.0], [276550.0, 2683250.0], [276550.0, 2683150.0], [276450.0, 2683050.0]]}, "properties": {"point_id": 13, "emergency": "childbirth_complication", "season": "flood0708", "kind": "primary", "facility_cat": 18, "facility_name": "Katiyadi Upazilla Health Complex", "minutes": 11.0}}, {"type": "Feature", "geometry": {"type": "LineString", "coordinates": [[280750.0, 2682450.0], [280750.0, 2682550.0], [280850.0, 2682550.0], [280950.0, 2682550.0], [281050.0, 2682550.0], [281150.0, 2682550.0], [281250.0, 2682550.0], [281350.0, 2682550.0], [281550.0, 2682450.0], [281650.0, 2682450.0], [281750.0, 2682450.0], [281850.0, 2682450.0], [281950.0, 2682450.0], [282050.0, 2682450.0], [282150.0, 2682450.0], [282350.0, 2682350.0], [282450.0, 2682350.0], [282550.0, 2682350.0], [282650.0, 2682350.0], [282750.0, 2682350.0], [282950.0, 2682250.0], [283050.0, 2682250.0], [283150.0, 2682250.0], [283250.0, 2682250.0], [283350.0, 2682250.0], [283450.0, 2682250.0], [283650.0, 2682150.0], [283750.0, 2682150.0], [283850.0, 2682150.0], [283950.0, 2682150.0], [284050.0, 2682150.0], [284250.0, 2682050.0], [284450.0, 2681950.0], [284650.0, 2681850.0], [284750.0, 2681750.0], [284850.0, 2681650.0], [284950.0, 2681550.0], [285050.0, 2681450.0], [285150.0, 2681350.0], [285250.0, 2681250.0], [285350.0, 2681150.0], [285450.0, 2681050.0], [285650.0, 2680950.0], [285750.0, 2680850.0], [285950.0, 2680750.0], [286050.0, 2680750.0], [286150.0, 2680750.0], [286250.0, 2680750.0], [286450.0, 2680650.0], [286550.0, 2680550.0], [286650.0, 2680450.0], [286750.0, 2680350.0], [286850.0, 2680250.0], [286850.0, 2680150.0], [286950.0, 2679950.0], [287050.0, 2679750.0], [287050.0, 2679650.0], [287150.0, 2679450.0], [287250.0, 2679350.0], [287350.0, 2679150.0], [287450.0, 2678950.0], [287450.0, 2678850.0], [287550.0, 2678650.0], [287650.0, 2678450.0], [287650.0, 2678350.0], [287750.0, 2678250.0], [287850.0, 2678150.0], [288050.0, 2678050.0], [288150.0, 2678050.0], [288350.0, 2677950.0], [288450.0, 2677950.0]]}, "properties": {"point_id": 13, "emergency": "childbirth_complication", "season": "flood0708", "kind": "backup", "facility_cat": 2, "facility_name": "Johurul Islam Medical College and Hospital", "minutes": 23.0}}, {"type": "Feature", "geometry": {"type": "LineString", "coordinates": [[335450.0, 2743650.0], [335450.0, 2743550.0], [335350.0, 2743350.0], [335250.0, 2743150.0], [335150.0, 2743050.0], [335050.0, 2742850.0], [334950.0, 2742750.0], [334850.0, 2742650.0], [334750.0, 2742650.0], [334550.0, 2742550.0], [334450.0, 2742550.0], [334250.0, 2742450.0], [334150.0, 2742450.0], [334050.0, 2742450.0], [333950.0, 2742450.0], [333850.0, 2742450.0], [333750.0, 2742550.0], [333650.0, 2742650.0], [333550.0, 2742650.0], [333450.0, 2742650.0], [333350.0, 2742650.0], [333250.0, 2742650.0], [333150.0, 2742750.0], [333050.0, 2742850.0], [333050.0, 2742950.0], [333050.0, 2743050.0], [333050.0, 2743150.0], [333050.0, 2743250.0], [333050.0, 2743350.0], [333150.0, 2743550.0], [333150.0, 2743650.0], [333150.0, 2743750.0], [333250.0, 2743950.0], [333250.0, 2744050.0], [333350.0, 2744250.0], [333350.0, 2744350.0], [333350.0, 2744450.0], [333450.0, 2744650.0], [333550.0, 2744850.0], [333650.0, 2745050.0], [333650.0, 2745150.0], [333650.0, 2745250.0], [333750.0, 2745450.0], [333850.0, 2745550.0], [333950.0, 2745750.0], [334050.0, 2745850.0], [334050.0, 2745950.0], [334150.0, 2746150.0], [334150.0, 2746250.0], [334150.0, 2746350.0], [334250.0, 2746550.0], [334250.0, 2746650.0], [334250.0, 2746750.0], [334250.0, 2746850.0], [334250.0, 2746950.0], [334250.0, 2747050.0], [334350.0, 2747250.0], [334450.0, 2747350.0], [334450.0, 2747450.0], [334550.0, 2747650.0], [334550.0, 2747750.0], [334650.0, 2747950.0], [334750.0, 2748150.0], [334850.0, 2748250.0], [334850.0, 2748350.0], [334750.0, 2748450.0], [334550.0, 2748550.0], [334350.0, 2748650.0], [334250.0, 2748750.0], [334150.0, 2748850.0], [334150.0, 2748950.0], [334150.0, 2749050.0], [334150.0, 2749150.0], [334050.0, 2749350.0], [334050.0, 2749450.0], [334050.0, 2749550.0], [333950.0, 2749650.0], [333850.0, 2749750.0], [333850.0, 2749850.0], [333850.0, 2749950.0], [333850.0, 2750050.0], [333850.0, 2750150.0], [333850.0, 2750250.0], [333850.0, 2750350.0], [333850.0, 2750450.0], [333850.0, 2750550.0], [333850.0, 2750650.0], [333750.0, 2750850.0], [333650.0, 2750950.0], [333550.0, 2751050.0], [333450.0, 2751050.0], [333350.0, 2751150.0], [333250.0, 2751250.0], [333150.0, 2751450.0], [333050.0, 2751650.0], [333050.0, 2751750.0], [333050.0, 2751850.0], [333050.0, 2751950.0], [333050.0, 2752050.0], [333050.0, 2752150.0], [332950.0, 2752250.0], [332850.0, 2752350.0], [332750.0, 2752450.0], [332650.0, 2752550.0], [332650.0, 2752650.0], [332550.0, 2752850.0], [332650.0, 2753050.0], [332650.0, 2753150.0], [332750.0, 2753350.0], [332850.0, 2753550.0], [332850.0, 2753650.0], [332750.0, 2753850.0], [332650.0, 2753950.0], [332550.0, 2754050.0], [332450.0, 2754250.0], [332450.0, 2754350.0], [332450.0, 2754450.0], [332450.0, 2754550.0], [332450.0, 2754650.0], [332450.0, 2754750.0], [332450.0, 2754850.0], [332550.0, 2755050.0], [332550.0, 2755150.0], [332550.0, 2755250.0], [332550.0, 2755350.0], [332550.0, 2755450.0], [332650.0, 2755650.0], [332750.0, 2755850.0], [332750.0, 2755950.0], [332850.0, 2756150.0], [332950.0, 2756350.0], [333050.0, 2756450.0], [333150.0, 2756550.0], [333250.0, 2756650.0], [333350.0, 2756850.0], [333350.0, 2756950.0], [333350.0, 2757050.0], [333350.0, 2757150.0], [333350.0, 2757250.0], [333350.0, 2757350.0], [333350.0, 2757450.0], [333350.0, 2757550.0], [333350.0, 2757650.0], [333350.0, 2757750.0], [333450.0, 2757950.0], [333550.0, 2758050.0], [333650.0, 2758150.0], [333750.0, 2758350.0], [333850.0, 2758450.0], [333950.0, 2758450.0], [334050.0, 2758550.0], [334150.0, 2758650.0], [334250.0, 2758750.0], [334350.0, 2758850.0], [334450.0, 2758950.0], [334550.0, 2759050.0], [334650.0, 2759150.0], [334750.0, 2759250.0], [334850.0, 2759350.0], [334950.0, 2759550.0], [335050.0, 2759650.0], [335050.0, 2759750.0], [335050.0, 2759850.0], [335050.0, 2759950.0], [334950.0, 2760050.0], [334850.0, 2760150.0], [334750.0, 2760250.0], [334650.0, 2760350.0], [334650.0, 2760450.0], [334650.0, 2760550.0], [334750.0, 2760650.0], [334850.0, 2760750.0], [334950.0, 2760850.0], [335050.0, 2760950.0], [335150.0, 2761050.0], [335250.0, 2761150.0], [335350.0, 2761250.0], [335550.0, 2761350.0], [335650.0, 2761350.0], [335750.0, 2761450.0], [335850.0, 2761550.0], [335950.0, 2761650.0], [335950.0, 2761750.0], [336050.0, 2761850.0], [336150.0, 2761950.0], [336250.0, 2762050.0], [336350.0, 2762150.0], [336450.0, 2762250.0], [336550.0, 2762350.0], [336650.0, 2762450.0], [336650.0, 2762550.0], [336750.0, 2762650.0], [336850.0, 2762750.0], [336950.0, 2762850.0], [337050.0, 2762850.0], [337150.0, 2762850.0], [337250.0, 2762850.0], [337450.0, 2762750.0], [337550.0, 2762750.0], [337650.0, 2762750.0], [337750.0, 2762850.0], [337750.0, 2762950.0], [337750.0, 2763050.0], [337750.0, 2763150.0], [337750.0, 2763250.0], [337750.0, 2763350.0], [337850.0, 2763550.0], [337850.0, 2763650.0], [337850.0, 2763750.0], [337850.0, 2763850.0], [337750.0, 2764050.0], [337650.0, 2764250.0], [337550.0, 2764350.0], [337550.0, 2764450.0], [337550.0, 2764550.0], [337550.0, 2764650.0], [337550.0, 2764750.0], [337450.0, 2764850.0], [337350.0, 2764950.0], [337250.0, 2765050.0], [337150.0, 2765150.0], [337150.0, 2765250.0], [337050.0, 2765450.0], [336950.0, 2765650.0], [336850.0, 2765850.0], [336750.0, 2766050.0], [336650.0, 2766150.0], [336550.0, 2766250.0], [336450.0, 2766350.0], [336450.0, 2766450.0], [336450.0, 2766550.0], [336350.0, 2766750.0], [336350.0, 2766850.0], [336450.0, 2767050.0], [336450.0, 2767150.0], [336550.0, 2767350.0], [336650.0, 2767550.0], [336750.0, 2767750.0], [336850.0, 2767950.0], [336950.0, 2768150.0], [337050.0, 2768350.0], [337050.0, 2768450.0], [337050.0, 2768550.0], [337150.0, 2768750.0], [337150.0, 2768850.0], [337250.0, 2769050.0], [337250.0, 2769150.0], [337250.0, 2769250.0], [337250.0, 2769350.0], [337250.0, 2769450.0], [337250.0, 2769550.0], [337250.0, 2769650.0], [337250.0, 2769750.0], [337250.0, 2769850.0], [337250.0, 2769950.0], [337250.0, 2770050.0], [337250.0, 2770150.0], [337350.0, 2770350.0], [337350.0, 2770450.0], [337450.0, 2770650.0], [337450.0, 2770750.0], [337450.0, 2770850.0], [337450.0, 2770950.0], [337450.0, 2771050.0], [337450.0, 2771150.0], [337450.0, 2771250.0], [337450.0, 2771350.0], [337450.0, 2771450.0], [337550.0, 2771650.0], [337550.0, 2771750.0], [337550.0, 2771850.0], [337550.0, 2771950.0], [337550.0, 2772050.0], [337550.0, 2772150.0], [337550.0, 2772250.0], [337650.0, 2772450.0], [337650.0, 2772550.0], [337750.0, 2772750.0], [337850.0, 2772950.0], [337950.0, 2773150.0], [338050.0, 2773350.0], [338150.0, 2773450.0], [338250.0, 2773550.0], [338350.0, 2773650.0], [338450.0, 2773750.0], [338650.0, 2773850.0], [338750.0, 2773850.0], [338950.0, 2773750.0], [339050.0, 2773750.0], [339150.0, 2773750.0], [339250.0, 2773750.0], [339350.0, 2773750.0], [339450.0, 2773650.0], [339550.0, 2773450.0], [339650.0, 2773250.0], [339650.0, 2773150.0]]}, "properties": {"point_id": 14, "emergency": "snakebite", "season": "dry", "kind": "primary", "facility_cat": 9, "facility_name": "Sunamganj General Hospital", "minutes": 84.0}}, {"type": "Feature", "geometry": {"type": "LineString", "coordinates": [[335450.0, 2743650.0], [335450.0, 2743550.0], [335350.0, 2743350.0], [335250.0, 2743150.0], [335150.0, 2743050.0], [335150.0, 2742950.0], [335250.0, 2742850.0], [335450.0, 2742750.0], [335550.0, 2742650.0], [335750.0, 2742550.0], [335850.0, 2742450.0], [335950.0, 2742350.0], [336050.0, 2742250.0], [336150.0, 2742250.0], [336250.0, 2742250.0], [336350.0, 2742250.0], [336450.0, 2742250.0], [336550.0, 2742250.0], [336650.0, 2742250.0], [336850.0, 2742150.0], [336950.0, 2742050.0], [337050.0, 2741950.0], [337150.0, 2741850.0], [337250.0, 2741950.0], [337350.0, 2742050.0], [337550.0, 2742150.0], [337750.0, 2742050.0], [337850.0, 2741950.0], [337950.0, 2741750.0], [337950.0, 2741650.0], [338050.0, 2741450.0], [338050.0, 2741350.0], [338150.0, 2741250.0], [338250.0, 2741250.0], [338350.0, 2741150.0], [338450.0, 2741050.0], [338550.0, 2740850.0], [338650.0, 2740750.0], [338750.0, 2740650.0], [338850.0, 2740550.0], [338950.0, 2740450.0], [339150.0, 2740350.0], [339250.0, 2740350.0], [339350.0, 2740350.0], [339450.0, 2740250.0], [339550.0, 2740150.0], [339650.0, 2740050.0], [339750.0, 2740050.0], [339850.0, 2740050.0], [339950.0, 2740050.0], [340050.0, 2740050.0], [340150.0, 2740050.0], [340350.0, 2740150.0], [340450.0, 2740250.0], [340450.0, 2740350.0], [340450.0, 2740450.0], [340550.0, 2740550.0], [340650.0, 2740650.0], [340850.0, 2740750.0], [340950.0, 2740750.0], [341150.0, 2740650.0], [341250.0, 2740650.0], [341350.0, 2740650.0], [341550.0, 2740550.0], [341650.0, 2740550.0], [341750.0, 2740550.0], [341950.0, 2740450.0], [342050.0, 2740350.0], [342150.0, 2740350.0], [342350.0, 2740450.0], [342450.0, 2740550.0], [342550.0, 2740550.0], [342750.0, 2740450.0], [342850.0, 2740450.0], [342950.0, 2740450.0], [343050.0, 2740450.0], [343150.0, 2740450.0], [343250.0, 2740450.0], [343450.0, 2740550.0], [343550.0, 2740550.0], [343750.0, 2740650.0], [343950.0, 2740750.0], [344050.0, 2740750.0], [344250.0, 2740850.0], [344450.0, 2740950.0], [344650.0, 2741050.0], [344750.0, 2741150.0], [344850.0, 2741150.0], [344950.0, 2741150.0], [345050.0, 2741150.0], [345150.0, 2741150.0], [345250.0, 2741150.0], [345350.0, 2741150.0], [345450.0, 2741150.0], [345550.0, 2741150.0], [345650.0, 2741150.0], [345750.0, 2741150.0], [345850.0, 2741150.0], [345950.0, 2741150.0], [346150.0, 2741050.0], [346250.0, 2741050.0], [346350.0, 2741050.0], [346550.0, 2740950.0], [346650.0, 2740950.0], [346850.0, 2740850.0], [346950.0, 2740850.0], [347050.0, 2740850.0], [347150.0, 2740850.0], [347250.0, 2740850.0], [347350.0, 2740850.0], [347450.0, 2740850.0], [347550.0, 2740750.0], [347650.0, 2740650.0], [347750.0, 2740550.0], [347850.0, 2740450.0], [347950.0, 2740350.0], [348050.0, 2740250.0], [348150.0, 2740150.0], [348350.0, 2740050.0], [348450.0, 2739950.0], [348650.0, 2739850.0], [348850.0, 2739750.0], [348950.0, 2739750.0], [349050.0, 2739750.0], [349150.0, 2739750.0], [349350.0, 2739650.0], [349450.0, 2739650.0], [349550.0, 2739650.0], [349650.0, 2739750.0], [349750.0, 2739850.0], [349850.0, 2739850.0], [350050.0, 2739750.0], [350250.0, 2739650.0], [350350.0, 2739550.0], [350550.0, 2739650.0], [350650.0, 2739550.0], [350750.0, 2739450.0], [350950.0, 2739550.0], [351150.0, 2739650.0], [351350.0, 2739750.0], [351450.0, 2739750.0], [351650.0, 2739850.0], [351750.0, 2739850.0], [351850.0, 2739850.0], [351950.0, 2739850.0], [352050.0, 2739850.0], [352250.0, 2739950.0], [352350.0, 2739950.0], [352450.0, 2739950.0], [352650.0, 2740050.0], [352750.0, 2740050.0], [352950.0, 2740150.0], [353050.0, 2740150.0], [353150.0, 2740150.0], [353250.0, 2740150.0], [353350.0, 2740150.0], [353450.0, 2740150.0], [353550.0, 2740150.0], [353650.0, 2740250.0], [353650.0, 2740350.0], [353750.0, 2740450.0], [353950.0, 2740550.0], [354050.0, 2740650.0], [354150.0, 2740750.0], [354250.0, 2740850.0], [354350.0, 2740950.0], [354450.0, 2741050.0], [354450.0, 2741150.0], [354550.0, 2741250.0], [354650.0, 2741250.0], [354750.0, 2741250.0]]}, "properties": {"point_id": 14, "emergency": "snakebite", "season": "dry", "kind": "backup", "facility_cat": 27, "facility_name": "Jagannathpur Upazila Health Complex", "minutes": 91.0}}, {"type": "Feature", "geometry": {"type": "LineString", "coordinates": [[335450.0, 2743650.0], [335450.0, 2743550.0], [335350.0, 2743350.0], [335250.0, 2743150.0], [335150.0, 2743050.0], [335050.0, 2742850.0], [334950.0, 2742750.0], [334850.0, 2742650.0], [334750.0, 2742650.0], [334550.0, 2742550.0], [334450.0, 2742550.0], [334250.0, 2742450.0], [334150.0, 2742450.0], [334050.0, 2742450.0], [333950.0, 2742450.0], [333850.0, 2742450.0], [333750.0, 2742550.0], [333650.0, 2742650.0], [333550.0, 2742650.0], [333450.0, 2742650.0], [333350.0, 2742650.0], [333250.0, 2742650.0], [333150.0, 2742750.0], [333050.0, 2742850.0], [333050.0, 2742950.0], [333050.0, 2743050.0], [333050.0, 2743150.0], [333050.0, 2743250.0], [333050.0, 2743350.0], [333150.0, 2743550.0], [333150.0, 2743650.0], [333150.0, 2743750.0], [333250.0, 2743950.0], [333250.0, 2744050.0], [333350.0, 2744250.0], [333350.0, 2744350.0], [333350.0, 2744450.0], [333450.0, 2744650.0], [333550.0, 2744850.0], [333650.0, 2745050.0], [333650.0, 2745150.0], [333650.0, 2745250.0], [333750.0, 2745450.0], [333850.0, 2745550.0], [333950.0, 2745750.0], [334050.0, 2745850.0], [334050.0, 2745950.0], [334150.0, 2746150.0], [334150.0, 2746250.0], [334150.0, 2746350.0], [334250.0, 2746550.0], [334250.0, 2746650.0], [334250.0, 2746750.0], [334250.0, 2746850.0], [334250.0, 2746950.0], [334250.0, 2747050.0], [334350.0, 2747250.0], [334450.0, 2747350.0], [334450.0, 2747450.0], [334550.0, 2747650.0], [334550.0, 2747750.0], [334650.0, 2747950.0], [334750.0, 2748150.0], [334850.0, 2748250.0], [334850.0, 2748350.0], [334750.0, 2748450.0], [334550.0, 2748550.0], [334350.0, 2748650.0], [334250.0, 2748750.0], [334150.0, 2748850.0], [334150.0, 2748950.0], [334150.0, 2749050.0], [334150.0, 2749150.0], [334050.0, 2749350.0], [334050.0, 2749450.0], [334050.0, 2749550.0], [333950.0, 2749650.0], [333850.0, 2749750.0], [333850.0, 2749850.0], [333850.0, 2749950.0], [333850.0, 2750050.0], [333850.0, 2750150.0], [333850.0, 2750250.0], [333850.0, 2750350.0], [333850.0, 2750450.0], [333850.0, 2750550.0], [333850.0, 2750650.0], [333750.0, 2750850.0], [333650.0, 2750950.0], [333550.0, 2751050.0], [333450.0, 2751050.0], [333350.0, 2751150.0], [333250.0, 2751250.0], [333150.0, 2751450.0], [333050.0, 2751650.0], [333050.0, 2751750.0], [333050.0, 2751850.0], [333050.0, 2751950.0], [333050.0, 2752050.0], [333050.0, 2752150.0], [332950.0, 2752250.0], [332850.0, 2752350.0], [332750.0, 2752450.0], [332650.0, 2752550.0], [332650.0, 2752650.0], [332550.0, 2752850.0], [332650.0, 2753050.0], [332650.0, 2753150.0], [332750.0, 2753350.0], [332850.0, 2753550.0], [332850.0, 2753650.0], [332750.0, 2753850.0], [332650.0, 2753950.0], [332550.0, 2754050.0], [332450.0, 2754250.0], [332450.0, 2754350.0], [332450.0, 2754450.0], [332450.0, 2754550.0], [332450.0, 2754650.0], [332450.0, 2754750.0], [332450.0, 2754850.0], [332550.0, 2755050.0], [332550.0, 2755150.0], [332550.0, 2755250.0], [332550.0, 2755350.0], [332550.0, 2755450.0], [332650.0, 2755650.0], [332750.0, 2755850.0], [332750.0, 2755950.0], [332850.0, 2756150.0], [332950.0, 2756350.0], [333050.0, 2756450.0], [333150.0, 2756550.0], [333250.0, 2756650.0], [333350.0, 2756850.0], [333350.0, 2756950.0], [333350.0, 2757050.0], [333350.0, 2757150.0], [333350.0, 2757250.0], [333350.0, 2757350.0], [333350.0, 2757450.0], [333350.0, 2757550.0], [333350.0, 2757650.0], [333350.0, 2757750.0], [333450.0, 2757950.0], [333550.0, 2758050.0], [333650.0, 2758150.0], [333750.0, 2758350.0], [333850.0, 2758450.0], [333950.0, 2758450.0], [334050.0, 2758550.0], [334150.0, 2758650.0], [334250.0, 2758750.0], [334350.0, 2758850.0], [334450.0, 2758950.0], [334550.0, 2759050.0], [334650.0, 2759150.0], [334750.0, 2759250.0], [334850.0, 2759350.0], [334950.0, 2759550.0], [335050.0, 2759650.0], [335050.0, 2759750.0], [335050.0, 2759850.0], [335050.0, 2759950.0], [334950.0, 2760050.0], [334850.0, 2760150.0], [334750.0, 2760250.0], [334650.0, 2760350.0], [334650.0, 2760450.0], [334650.0, 2760550.0], [334750.0, 2760650.0], [334850.0, 2760750.0], [334950.0, 2760850.0], [335050.0, 2760950.0], [335150.0, 2761050.0], [335250.0, 2761150.0], [335350.0, 2761250.0], [335450.0, 2761250.0], [335550.0, 2761250.0], [335650.0, 2761350.0], [335750.0, 2761450.0], [335850.0, 2761550.0], [335950.0, 2761650.0], [335950.0, 2761750.0], [336050.0, 2761850.0], [336150.0, 2761950.0], [336250.0, 2762050.0], [336350.0, 2762150.0], [336450.0, 2762250.0], [336550.0, 2762350.0], [336650.0, 2762450.0], [336650.0, 2762550.0], [336750.0, 2762650.0], [336850.0, 2762750.0], [336950.0, 2762950.0], [336850.0, 2763150.0], [336750.0, 2763350.0], [336750.0, 2763450.0], [336750.0, 2763550.0], [336750.0, 2763650.0], [336750.0, 2763750.0], [336750.0, 2763850.0], [336850.0, 2764050.0], [336850.0, 2764150.0], [336750.0, 2764350.0], [336850.0, 2764450.0], [336950.0, 2764550.0], [336950.0, 2764650.0], [337050.0, 2764850.0], [337050.0, 2764950.0], [337150.0, 2765050.0], [337150.0, 2765150.0], [337150.0, 2765250.0], [337050.0, 2765450.0], [336950.0, 2765650.0], [336850.0, 2765850.0], [336750.0, 2766050.0], [336650.0, 2766150.0], [336550.0, 2766250.0], [336450.0, 2766350.0], [336450.0, 2766450.0], [336450.0, 2766550.0], [336350.0, 2766750.0], [336350.0, 2766850.0], [336450.0, 2767050.0], [336450.0, 2767150.0], [336550.0, 2767350.0], [336650.0, 2767550.0], [336750.0, 2767750.0], [336850.0, 2767950.0], [336950.0, 2768150.0], [337050.0, 2768350.0], [337050.0, 2768450.0], [337050.0, 2768550.0], [337150.0, 2768750.0], [337150.0, 2768850.0], [337250.0, 2769050.0], [337250.0, 2769150.0], [337250.0, 2769250.0], [337250.0, 2769350.0], [337250.0, 2769450.0], [337250.0, 2769550.0], [337250.0, 2769650.0], [337250.0, 2769750.0], [337250.0, 2769850.0], [337250.0, 2769950.0], [337250.0, 2770050.0], [337250.0, 2770150.0], [337350.0, 2770350.0], [337350.0, 2770450.0], [337450.0, 2770650.0], [337450.0, 2770750.0], [337450.0, 2770850.0], [337450.0, 2770950.0], [337450.0, 2771050.0], [337450.0, 2771150.0], [337450.0, 2771250.0], [337450.0, 2771350.0], [337450.0, 2771450.0], [337550.0, 2771650.0], [337550.0, 2771750.0], [337550.0, 2771850.0], [337550.0, 2771950.0], [337550.0, 2772050.0], [337550.0, 2772150.0], [337550.0, 2772250.0], [337650.0, 2772450.0], [337650.0, 2772550.0], [337750.0, 2772750.0], [337850.0, 2772950.0], [337950.0, 2773150.0], [338050.0, 2773350.0], [338150.0, 2773450.0], [338250.0, 2773550.0], [338350.0, 2773650.0], [338450.0, 2773750.0], [338650.0, 2773850.0], [338750.0, 2773850.0], [338950.0, 2773750.0], [339050.0, 2773750.0], [339150.0, 2773750.0], [339250.0, 2773750.0], [339350.0, 2773750.0], [339450.0, 2773650.0], [339550.0, 2773450.0], [339650.0, 2773250.0], [339650.0, 2773150.0]]}, "properties": {"point_id": 14, "emergency": "snakebite", "season": "flood0708", "kind": "primary", "facility_cat": 9, "facility_name": "Sunamganj General Hospital", "minutes": 89.0}}, {"type": "Feature", "geometry": {"type": "LineString", "coordinates": [[335450.0, 2743650.0], [335450.0, 2743550.0], [335350.0, 2743350.0], [335250.0, 2743150.0], [335150.0, 2743050.0], [335150.0, 2742950.0], [335250.0, 2742850.0], [335450.0, 2742750.0], [335550.0, 2742650.0], [335750.0, 2742550.0], [335850.0, 2742450.0], [335950.0, 2742350.0], [336050.0, 2742250.0], [336150.0, 2742250.0], [336250.0, 2742250.0], [336350.0, 2742250.0], [336450.0, 2742250.0], [336550.0, 2742250.0], [336650.0, 2742250.0], [336850.0, 2742150.0], [336950.0, 2742050.0], [337050.0, 2741950.0], [337150.0, 2741850.0], [337250.0, 2741950.0], [337350.0, 2742050.0], [337550.0, 2742150.0], [337750.0, 2742050.0], [337850.0, 2741950.0], [337950.0, 2741750.0], [337950.0, 2741650.0], [338050.0, 2741450.0], [338050.0, 2741350.0], [338150.0, 2741250.0], [338250.0, 2741250.0], [338350.0, 2741150.0], [338450.0, 2741050.0], [338550.0, 2740850.0], [338650.0, 2740750.0], [338750.0, 2740650.0], [338850.0, 2740550.0], [338950.0, 2740450.0], [339150.0, 2740350.0], [339250.0, 2740350.0], [339350.0, 2740350.0], [339450.0, 2740250.0], [339550.0, 2740150.0], [339650.0, 2740050.0], [339750.0, 2740050.0], [339850.0, 2740050.0], [339950.0, 2740050.0], [340050.0, 2740050.0], [340150.0, 2740050.0], [340350.0, 2740150.0], [340450.0, 2740250.0], [340450.0, 2740350.0], [340450.0, 2740450.0], [340550.0, 2740550.0], [340650.0, 2740650.0], [340850.0, 2740750.0], [340950.0, 2740750.0], [341150.0, 2740650.0], [341250.0, 2740650.0], [341350.0, 2740650.0], [341550.0, 2740550.0], [341650.0, 2740550.0], [341750.0, 2740550.0], [341950.0, 2740450.0], [342050.0, 2740350.0], [342150.0, 2740350.0], [342350.0, 2740450.0], [342450.0, 2740550.0], [342550.0, 2740550.0], [342750.0, 2740450.0], [342850.0, 2740450.0], [342950.0, 2740450.0], [343050.0, 2740450.0], [343150.0, 2740450.0], [343250.0, 2740450.0], [343450.0, 2740550.0], [343550.0, 2740550.0], [343750.0, 2740650.0], [343950.0, 2740750.0], [344050.0, 2740750.0], [344250.0, 2740850.0], [344450.0, 2740950.0], [344650.0, 2741050.0], [344750.0, 2741150.0], [344850.0, 2741150.0], [344950.0, 2741150.0], [345050.0, 2741150.0], [345150.0, 2741150.0], [345250.0, 2741150.0], [345350.0, 2741150.0], [345450.0, 2741150.0], [345550.0, 2741150.0], [345650.0, 2741150.0], [345750.0, 2741150.0], [345850.0, 2741150.0], [345950.0, 2741150.0], [346150.0, 2741050.0], [346250.0, 2741050.0], [346350.0, 2741050.0], [346550.0, 2740950.0], [346650.0, 2740950.0], [346850.0, 2740850.0], [346950.0, 2740850.0], [347050.0, 2740850.0], [347150.0, 2740850.0], [347250.0, 2740850.0], [347350.0, 2740850.0], [347450.0, 2740850.0], [347550.0, 2740750.0], [347650.0, 2740650.0], [347750.0, 2740550.0], [347850.0, 2740450.0], [347950.0, 2740350.0], [348050.0, 2740250.0], [348150.0, 2740150.0], [348350.0, 2740050.0], [348450.0, 2739950.0], [348650.0, 2739850.0], [348850.0, 2739750.0], [348950.0, 2739750.0], [349050.0, 2739750.0], [349150.0, 2739750.0], [349350.0, 2739650.0], [349450.0, 2739650.0], [349550.0, 2739650.0], [349650.0, 2739750.0], [349750.0, 2739850.0], [349850.0, 2739850.0], [350050.0, 2739750.0], [350250.0, 2739650.0], [350350.0, 2739550.0], [350550.0, 2739650.0], [350650.0, 2739550.0], [350750.0, 2739450.0], [350950.0, 2739550.0], [351150.0, 2739650.0], [351350.0, 2739750.0], [351450.0, 2739750.0], [351650.0, 2739850.0], [351750.0, 2739850.0], [351850.0, 2739850.0], [351950.0, 2739850.0], [352050.0, 2739850.0], [352250.0, 2739950.0], [352350.0, 2739950.0], [352450.0, 2739950.0], [352650.0, 2740050.0], [352750.0, 2740050.0], [352950.0, 2740150.0], [353050.0, 2740150.0], [353150.0, 2740150.0], [353250.0, 2740150.0], [353350.0, 2740150.0], [353450.0, 2740150.0], [353550.0, 2740150.0], [353650.0, 2740250.0], [353650.0, 2740350.0], [353750.0, 2740450.0], [353950.0, 2740550.0], [354050.0, 2740650.0], [354150.0, 2740750.0], [354250.0, 2740850.0], [354350.0, 2740950.0], [354450.0, 2741050.0], [354450.0, 2741150.0], [354550.0, 2741250.0], [354650.0, 2741250.0], [354750.0, 2741250.0]]}, "properties": {"point_id": 14, "emergency": "snakebite", "season": "flood0708", "kind": "backup", "facility_cat": 27, "facility_name": "Jagannathpur Upazila Health Complex", "minutes": 91.0}}, {"type": "Feature", "geometry": {"type": "LineString", "coordinates": [[285650.0, 2737650.0], [285750.0, 2737650.0], [285950.0, 2737550.0], [286150.0, 2737450.0], [286350.0, 2737350.0], [286450.0, 2737250.0], [286650.0, 2737150.0], [286850.0, 2737050.0], [287050.0, 2736950.0], [287250.0, 2736850.0], [287450.0, 2736750.0], [287550.0, 2736650.0], [287750.0, 2736550.0], [287950.0, 2736450.0], [288150.0, 2736350.0], [288250.0, 2736350.0], [288450.0, 2736250.0], [288550.0, 2736250.0], [288750.0, 2736150.0], [288850.0, 2736050.0], [288950.0, 2735950.0], [289050.0, 2735850.0], [289150.0, 2735850.0], [289350.0, 2735750.0], [289550.0, 2735650.0], [289650.0, 2735650.0], [289750.0, 2735650.0], [289950.0, 2735550.0], [290050.0, 2735550.0], [290150.0, 2735550.0], [290250.0, 2735550.0], [290450.0, 2735450.0], [290550.0, 2735450.0], [290650.0, 2735450.0], [290750.0, 2735450.0], [290850.0, 2735450.0], [290950.0, 2735450.0], [291050.0, 2735450.0], [291150.0, 2735450.0], [291250.0, 2735450.0], [291350.0, 2735450.0], [291550.0, 2735350.0], [291650.0, 2735350.0], [291750.0, 2735350.0], [291850.0, 2735350.0], [292050.0, 2735250.0], [292150.0, 2735150.0]]}, "properties": {"point_id": 15, "emergency": "injury_drowning", "season": "dry", "kind": "primary", "facility_cat": 37, "facility_name": "Madan Upazilla Health Complex", "minutes": 16.0}}, {"type": "Feature", "geometry": {"type": "LineString", "coordinates": [[285650.0, 2737650.0], [285650.0, 2737750.0], [285550.0, 2737950.0], [285450.0, 2738150.0], [285350.0, 2738250.0], [285250.0, 2738350.0], [285150.0, 2738450.0], [285050.0, 2738550.0], [284950.0, 2738750.0], [284850.0, 2738850.0], [284750.0, 2738950.0], [284650.0, 2739150.0], [284550.0, 2739250.0], [284450.0, 2739350.0], [284350.0, 2739450.0], [284250.0, 2739550.0], [284150.0, 2739750.0], [284050.0, 2739850.0], [283950.0, 2739950.0], [283850.0, 2740050.0], [283750.0, 2740250.0], [283750.0, 2740350.0], [283750.0, 2740450.0], [283750.0, 2740550.0], [283650.0, 2740750.0], [283650.0, 2740850.0], [283550.0, 2741050.0], [283650.0, 2741250.0], [283650.0, 2741350.0], [283650.0, 2741450.0], [283650.0, 2741550.0], [283650.0, 2741650.0], [283650.0, 2741750.0], [283650.0, 2741850.0], [283650.0, 2741950.0], [283650.0, 2742050.0], [283650.0, 2742150.0], [283650.0, 2742250.0], [283650.0, 2742350.0], [283750.0, 2742550.0], [283750.0, 2742650.0], [283750.0, 2742750.0], [283750.0, 2742850.0], [283750.0, 2742950.0], [283750.0, 2743050.0], [283750.0, 2743150.0], [283750.0, 2743250.0], [283750.0, 2743350.0], [283750.0, 2743450.0], [283750.0, 2743550.0], [283850.0, 2743750.0], [283950.0, 2743850.0], [283950.0, 2743950.0], [283950.0, 2744050.0], [283950.0, 2744150.0], [283950.0, 2744250.0], [283950.0, 2744350.0], [284050.0, 2744550.0], [284050.0, 2744650.0], [284050.0, 2744750.0], [284050.0, 2744850.0], [284050.0, 2744950.0], [284050.0, 2745050.0], [284050.0, 2745150.0], [283950.0, 2745350.0], [283950.0, 2745450.0], [283950.0, 2745550.0]]}, "properties": {"point_id": 15, "emergency": "injury_drowning", "season": "dry", "kind": "backup", "facility_cat": 44, "facility_name": "Atpara Upazila Health Complex", "minutes": 22.0}}, {"type": "Feature", "geometry": {"type": "LineString", "coordinates": [[285650.0, 2737650.0], [285750.0, 2737650.0], [285950.0, 2737550.0], [286150.0, 2737450.0], [286350.0, 2737350.0], [286450.0, 2737250.0], [286650.0, 2737150.0], [286850.0, 2737050.0], [287050.0, 2736950.0], [287250.0, 2736850.0], [287450.0, 2736750.0], [287550.0, 2736650.0], [287750.0, 2736550.0], [287950.0, 2736450.0], [288150.0, 2736350.0], [288250.0, 2736350.0], [288450.0, 2736250.0], [288550.0, 2736250.0], [288750.0, 2736150.0], [288850.0, 2736050.0], [288950.0, 2735950.0], [289050.0, 2735850.0], [289150.0, 2735850.0], [289350.0, 2735750.0], [289550.0, 2735650.0], [289650.0, 2735650.0], [289750.0, 2735650.0], [289950.0, 2735550.0], [290050.0, 2735550.0], [290150.0, 2735550.0], [290250.0, 2735550.0], [290450.0, 2735450.0], [290550.0, 2735450.0], [290650.0, 2735450.0], [290750.0, 2735450.0], [290850.0, 2735450.0], [290950.0, 2735450.0], [291050.0, 2735450.0], [291150.0, 2735450.0], [291250.0, 2735450.0], [291350.0, 2735450.0], [291550.0, 2735350.0], [291650.0, 2735350.0], [291750.0, 2735350.0], [291850.0, 2735350.0], [292050.0, 2735250.0], [292150.0, 2735150.0]]}, "properties": {"point_id": 15, "emergency": "injury_drowning", "season": "flood0708", "kind": "primary", "facility_cat": 37, "facility_name": "Madan Upazilla Health Complex", "minutes": 16.0}}, {"type": "Feature", "geometry": {"type": "LineString", "coordinates": [[285650.0, 2737650.0], [285650.0, 2737750.0], [285550.0, 2737950.0], [285450.0, 2738150.0], [285350.0, 2738250.0], [285250.0, 2738350.0], [285150.0, 2738450.0], [285050.0, 2738550.0], [284950.0, 2738750.0], [284850.0, 2738850.0], [284750.0, 2738950.0], [284650.0, 2739150.0], [284550.0, 2739250.0], [284450.0, 2739350.0], [284350.0, 2739450.0], [284250.0, 2739550.0], [284150.0, 2739750.0], [284050.0, 2739850.0], [283950.0, 2739950.0], [283850.0, 2740050.0], [283750.0, 2740250.0], [283750.0, 2740350.0], [283750.0, 2740450.0], [283750.0, 2740550.0], [283650.0, 2740750.0], [283650.0, 2740850.0], [283550.0, 2741050.0], [283650.0, 2741250.0], [283650.0, 2741350.0], [283650.0, 2741450.0], [283650.0, 2741550.0], [283650.0, 2741650.0], [283650.0, 2741750.0], [283650.0, 2741850.0], [283650.0, 2741950.0], [283650.0, 2742050.0], [283650.0, 2742150.0], [283650.0, 2742250.0], [283650.0, 2742350.0], [283750.0, 2742550.0], [283750.0, 2742650.0], [283750.0, 2742750.0], [283750.0, 2742850.0], [283750.0, 2742950.0], [283750.0, 2743050.0], [283750.0, 2743150.0], [283750.0, 2743250.0], [283750.0, 2743350.0], [283750.0, 2743450.0], [283750.0, 2743550.0], [283850.0, 2743750.0], [283950.0, 2743850.0], [283950.0, 2743950.0], [283950.0, 2744050.0], [283950.0, 2744150.0], [283950.0, 2744250.0], [283950.0, 2744350.0], [284050.0, 2744550.0], [284050.0, 2744650.0], [284050.0, 2744750.0], [284050.0, 2744850.0], [284050.0, 2744950.0], [284050.0, 2745050.0], [284050.0, 2745150.0], [283950.0, 2745350.0], [283950.0, 2745450.0], [283950.0, 2745550.0]]}, "properties": {"point_id": 15, "emergency": "injury_drowning", "season": "flood0708", "kind": "backup", "facility_cat": 44, "facility_name": "Atpara Upazila Health Complex", "minutes": 22.0}}, {"type": "Feature", "geometry": {"type": "LineString", "coordinates": [[390750.0, 2730550.0], [390750.0, 2730450.0], [390650.0, 2730450.0], [390550.0, 2730550.0], [390550.0, 2730650.0], [390550.0, 2730750.0], [390650.0, 2730950.0], [390650.0, 2731050.0], [390750.0, 2731150.0], [390850.0, 2731250.0], [391050.0, 2731350.0], [391150.0, 2731350.0], [391350.0, 2731450.0], [391450.0, 2731450.0], [391650.0, 2731550.0], [391750.0, 2731650.0], [391850.0, 2731750.0], [391950.0, 2731750.0], [392050.0, 2731750.0], [392250.0, 2731850.0], [392350.0, 2731950.0], [392550.0, 2731850.0]]}, "properties": {"point_id": 16, "emergency": "minor_illness", "season": "dry", "kind": "primary", "facility_cat": 15, "facility_name": "Upazila Fenchugonj Health Complex", "minutes": 13.0}}, {"type": "Feature", "geometry": {"type": "LineString", "coordinates": [[390750.0, 2730550.0], [390750.0, 2730450.0], [390650.0, 2730250.0], [390650.0, 2730150.0], [390650.0, 2730050.0], [390650.0, 2729950.0], [390550.0, 2729750.0], [390550.0, 2729650.0], [390650.0, 2729450.0], [390750.0, 2729250.0], [390850.0, 2729150.0], [390950.0, 2729050.0], [391050.0, 2728850.0], [391150.0, 2728750.0], [391250.0, 2728550.0], [391350.0, 2728450.0], [391350.0, 2728350.0], [391350.0, 2728250.0], [391350.0, 2728150.0], [391350.0, 2728050.0], [391250.0, 2727850.0], [391350.0, 2727650.0], [391250.0, 2727450.0], [391150.0, 2727250.0], [391150.0, 2727150.0], [391050.0, 2726950.0], [390950.0, 2726850.0], [390850.0, 2726750.0], [390750.0, 2726650.0], [390650.0, 2726550.0], [390550.0, 2726450.0], [390450.0, 2726350.0], [390450.0, 2726250.0], [390350.0, 2726050.0], [390350.0, 2725950.0], [390350.0, 2725850.0], [390350.0, 2725750.0], [390350.0, 2725650.0], [390250.0, 2725450.0], [390150.0, 2725250.0], [390150.0, 2725150.0], [390050.0, 2724950.0], [389950.0, 2724850.0], [389850.0, 2724750.0], [389750.0, 2724650.0], [389650.0, 2724550.0], [389650.0, 2724450.0], [389550.0, 2724250.0], [389550.0, 2724150.0], [389550.0, 2724050.0], [389550.0, 2723950.0], [389450.0, 2723750.0], [389450.0, 2723650.0], [389450.0, 2723550.0], [389350.0, 2723350.0], [389350.0, 2723250.0], [389350.0, 2723150.0], [389350.0, 2723050.0], [389350.0, 2722950.0], [389350.0, 2722850.0], [389250.0, 2722650.0], [389150.0, 2722450.0], [389150.0, 2722350.0], [389050.0, 2722150.0], [389050.0, 2722050.0], [388950.0, 2721850.0], [388850.0, 2721650.0], [388750.0, 2721450.0], [388750.0, 2721350.0], [388650.0, 2721150.0], [388550.0, 2720950.0], [388550.0, 2720850.0], [388550.0, 2720750.0], [388450.0, 2720550.0], [388450.0, 2720450.0], [388450.0, 2720350.0], [388350.0, 2720150.0], [388250.0, 2719950.0], [388150.0, 2719850.0], [388050.0, 2719650.0], [388050.0, 2719550.0], [387950.0, 2719350.0], [387950.0, 2719250.0], [387950.0, 2719150.0], [387950.0, 2719050.0], [387850.0, 2718850.0], [387750.0, 2718750.0], [387650.0, 2718550.0], [387550.0, 2718350.0], [387550.0, 2718250.0], [387450.0, 2718050.0], [387350.0, 2717850.0], [387250.0, 2717650.0], [387150.0, 2717450.0], [387050.0, 2717250.0], [387050.0, 2717150.0], [386950.0, 2716950.0], [386850.0, 2716750.0], [386850.0, 2716650.0], [386850.0, 2716550.0], [386850.0, 2716450.0], [386750.0, 2716250.0], [386750.0, 2716150.0], [386750.0, 2716050.0], [386750.0, 2715950.0], [386650.0, 2715750.0], [386650.0, 2715650.0], [386550.0, 2715450.0], [386450.0, 2715250.0], [386350.0, 2715050.0], [386250.0, 2714950.0], [386150.0, 2714850.0], [386050.0, 2714750.0], [385950.0, 2714650.0], [385850.0, 2714550.0], [385750.0, 2714450.0], [385650.0, 2714350.0], [385550.0, 2714250.0], [385450.0, 2714150.0], [385250.0, 2714050.0], [385050.0, 2713950.0], [384950.0, 2713850.0], [384750.0, 2713750.0], [384650.0, 2713650.0], [384550.0, 2713550.0], [384450.0, 2713450.0], [384350.0, 2713350.0], [384250.0, 2713250.0], [384050.0, 2713150.0], [383950.0, 2713150.0], [383850.0, 2713150.0]]}, "properties": {"point_id": 16, "emergency": "minor_illness", "season": "dry", "kind": "backup", "facility_cat": 33, "facility_name": "Rajanagar Upazila Health Complex", "minutes": 40.0}}, {"type": "Feature", "geometry": {"type": "LineString", "coordinates": [[390750.0, 2730550.0], [390750.0, 2730450.0], [390650.0, 2730450.0], [390550.0, 2730550.0], [390550.0, 2730650.0], [390550.0, 2730750.0], [390650.0, 2730950.0], [390650.0, 2731050.0], [390750.0, 2731150.0], [390850.0, 2731250.0], [391050.0, 2731350.0], [391150.0, 2731350.0], [391350.0, 2731450.0], [391450.0, 2731450.0], [391650.0, 2731550.0], [391750.0, 2731650.0], [391850.0, 2731750.0], [391950.0, 2731750.0], [392050.0, 2731750.0], [392250.0, 2731850.0], [392350.0, 2731950.0], [392550.0, 2731850.0]]}, "properties": {"point_id": 16, "emergency": "minor_illness", "season": "flood0708", "kind": "primary", "facility_cat": 15, "facility_name": "Upazila Fenchugonj Health Complex", "minutes": 13.0}}, {"type": "Feature", "geometry": {"type": "LineString", "coordinates": [[390750.0, 2730550.0], [390750.0, 2730450.0], [390650.0, 2730450.0], [390550.0, 2730550.0], [390550.0, 2730650.0], [390550.0, 2730750.0], [390650.0, 2730950.0], [390650.0, 2731050.0], [390750.0, 2731150.0], [390850.0, 2731250.0], [391050.0, 2731350.0], [391150.0, 2731350.0], [391350.0, 2731450.0], [391450.0, 2731450.0], [391650.0, 2731550.0], [391750.0, 2731650.0], [391850.0, 2731750.0], [391850.0, 2731850.0], [391750.0, 2732050.0], [391650.0, 2732250.0], [391650.0, 2732350.0], [391650.0, 2732450.0], [391650.0, 2732550.0], [391650.0, 2732650.0], [391650.0, 2732750.0], [391650.0, 2732850.0], [391550.0, 2732950.0], [391550.0, 2733050.0], [391550.0, 2733150.0], [391550.0, 2733250.0], [391650.0, 2733350.0], [391650.0, 2733450.0], [391650.0, 2733550.0], [391650.0, 2733650.0], [391650.0, 2733750.0], [391650.0, 2733850.0], [391650.0, 2733950.0], [391650.0, 2734050.0], [391650.0, 2734150.0], [391650.0, 2734250.0], [391650.0, 2734350.0], [391650.0, 2734450.0], [391650.0, 2734550.0], [391650.0, 2734650.0], [391650.0, 2734750.0], [391650.0, 2734850.0], [391650.0, 2734950.0], [391650.0, 2735050.0], [391650.0, 2735150.0], [391550.0, 2735350.0], [391550.0, 2735450.0], [391550.0, 2735550.0], [391550.0, 2735650.0], [391450.0, 2735850.0], [391450.0, 2735950.0], [391350.0, 2736150.0], [391350.0, 2736250.0], [391250.0, 2736450.0], [391250.0, 2736550.0], [391150.0, 2736750.0], [391050.0, 2736950.0], [391050.0, 2737050.0], [391050.0, 2737150.0], [390950.0, 2737350.0], [390950.0, 2737450.0], [390850.0, 2737650.0], [390850.0, 2737750.0], [390750.0, 2737950.0], [390750.0, 2738050.0], [390650.0, 2738250.0], [390650.0, 2738350.0], [390650.0, 2738450.0], [390550.0, 2738650.0], [390550.0, 2738750.0], [390450.0, 2738950.0], [390450.0, 2739050.0], [390350.0, 2739250.0], [390350.0, 2739350.0], [390350.0, 2739450.0], [390250.0, 2739650.0], [390250.0, 2739750.0], [390250.0, 2739850.0], [390150.0, 2740050.0], [390150.0, 2740150.0], [390150.0, 2740250.0], [390150.0, 2740350.0], [390150.0, 2740450.0], [390050.0, 2740650.0], [390050.0, 2740750.0], [389950.0, 2740950.0], [389950.0, 2741050.0], [389850.0, 2741250.0], [389850.0, 2741350.0], [389850.0, 2741450.0], [389750.0, 2741650.0], [389750.0, 2741750.0], [389750.0, 2741850.0], [389750.0, 2741950.0], [389750.0, 2742050.0], [389750.0, 2742150.0], [389750.0, 2742250.0], [389750.0, 2742350.0], [389850.0, 2742550.0], [389850.0, 2742650.0], [389850.0, 2742750.0], [389850.0, 2742850.0], [389850.0, 2742950.0], [389850.0, 2743050.0], [389950.0, 2743250.0], [390050.0, 2743450.0], [390150.0, 2743550.0], [390250.0, 2743650.0], [390250.0, 2743750.0], [390150.0, 2743950.0], [390150.0, 2744050.0], [390050.0, 2744250.0], [389950.0, 2744450.0], [389850.0, 2744650.0], [389750.0, 2744850.0], [389750.0, 2744950.0], [389650.0, 2745150.0], [389550.0, 2745350.0], [389450.0, 2745550.0], [389350.0, 2745650.0], [389250.0, 2745750.0], [389150.0, 2745850.0], [389050.0, 2746050.0], [388950.0, 2746250.0], [388850.0, 2746450.0], [388850.0, 2746550.0], [388750.0, 2746750.0], [388750.0, 2746850.0], [388750.0, 2746950.0], [388750.0, 2747050.0], [388650.0, 2747250.0], [388550.0, 2747350.0], [388450.0, 2747450.0], [388350.0, 2747650.0], [388350.0, 2747750.0], [388350.0, 2747850.0], [388450.0, 2748050.0], [388550.0, 2748250.0], [388550.0, 2748350.0], [388550.0, 2748450.0], [388450.0, 2748550.0], [388350.0, 2748650.0], [388250.0, 2748750.0], [388150.0, 2748850.0], [388050.0, 2748950.0], [387950.0, 2749050.0], [387850.0, 2749150.0], [387750.0, 2749350.0], [387650.0, 2749450.0], [387550.0, 2749650.0], [387450.0, 2749750.0], [387350.0, 2749850.0], [387150.0, 2749950.0], [387050.0, 2750050.0], [386950.0, 2750150.0], [386850.0, 2750250.0], [386750.0, 2750350.0], [386650.0, 2750550.0], [386550.0, 2750750.0], [386450.0, 2750950.0], [386450.0, 2751050.0], [386450.0, 2751150.0], [386450.0, 2751250.0], [386350.0, 2751450.0], [386350.0, 2751550.0], [386350.0, 2751650.0], [386350.0, 2751750.0], [386450.0, 2751950.0], [386550.0, 2752050.0], [386650.0, 2752150.0], [386750.0, 2752250.0], [386850.0, 2752450.0], [386950.0, 2752650.0], [387050.0, 2752750.0], [387150.0, 2752850.0], [387250.0, 2752850.0]]}, "properties": {"point_id": 16, "emergency": "minor_illness", "season": "flood0708", "kind": "backup", "facility_cat": 91, "facility_name": "OSM 6062653342 (bangla name)", "minutes": 51.0}}, {"type": "Feature", "geometry": {"type": "LineString", "coordinates": [[288250.0, 2775250.0], [288350.0, 2775250.0], [288350.0, 2775150.0], [288250.0, 2775050.0], [288150.0, 2774950.0], [288050.0, 2774950.0], [287950.0, 2775050.0], [287850.0, 2775150.0], [287650.0, 2775250.0], [287550.0, 2775250.0], [287350.0, 2775150.0], [287250.0, 2775050.0], [287250.0, 2774950.0], [287350.0, 2774850.0], [287450.0, 2774850.0]]}, "properties": {"point_id": 17, "emergency": "childbirth_complication", "season": "dry", "kind": "primary", "facility_cat": 24, "facility_name": "Kalmakanda Upazila Health Complex", "minutes": 8.0}}, {"type": "Feature", "geometry": {"type": "LineString", "coordinates": [[288250.0, 2775250.0], [288350.0, 2775250.0], [288350.0, 2775150.0], [288250.0, 2775050.0], [288150.0, 2774950.0], [288050.0, 2774950.0], [287950.0, 2775050.0], [287850.0, 2775150.0], [287650.0, 2775250.0], [287550.0, 2775250.0], [287350.0, 2775150.0], [287250.0, 2775150.0], [287150.0, 2775150.0], [287050.0, 2775150.0], [286950.0, 2775150.0], [286750.0, 2775250.0], [286650.0, 2775250.0], [286550.0, 2775250.0], [286450.0, 2775250.0], [286350.0, 2775250.0], [286150.0, 2775350.0], [285950.0, 2775450.0], [285750.0, 2775550.0], [285550.0, 2775650.0], [285450.0, 2775750.0], [285350.0, 2775850.0], [285250.0, 2775950.0], [285050.0, 2776050.0], [284850.0, 2775950.0], [284750.0, 2775950.0], [284550.0, 2775850.0], [284450.0, 2775850.0], [284250.0, 2775750.0], [284050.0, 2775650.0], [283950.0, 2775650.0], [283850.0, 2775650.0], [283650.0, 2775550.0], [283550.0, 2775550.0], [283350.0, 2775650.0], [283150.0, 2775750.0], [282950.0, 2775850.0], [282750.0, 2775950.0], [282550.0, 2776050.0], [282450.0, 2776050.0], [282350.0, 2776050.0], [282250.0, 2776150.0], [282150.0, 2776350.0], [282050.0, 2776550.0], [281950.0, 2776750.0], [281850.0, 2776850.0], [281750.0, 2776950.0], [281650.0, 2777050.0], [281550.0, 2777150.0], [281450.0, 2777350.0], [281350.0, 2777550.0], [281350.0, 2777650.0], [281350.0, 2777750.0], [281250.0, 2777950.0], [281250.0, 2778050.0], [281150.0, 2778150.0], [281050.0, 2778250.0], [280950.0, 2778350.0], [280850.0, 2778450.0], [280750.0, 2778550.0], [280550.0, 2778650.0], [280350.0, 2778750.0], [280150.0, 2778850.0], [280050.0, 2778850.0], [279850.0, 2778950.0], [279750.0, 2778950.0], [279550.0, 2779050.0], [279450.0, 2779050.0], [279350.0, 2779050.0], [279250.0, 2779050.0], [279150.0, 2779050.0], [279050.0, 2779050.0], [278950.0, 2779050.0], [278850.0, 2779050.0], [278750.0, 2779050.0], [278650.0, 2779050.0], [278450.0, 2779150.0], [278350.0, 2779150.0], [278250.0, 2779150.0], [278150.0, 2779150.0], [278050.0, 2779150.0], [277850.0, 2779050.0], [277750.0, 2778950.0], [277550.0, 2778850.0], [277450.0, 2778750.0], [277350.0, 2778650.0], [277250.0, 2778550.0], [277150.0, 2778450.0], [277050.0, 2778250.0], [277050.0, 2778150.0], [276950.0, 2778050.0], [276850.0, 2778050.0], [276750.0, 2778050.0], [276650.0, 2778050.0], [276450.0, 2778150.0], [276250.0, 2778250.0], [276050.0, 2778350.0], [275850.0, 2778450.0], [275750.0, 2778450.0], [275550.0, 2778550.0], [275450.0, 2778550.0], [275250.0, 2778650.0], [275050.0, 2778750.0], [274850.0, 2778850.0], [274650.0, 2778950.0], [274450.0, 2779050.0], [274250.0, 2779150.0], [274050.0, 2779250.0], [273850.0, 2779350.0], [273650.0, 2779450.0], [273550.0, 2779450.0], [273450.0, 2779450.0], [273350.0, 2779450.0], [273150.0, 2779550.0], [273050.0, 2779550.0], [272950.0, 2779550.0], [272850.0, 2779550.0], [272750.0, 2779550.0], [272650.0, 2779550.0], [272450.0, 2779650.0], [272350.0, 2779650.0], [272250.0, 2779650.0], [272150.0, 2779650.0], [272050.0, 2779650.0], [271850.0, 2779750.0], [271750.0, 2779750.0], [271650.0, 2779750.0], [271550.0, 2779750.0], [271450.0, 2779750.0], [271250.0, 2779650.0], [271150.0, 2779650.0], [271050.0, 2779650.0], [270950.0, 2779650.0], [270850.0, 2779650.0], [270750.0, 2779650.0], [270650.0, 2779650.0], [270550.0, 2779650.0], [270450.0, 2779650.0], [270250.0, 2779550.0], [270150.0, 2779550.0], [269950.0, 2779650.0], [269850.0, 2779650.0], [269750.0, 2779650.0], [269550.0, 2779750.0], [269450.0, 2779750.0], [269350.0, 2779750.0], [269250.0, 2779750.0], [269050.0, 2779850.0], [268950.0, 2779850.0], [268850.0, 2779850.0], [268650.0, 2779950.0], [268450.0, 2780050.0], [268250.0, 2780150.0], [268050.0, 2780250.0], [267950.0, 2780250.0], [267750.0, 2780350.0], [267650.0, 2780350.0], [267550.0, 2780350.0], [267350.0, 2780450.0], [267250.0, 2780550.0], [267050.0, 2780650.0], [266850.0, 2780750.0], [266650.0, 2780850.0], [266550.0, 2780850.0], [266450.0, 2780850.0], [266350.0, 2780950.0], [266150.0, 2781050.0], [266050.0, 2781050.0], [265850.0, 2781150.0]]}, "properties": {"point_id": 17, "emergency": "childbirth_complication", "season": "dry", "kind": "backup", "facility_cat": 23, "facility_name": "Durgapur Upazila Health Complex", "minutes": 66.0}}, {"type": "Feature", "geometry": {"type": "LineString", "coordinates": [[288250.0, 2775250.0], [288350.0, 2775250.0], [288350.0, 2775150.0], [288250.0, 2775050.0], [288150.0, 2774950.0], [288050.0, 2774950.0], [287950.0, 2775050.0], [287850.0, 2775150.0], [287650.0, 2775250.0], [287550.0, 2775250.0], [287350.0, 2775150.0], [287250.0, 2775050.0], [287250.0, 2774950.0], [287350.0, 2774850.0], [287450.0, 2774850.0]]}, "properties": {"point_id": 17, "emergency": "childbirth_complication", "season": "flood0708", "kind": "primary", "facility_cat": 24, "facility_name": "Kalmakanda Upazila Health Complex", "minutes": 8.0}}, {"type": "Feature", "geometry": {"type": "LineString", "coordinates": [[288250.0, 2775250.0], [288350.0, 2775250.0], [288350.0, 2775150.0], [288250.0, 2775050.0], [288150.0, 2774950.0], [288050.0, 2774950.0], [287950.0, 2775050.0], [287850.0, 2775150.0], [287650.0, 2775250.0], [287550.0, 2775250.0], [287350.0, 2775150.0], [287250.0, 2775150.0], [287150.0, 2775150.0], [287050.0, 2775150.0], [286950.0, 2775150.0], [286750.0, 2775250.0], [286650.0, 2775250.0], [286550.0, 2775250.0], [286450.0, 2775250.0], [286350.0, 2775250.0], [286150.0, 2775350.0], [285950.0, 2775450.0], [285750.0, 2775550.0], [285550.0, 2775650.0], [285450.0, 2775750.0], [285350.0, 2775850.0], [285250.0, 2775950.0], [285050.0, 2776050.0], [284850.0, 2775950.0], [284750.0, 2775950.0], [284550.0, 2775850.0], [284450.0, 2775850.0], [284250.0, 2775750.0], [284050.0, 2775650.0], [283950.0, 2775650.0], [283850.0, 2775650.0], [283650.0, 2775550.0], [283550.0, 2775550.0], [283350.0, 2775650.0], [283150.0, 2775750.0], [282950.0, 2775850.0], [282750.0, 2775950.0], [282550.0, 2776050.0], [282450.0, 2776050.0], [282350.0, 2776050.0], [282250.0, 2776150.0], [282150.0, 2776350.0], [282050.0, 2776550.0], [281950.0, 2776750.0], [281850.0, 2776850.0], [281750.0, 2776950.0], [281650.0, 2777050.0], [281550.0, 2777150.0], [281450.0, 2777350.0], [281350.0, 2777550.0], [281350.0, 2777650.0], [281350.0, 2777750.0], [281250.0, 2777950.0], [281250.0, 2778050.0], [281150.0, 2778150.0], [281050.0, 2778250.0], [280950.0, 2778350.0], [280850.0, 2778450.0], [280750.0, 2778550.0], [280550.0, 2778650.0], [280350.0, 2778750.0], [280150.0, 2778850.0], [280050.0, 2778850.0], [279850.0, 2778950.0], [279750.0, 2778950.0], [279550.0, 2779050.0], [279450.0, 2779050.0], [279350.0, 2779050.0], [279250.0, 2779050.0], [279150.0, 2779050.0], [279050.0, 2779050.0], [278950.0, 2779050.0], [278850.0, 2779050.0], [278750.0, 2779050.0], [278650.0, 2779050.0], [278450.0, 2779150.0], [278350.0, 2779150.0], [278250.0, 2779150.0], [278150.0, 2779150.0], [278050.0, 2779150.0], [277850.0, 2779050.0], [277750.0, 2778950.0], [277550.0, 2778850.0], [277450.0, 2778750.0], [277350.0, 2778650.0], [277250.0, 2778550.0], [277150.0, 2778450.0], [277050.0, 2778250.0], [277050.0, 2778150.0], [276950.0, 2778050.0], [276850.0, 2778050.0], [276750.0, 2778050.0], [276650.0, 2778050.0], [276450.0, 2778150.0], [276250.0, 2778250.0], [276050.0, 2778350.0], [275850.0, 2778450.0], [275750.0, 2778450.0], [275550.0, 2778550.0], [275450.0, 2778550.0], [275250.0, 2778650.0], [275050.0, 2778750.0], [274850.0, 2778850.0], [274650.0, 2778950.0], [274450.0, 2779050.0], [274250.0, 2779150.0], [274050.0, 2779250.0], [273850.0, 2779350.0], [273650.0, 2779450.0], [273550.0, 2779450.0], [273450.0, 2779450.0], [273350.0, 2779450.0], [273150.0, 2779550.0], [273050.0, 2779550.0], [272950.0, 2779550.0], [272850.0, 2779550.0], [272750.0, 2779550.0], [272650.0, 2779550.0], [272450.0, 2779650.0], [272350.0, 2779650.0], [272250.0, 2779650.0], [272150.0, 2779650.0], [272050.0, 2779650.0], [271850.0, 2779750.0], [271750.0, 2779750.0], [271650.0, 2779750.0], [271550.0, 2779750.0], [271450.0, 2779750.0], [271250.0, 2779650.0], [271150.0, 2779650.0], [271050.0, 2779650.0], [270950.0, 2779650.0], [270850.0, 2779650.0], [270750.0, 2779650.0], [270650.0, 2779650.0], [270550.0, 2779650.0], [270450.0, 2779650.0], [270250.0, 2779550.0], [270150.0, 2779550.0], [269950.0, 2779650.0], [269850.0, 2779650.0], [269750.0, 2779650.0], [269550.0, 2779750.0], [269450.0, 2779750.0], [269350.0, 2779750.0], [269250.0, 2779750.0], [269050.0, 2779850.0], [268950.0, 2779850.0], [268850.0, 2779850.0], [268650.0, 2779950.0], [268450.0, 2780050.0], [268250.0, 2780150.0], [268050.0, 2780250.0], [267950.0, 2780250.0], [267750.0, 2780350.0], [267650.0, 2780350.0], [267550.0, 2780350.0], [267350.0, 2780450.0], [267250.0, 2780550.0], [267050.0, 2780650.0], [266850.0, 2780750.0], [266650.0, 2780850.0], [266550.0, 2780850.0], [266450.0, 2780850.0], [266350.0, 2780950.0], [266150.0, 2781050.0], [266050.0, 2781050.0], [265850.0, 2781150.0]]}, "properties": {"point_id": 17, "emergency": "childbirth_complication", "season": "flood0708", "kind": "backup", "facility_cat": 23, "facility_name": "Durgapur Upazila Health Complex", "minutes": 66.0}}, {"type": "Feature", "geometry": {"type": "LineString", "coordinates": [[381550.0, 2684950.0], [381650.0, 2685050.0], [381550.0, 2685250.0], [381550.0, 2685350.0], [381550.0, 2685450.0], [381550.0, 2685550.0], [381550.0, 2685650.0], [381550.0, 2685750.0], [381550.0, 2685850.0], [381650.0, 2686050.0], [381650.0, 2686150.0], [381650.0, 2686250.0], [381650.0, 2686350.0], [381750.0, 2686550.0], [381750.0, 2686650.0], [381750.0, 2686750.0], [381850.0, 2686950.0], [381850.0, 2687050.0], [381850.0, 2687150.0], [381950.0, 2687350.0], [381950.0, 2687450.0], [382050.0, 2687650.0], [382150.0, 2687850.0], [382150.0, 2687950.0], [382250.0, 2688150.0], [382250.0, 2688250.0], [382250.0, 2688350.0], [382350.0, 2688550.0], [382350.0, 2688650.0], [382350.0, 2688750.0], [382350.0, 2688850.0], [382350.0, 2688950.0], [382350.0, 2689050.0], [382450.0, 2689250.0], [382450.0, 2689350.0], [382450.0, 2689450.0], [382450.0, 2689550.0], [382450.0, 2689650.0], [382450.0, 2689750.0], [382350.0, 2689950.0], [382250.0, 2690050.0], [382150.0, 2690250.0], [382150.0, 2690350.0], [382150.0, 2690450.0], [382150.0, 2690550.0], [382050.0, 2690750.0], [382050.0, 2690850.0], [382050.0, 2690950.0], [382050.0, 2691050.0], [382050.0, 2691150.0], [382050.0, 2691250.0], [382050.0, 2691350.0], [382050.0, 2691450.0], [382150.0, 2691650.0], [382150.0, 2691750.0], [382150.0, 2691850.0], [382150.0, 2691950.0], [382150.0, 2692050.0], [382150.0, 2692150.0], [382150.0, 2692250.0], [382250.0, 2692450.0], [382250.0, 2692550.0], [382250.0, 2692650.0], [382350.0, 2692850.0], [382350.0, 2692950.0], [382350.0, 2693050.0], [382450.0, 2693150.0], [382550.0, 2693250.0], [382650.0, 2693350.0], [382750.0, 2693550.0], [382850.0, 2693650.0], [382950.0, 2693650.0], [383050.0, 2693650.0], [383150.0, 2693650.0], [383350.0, 2693750.0], [383450.0, 2693850.0], [383550.0, 2693950.0], [383650.0, 2694050.0], [383750.0, 2694250.0], [383750.0, 2694350.0], [383850.0, 2694550.0], [383850.0, 2694650.0], [383850.0, 2694750.0], [383850.0, 2694850.0], [383850.0, 2694950.0], [383850.0, 2695050.0], [383850.0, 2695150.0], [383850.0, 2695250.0], [383950.0, 2695250.0], [384050.0, 2695250.0]]}, "properties": {"point_id": 18, "emergency": "snakebite", "season": "dry", "kind": "primary", "facility_cat": 32, "facility_name": "Kamalganj Upazila Health Complex", "minutes": 35.0}}, {"type": "Feature", "geometry": {"type": "LineString", "coordinates": [[381550.0, 2684950.0], [381650.0, 2685050.0], [381550.0, 2685250.0], [381550.0, 2685350.0], [381550.0, 2685450.0], [381550.0, 2685550.0], [381550.0, 2685650.0], [381550.0, 2685750.0], [381550.0, 2685850.0], [381450.0, 2685950.0], [381350.0, 2686050.0], [381350.0, 2686150.0], [381450.0, 2686350.0], [381450.0, 2686450.0], [381350.0, 2686550.0], [381250.0, 2686550.0], [381050.0, 2686650.0], [380850.0, 2686750.0], [380750.0, 2686750.0], [380650.0, 2686850.0], [380550.0, 2686950.0], [380650.0, 2687150.0], [380650.0, 2687250.0], [380650.0, 2687350.0], [380650.0, 2687450.0], [380650.0, 2687550.0], [380650.0, 2687650.0], [380650.0, 2687750.0], [380750.0, 2687950.0], [380650.0, 2688050.0], [380550.0, 2688050.0], [380350.0, 2688150.0], [380250.0, 2688150.0], [380150.0, 2688150.0], [379950.0, 2688250.0], [379750.0, 2688150.0], [379650.0, 2688150.0], [379550.0, 2688150.0], [379450.0, 2688150.0], [379350.0, 2688150.0], [379250.0, 2688150.0], [379150.0, 2688050.0], [379050.0, 2687850.0], [379050.0, 2687750.0], [378950.0, 2687650.0], [378850.0, 2687750.0], [378850.0, 2687850.0], [378750.0, 2688050.0], [378750.0, 2688150.0], [378650.0, 2688350.0], [378550.0, 2688450.0], [378450.0, 2688550.0], [378350.0, 2688450.0], [378250.0, 2688350.0], [378250.0, 2688250.0], [378150.0, 2688150.0], [378050.0, 2688050.0], [377950.0, 2687950.0], [377850.0, 2687950.0], [377650.0, 2688050.0], [377550.0, 2688150.0], [377450.0, 2688250.0], [377350.0, 2688250.0], [377250.0, 2688250.0], [377150.0, 2688250.0], [377050.0, 2688250.0], [376850.0, 2688350.0], [376750.0, 2688350.0], [376550.0, 2688250.0], [376450.0, 2688250.0], [376350.0, 2688250.0], [376250.0, 2688250.0], [376150.0, 2688250.0], [376050.0, 2688350.0], [375950.0, 2688450.0], [375850.0, 2688550.0], [375750.0, 2688550.0], [375550.0, 2688650.0], [375450.0, 2688750.0], [375350.0, 2688750.0], [375250.0, 2688650.0], [375150.0, 2688550.0], [375050.0, 2688450.0], [374950.0, 2688350.0], [374850.0, 2688250.0], [374750.0, 2688150.0], [374550.0, 2688050.0], [374450.0, 2687950.0], [374350.0, 2687950.0], [374250.0, 2687950.0], [374150.0, 2687950.0], [374050.0, 2687950.0], [373950.0, 2687950.0], [373850.0, 2687950.0], [373650.0, 2688050.0], [373550.0, 2688150.0], [373450.0, 2688150.0], [373350.0, 2688150.0], [373250.0, 2688150.0], [373050.0, 2688250.0], [372950.0, 2688250.0], [372850.0, 2688250.0], [372750.0, 2688250.0], [372650.0, 2688250.0], [372450.0, 2688350.0], [372250.0, 2688450.0], [372150.0, 2688350.0], [371950.0, 2688250.0], [371850.0, 2688250.0], [371750.0, 2688150.0]]}, "properties": {"point_id": 18, "emergency": "snakebite", "season": "dry", "kind": "backup", "facility_cat": 35, "facility_name": "Sreemangal Upazila Health Complex", "minutes": 38.0}}, {"type": "Feature", "geometry": {"type": "LineString", "coordinates": [[381550.0, 2684950.0], [381650.0, 2685050.0], [381550.0, 2685250.0], [381550.0, 2685350.0], [381550.0, 2685450.0], [381550.0, 2685550.0], [381550.0, 2685650.0], [381550.0, 2685750.0], [381550.0, 2685850.0], [381450.0, 2685950.0], [381350.0, 2686050.0], [381350.0, 2686150.0], [381450.0, 2686350.0], [381450.0, 2686450.0], [381350.0, 2686550.0], [381250.0, 2686550.0], [381050.0, 2686650.0], [380850.0, 2686750.0], [380750.0, 2686750.0], [380650.0, 2686850.0], [380550.0, 2686950.0], [380650.0, 2687150.0], [380650.0, 2687250.0], [380650.0, 2687350.0], [380650.0, 2687450.0], [380650.0, 2687550.0], [380650.0, 2687650.0], [380650.0, 2687750.0], [380750.0, 2687950.0], [380650.0, 2688050.0], [380550.0, 2688050.0], [380350.0, 2688150.0], [380250.0, 2688150.0], [380150.0, 2688150.0], [379950.0, 2688250.0], [379750.0, 2688150.0], [379650.0, 2688150.0], [379550.0, 2688150.0], [379450.0, 2688150.0], [379350.0, 2688150.0], [379250.0, 2688150.0], [379150.0, 2688050.0], [379050.0, 2687850.0], [379050.0, 2687750.0], [378950.0, 2687650.0], [378850.0, 2687750.0], [378850.0, 2687850.0], [378750.0, 2688050.0], [378750.0, 2688150.0], [378650.0, 2688350.0], [378550.0, 2688450.0], [378450.0, 2688550.0], [378350.0, 2688450.0], [378250.0, 2688350.0], [378250.0, 2688250.0], [378150.0, 2688150.0], [378050.0, 2688050.0], [377950.0, 2687950.0], [377850.0, 2687950.0], [377650.0, 2688050.0], [377550.0, 2688150.0], [377450.0, 2688250.0], [377350.0, 2688250.0], [377250.0, 2688250.0], [377150.0, 2688250.0], [377050.0, 2688250.0], [376850.0, 2688350.0], [376750.0, 2688350.0], [376550.0, 2688250.0], [376450.0, 2688250.0], [376350.0, 2688250.0], [376250.0, 2688250.0], [376150.0, 2688250.0], [376050.0, 2688350.0], [375950.0, 2688450.0], [375850.0, 2688550.0], [375750.0, 2688550.0], [375550.0, 2688650.0], [375450.0, 2688750.0], [375350.0, 2688750.0], [375250.0, 2688650.0], [375150.0, 2688550.0], [375050.0, 2688450.0], [374950.0, 2688350.0], [374850.0, 2688250.0], [374750.0, 2688150.0], [374550.0, 2688050.0], [374450.0, 2687950.0], [374350.0, 2687950.0], [374250.0, 2687950.0], [374150.0, 2687950.0], [374050.0, 2687950.0], [373950.0, 2687950.0], [373850.0, 2687950.0], [373650.0, 2688050.0], [373550.0, 2688150.0], [373450.0, 2688150.0], [373350.0, 2688150.0], [373250.0, 2688150.0], [373050.0, 2688250.0], [372950.0, 2688250.0], [372850.0, 2688250.0], [372750.0, 2688250.0], [372650.0, 2688250.0], [372450.0, 2688350.0], [372250.0, 2688450.0], [372150.0, 2688350.0], [371950.0, 2688250.0], [371850.0, 2688250.0], [371750.0, 2688150.0]]}, "properties": {"point_id": 18, "emergency": "snakebite", "season": "flood0708", "kind": "primary", "facility_cat": 35, "facility_name": "Sreemangal Upazila Health Complex", "minutes": 38.0}}, {"type": "Feature", "geometry": {"type": "LineString", "coordinates": [[381550.0, 2684950.0], [381650.0, 2685050.0], [381550.0, 2685250.0], [381550.0, 2685350.0], [381550.0, 2685450.0], [381550.0, 2685550.0], [381550.0, 2685650.0], [381550.0, 2685750.0], [381550.0, 2685850.0], [381650.0, 2686050.0], [381650.0, 2686150.0], [381650.0, 2686250.0], [381650.0, 2686350.0], [381750.0, 2686550.0], [381750.0, 2686650.0], [381750.0, 2686750.0], [381850.0, 2686950.0], [381850.0, 2687050.0], [381850.0, 2687150.0], [381950.0, 2687350.0], [381950.0, 2687450.0], [382050.0, 2687650.0], [382150.0, 2687850.0], [382150.0, 2687950.0], [382250.0, 2688050.0], [382350.0, 2688250.0], [382250.0, 2688350.0], [382350.0, 2688550.0], [382350.0, 2688650.0], [382350.0, 2688750.0], [382350.0, 2688850.0], [382350.0, 2688950.0], [382350.0, 2689050.0], [382450.0, 2689250.0], [382450.0, 2689350.0], [382450.0, 2689450.0], [382450.0, 2689550.0], [382450.0, 2689650.0], [382450.0, 2689750.0], [382350.0, 2689950.0], [382250.0, 2690050.0], [382150.0, 2690250.0], [382150.0, 2690350.0], [382150.0, 2690450.0], [382150.0, 2690550.0], [382050.0, 2690750.0], [382050.0, 2690850.0], [382050.0, 2690950.0], [382050.0, 2691050.0], [382050.0, 2691150.0], [382050.0, 2691250.0], [382050.0, 2691350.0], [382050.0, 2691450.0], [382150.0, 2691650.0], [382150.0, 2691750.0], [382150.0, 2691850.0], [382150.0, 2691950.0], [382150.0, 2692050.0], [382150.0, 2692150.0], [382150.0, 2692250.0], [382250.0, 2692450.0], [382250.0, 2692550.0], [382250.0, 2692650.0], [382350.0, 2692850.0], [382350.0, 2692950.0], [382350.0, 2693050.0], [382450.0, 2693150.0], [382550.0, 2693250.0], [382650.0, 2693350.0], [382750.0, 2693550.0], [382850.0, 2693650.0], [382950.0, 2693650.0], [383050.0, 2693650.0], [383150.0, 2693650.0], [383350.0, 2693750.0], [383450.0, 2693850.0], [383550.0, 2693950.0], [383650.0, 2694050.0], [383750.0, 2694250.0], [383750.0, 2694350.0], [383850.0, 2694550.0], [383850.0, 2694650.0], [383850.0, 2694750.0], [383850.0, 2694850.0], [383850.0, 2694950.0], [383850.0, 2695050.0], [383850.0, 2695150.0], [383850.0, 2695250.0], [383950.0, 2695250.0], [384050.0, 2695250.0]]}, "properties": {"point_id": 18, "emergency": "snakebite", "season": "flood0708", "kind": "backup", "facility_cat": 32, "facility_name": "Kamalganj Upazila Health Complex", "minutes": 38.0}}, {"type": "Feature", "geometry": {"type": "LineString", "coordinates": [[303350.0, 2665350.0], [303350.0, 2665250.0], [303550.0, 2665150.0], [303650.0, 2665050.0], [303750.0, 2664950.0], [303850.0, 2664950.0], [303950.0, 2664950.0], [304150.0, 2664850.0], [304250.0, 2664850.0], [304350.0, 2664850.0], [304450.0, 2664850.0], [304550.0, 2664850.0], [304650.0, 2664850.0], [304750.0, 2664850.0], [304950.0, 2664750.0], [305050.0, 2664750.0], [305150.0, 2664750.0], [305250.0, 2664750.0], [305350.0, 2664750.0], [305450.0, 2664750.0], [305550.0, 2664750.0], [305650.0, 2664750.0], [305750.0, 2664750.0], [305850.0, 2664750.0], [305950.0, 2664750.0], [306050.0, 2664750.0], [306150.0, 2664750.0], [306250.0, 2664750.0], [306350.0, 2664750.0], [306450.0, 2664750.0], [306550.0, 2664750.0], [306750.0, 2664650.0], [306850.0, 2664650.0], [306950.0, 2664650.0], [307050.0, 2664650.0], [307150.0, 2664650.0], [307350.0, 2664550.0], [307450.0, 2664450.0], [307650.0, 2664350.0], [307850.0, 2664250.0], [307950.0, 2664150.0], [308050.0, 2663950.0], [308050.0, 2663850.0], [308050.0, 2663750.0], [308150.0, 2663550.0], [308150.0, 2663450.0], [308250.0, 2663350.0], [308350.0, 2663350.0], [308450.0, 2663350.0], [308550.0, 2663350.0], [308650.0, 2663350.0]]}, "properties": {"point_id": 19, "emergency": "injury_drowning", "season": "dry", "kind": "primary", "facility_cat": 38, "facility_name": "Sarail Upazila Health Complex", "minutes": 23.0}}, {"type": "Feature", "geometry": {"type": "LineString", "coordinates": [[303350.0, 2665350.0], [303350.0, 2665250.0], [303550.0, 2665150.0], [303650.0, 2665050.0], [303750.0, 2664950.0], [303850.0, 2664950.0], [303950.0, 2664950.0], [304150.0, 2664850.0], [304250.0, 2664850.0], [304350.0, 2664850.0], [304450.0, 2664850.0], [304550.0, 2664850.0], [304650.0, 2664850.0], [304750.0, 2664850.0], [304950.0, 2664750.0], [305050.0, 2664750.0], [305150.0, 2664750.0], [305250.0, 2664750.0], [305350.0, 2664750.0], [305450.0, 2664750.0], [305550.0, 2664750.0], [305650.0, 2664750.0], [305750.0, 2664750.0], [305850.0, 2664750.0], [305950.0, 2664750.0], [306050.0, 2664750.0], [306150.0, 2664750.0], [306250.0, 2664750.0], [306350.0, 2664750.0], [306450.0, 2664750.0], [306550.0, 2664750.0], [306750.0, 2664650.0], [306850.0, 2664650.0], [306950.0, 2664650.0], [307050.0, 2664650.0], [307150.0, 2664650.0], [307350.0, 2664550.0], [307450.0, 2664450.0], [307650.0, 2664350.0], [307850.0, 2664250.0], [307950.0, 2664250.0], [308050.0, 2664250.0], [308150.0, 2664250.0], [308250.0, 2664250.0], [308350.0, 2664250.0], [308550.0, 2664150.0], [308650.0, 2664250.0], [308650.0, 2664350.0], [308650.0, 2664450.0], [308750.0, 2664650.0], [308750.0, 2664750.0], [308850.0, 2664950.0], [308850.0, 2665050.0], [308850.0, 2665150.0], [308850.0, 2665250.0], [308850.0, 2665350.0], [308850.0, 2665450.0], [308850.0, 2665550.0], [308850.0, 2665650.0], [308950.0, 2665850.0], [308950.0, 2665950.0], [308950.0, 2666050.0], [309050.0, 2666250.0], [309050.0, 2666350.0], [309150.0, 2666550.0], [309250.0, 2666750.0], [309350.0, 2666950.0], [309450.0, 2667150.0], [309450.0, 2667250.0], [309450.0, 2667350.0], [309550.0, 2667550.0], [309650.0, 2667750.0], [309650.0, 2667850.0], [309750.0, 2668050.0], [309850.0, 2668250.0], [309950.0, 2668450.0], [310050.0, 2668650.0], [310150.0, 2668850.0], [310250.0, 2669050.0], [310250.0, 2669150.0], [310350.0, 2669350.0], [310450.0, 2669550.0], [310550.0, 2669750.0], [310650.0, 2669950.0], [310750.0, 2670050.0], [310850.0, 2670250.0], [310950.0, 2670350.0], [311050.0, 2670450.0], [311150.0, 2670550.0], [311250.0, 2670550.0], [311350.0, 2670550.0], [311450.0, 2670650.0], [311550.0, 2670750.0], [311650.0, 2670950.0], [311750.0, 2671150.0], [311850.0, 2671350.0], [311850.0, 2671450.0], [311950.0, 2671650.0], [312050.0, 2671850.0], [312150.0, 2671950.0], [312250.0, 2672150.0], [312350.0, 2672350.0], [312450.0, 2672550.0], [312550.0, 2672650.0], [312650.0, 2672850.0], [312650.0, 2672950.0], [312750.0, 2673150.0], [312850.0, 2673350.0], [312950.0, 2673450.0], [313050.0, 2673550.0], [313150.0, 2673650.0], [313250.0, 2673750.0], [313350.0, 2673850.0], [313450.0, 2673950.0], [313550.0, 2674050.0], [313650.0, 2674150.0], [313750.0, 2674250.0], [313850.0, 2674350.0], [313950.0, 2674450.0], [314050.0, 2674550.0], [314150.0, 2674650.0], [314250.0, 2674750.0], [314350.0, 2674850.0], [314450.0, 2674950.0], [314550.0, 2675050.0], [314650.0, 2675150.0], [314750.0, 2675250.0], [314850.0, 2675350.0], [314950.0, 2675450.0], [315150.0, 2675550.0], [315250.0, 2675650.0], [315450.0, 2675750.0], [315550.0, 2675850.0], [315650.0, 2675850.0], [315850.0, 2675950.0], [316050.0, 2676050.0], [316150.0, 2676150.0], [316250.0, 2676250.0], [316350.0, 2676350.0], [316450.0, 2676450.0], [316550.0, 2676550.0], [316650.0, 2676650.0], [316750.0, 2676750.0], [316750.0, 2676850.0]]}, "properties": {"point_id": 19, "emergency": "injury_drowning", "season": "dry", "kind": "backup", "facility_cat": 34, "facility_name": "Nasirnagar Upazila Health Complex", "minutes": 46.0}}, {"type": "Feature", "geometry": {"type": "LineString", "coordinates": [[303350.0, 2665350.0], [303350.0, 2665250.0], [303550.0, 2665150.0], [303650.0, 2665050.0], [303750.0, 2664950.0], [303850.0, 2664950.0], [303950.0, 2664950.0], [304150.0, 2664850.0], [304250.0, 2664850.0], [304350.0, 2664850.0], [304450.0, 2664850.0], [304550.0, 2664850.0], [304650.0, 2664850.0], [304750.0, 2664850.0], [304950.0, 2664750.0], [305050.0, 2664750.0], [305150.0, 2664750.0], [305250.0, 2664750.0], [305350.0, 2664750.0], [305450.0, 2664750.0], [305550.0, 2664750.0], [305650.0, 2664750.0], [305750.0, 2664750.0], [305850.0, 2664750.0], [305950.0, 2664750.0], [306050.0, 2664750.0], [306150.0, 2664750.0], [306250.0, 2664750.0], [306350.0, 2664750.0], [306450.0, 2664750.0], [306550.0, 2664750.0], [306750.0, 2664650.0], [306850.0, 2664650.0], [306950.0, 2664650.0], [307050.0, 2664650.0], [307150.0, 2664650.0], [307350.0, 2664550.0], [307450.0, 2664450.0], [307650.0, 2664350.0], [307850.0, 2664250.0], [307950.0, 2664150.0], [308050.0, 2663950.0], [308050.0, 2663850.0], [308050.0, 2663750.0], [308150.0, 2663550.0], [308150.0, 2663450.0], [308250.0, 2663350.0], [308350.0, 2663350.0], [308450.0, 2663350.0], [308550.0, 2663350.0], [308650.0, 2663350.0]]}, "properties": {"point_id": 19, "emergency": "injury_drowning", "season": "flood0708", "kind": "primary", "facility_cat": 38, "facility_name": "Sarail Upazila Health Complex", "minutes": 23.0}}, {"type": "Feature", "geometry": {"type": "LineString", "coordinates": [[303350.0, 2665350.0], [303350.0, 2665250.0], [303550.0, 2665150.0], [303650.0, 2665050.0], [303750.0, 2664950.0], [303850.0, 2664950.0], [303950.0, 2664950.0], [304150.0, 2664850.0], [304250.0, 2664850.0], [304350.0, 2664850.0], [304450.0, 2664850.0], [304550.0, 2664850.0], [304650.0, 2664850.0], [304750.0, 2664850.0], [304950.0, 2664750.0], [305050.0, 2664750.0], [305150.0, 2664750.0], [305250.0, 2664750.0], [305350.0, 2664750.0], [305450.0, 2664750.0], [305550.0, 2664750.0], [305650.0, 2664750.0], [305750.0, 2664750.0], [305850.0, 2664750.0], [305950.0, 2664750.0], [306050.0, 2664750.0], [306150.0, 2664750.0], [306250.0, 2664750.0], [306350.0, 2664750.0], [306450.0, 2664750.0], [306550.0, 2664750.0], [306750.0, 2664650.0], [306850.0, 2664650.0], [306950.0, 2664650.0], [307050.0, 2664650.0], [307150.0, 2664650.0], [307350.0, 2664550.0], [307450.0, 2664450.0], [307650.0, 2664350.0], [307850.0, 2664250.0], [307950.0, 2664250.0], [308050.0, 2664250.0], [308150.0, 2664250.0], [308250.0, 2664250.0], [308350.0, 2664250.0], [308550.0, 2664150.0], [308650.0, 2664250.0], [308650.0, 2664350.0], [308650.0, 2664450.0], [308750.0, 2664650.0], [308750.0, 2664750.0], [308850.0, 2664950.0], [308850.0, 2665050.0], [308850.0, 2665150.0], [308850.0, 2665250.0], [308850.0, 2665350.0], [308850.0, 2665450.0], [308850.0, 2665550.0], [308850.0, 2665650.0], [308950.0, 2665850.0], [308950.0, 2665950.0], [308950.0, 2666050.0], [309050.0, 2666250.0], [309050.0, 2666350.0], [309150.0, 2666550.0], [309250.0, 2666750.0], [309350.0, 2666950.0], [309450.0, 2667150.0], [309450.0, 2667250.0], [309450.0, 2667350.0], [309550.0, 2667550.0], [309650.0, 2667750.0], [309650.0, 2667850.0], [309750.0, 2668050.0], [309850.0, 2668250.0], [309950.0, 2668450.0], [310050.0, 2668650.0], [310150.0, 2668850.0], [310250.0, 2669050.0], [310250.0, 2669150.0], [310350.0, 2669350.0], [310450.0, 2669550.0], [310550.0, 2669750.0], [310650.0, 2669950.0], [310750.0, 2670050.0], [310850.0, 2670250.0], [310950.0, 2670350.0], [311050.0, 2670450.0], [311150.0, 2670550.0], [311250.0, 2670550.0], [311450.0, 2670650.0], [311450.0, 2670750.0], [311550.0, 2670850.0], [311650.0, 2670950.0], [311750.0, 2671150.0], [311850.0, 2671350.0], [311850.0, 2671450.0], [311950.0, 2671650.0], [312050.0, 2671850.0], [312150.0, 2671950.0], [312250.0, 2672150.0], [312350.0, 2672350.0], [312450.0, 2672550.0], [312550.0, 2672650.0], [312650.0, 2672850.0], [312650.0, 2672950.0], [312750.0, 2673150.0], [312850.0, 2673350.0], [312950.0, 2673450.0], [313050.0, 2673550.0], [313150.0, 2673650.0], [313250.0, 2673750.0], [313350.0, 2673850.0], [313450.0, 2673950.0], [313550.0, 2674050.0], [313650.0, 2674150.0], [313750.0, 2674250.0], [313850.0, 2674350.0], [313950.0, 2674450.0], [314050.0, 2674550.0], [314150.0, 2674650.0], [314250.0, 2674750.0], [314350.0, 2674850.0], [314450.0, 2674950.0], [314550.0, 2675050.0], [314650.0, 2675150.0], [314750.0, 2675250.0], [314850.0, 2675350.0], [314950.0, 2675450.0], [315150.0, 2675550.0], [315250.0, 2675650.0], [315450.0, 2675750.0], [315550.0, 2675850.0], [315650.0, 2675850.0], [315850.0, 2675950.0], [316050.0, 2676050.0], [316150.0, 2676150.0], [316250.0, 2676250.0], [316350.0, 2676350.0], [316450.0, 2676450.0], [316550.0, 2676550.0], [316650.0, 2676650.0], [316750.0, 2676750.0], [316750.0, 2676850.0]]}, "properties": {"point_id": 19, "emergency": "injury_drowning", "season": "flood0708", "kind": "backup", "facility_cat": 34, "facility_name": "Nasirnagar Upazila Health Complex", "minutes": 54.0}}, {"type": "Feature", "geometry": {"type": "LineString", "coordinates": [[281250.0, 2743550.0], [281150.0, 2743650.0], [281150.0, 2743750.0], [281150.0, 2743850.0], [281250.0, 2744050.0], [281350.0, 2744150.0], [281350.0, 2744250.0], [281350.0, 2744350.0], [281450.0, 2744450.0], [281550.0, 2744450.0], [281750.0, 2744350.0], [281950.0, 2744450.0], [282050.0, 2744450.0], [282250.0, 2744550.0], [282450.0, 2744650.0], [282550.0, 2744750.0], [282650.0, 2744850.0], [282850.0, 2744950.0], [282950.0, 2745050.0], [283050.0, 2745150.0], [283150.0, 2745250.0], [283350.0, 2745350.0], [283450.0, 2745350.0], [283550.0, 2745350.0], [283650.0, 2745350.0], [283750.0, 2745350.0], [283850.0, 2745350.0], [283950.0, 2745450.0], [283950.0, 2745550.0]]}, "properties": {"point_id": 20, "emergency": "minor_illness", "season": "dry", "kind": "primary", "facility_cat": 44, "facility_name": "Atpara Upazila Health Complex", "minutes": 14.0}}, {"type": "Feature", "geometry": {"type": "LineString", "coordinates": [[281250.0, 2743550.0], [281250.0, 2743450.0], [281250.0, 2743350.0], [281150.0, 2743250.0], [281050.0, 2743250.0], [280950.0, 2743150.0], [280950.0, 2743050.0], [280950.0, 2742950.0], [280950.0, 2742850.0], [280950.0, 2742750.0], [280850.0, 2742550.0], [280850.0, 2742450.0], [280950.0, 2742350.0], [281050.0, 2742250.0], [281150.0, 2742150.0], [281350.0, 2742050.0], [281450.0, 2741950.0], [281650.0, 2741850.0], [281750.0, 2741750.0], [281850.0, 2741650.0], [282050.0, 2741550.0], [282150.0, 2741450.0], [282250.0, 2741350.0], [282450.0, 2741250.0], [282550.0, 2741150.0], [282650.0, 2741050.0], [282850.0, 2740950.0], [283050.0, 2740850.0], [283250.0, 2740750.0], [283350.0, 2740650.0], [283450.0, 2740450.0], [283550.0, 2740350.0], [283650.0, 2740350.0], [283750.0, 2740250.0], [283850.0, 2740050.0], [283950.0, 2739850.0], [284050.0, 2739750.0], [284150.0, 2739650.0], [284250.0, 2739550.0], [284350.0, 2739350.0], [284450.0, 2739250.0], [284550.0, 2739150.0], [284650.0, 2739050.0], [284750.0, 2738950.0], [284850.0, 2738850.0], [284950.0, 2738650.0], [285050.0, 2738550.0], [285150.0, 2738350.0], [285250.0, 2738250.0], [285350.0, 2738150.0], [285450.0, 2738050.0], [285550.0, 2737950.0], [285650.0, 2737850.0], [285750.0, 2737750.0], [285850.0, 2737650.0], [285950.0, 2737550.0], [286150.0, 2737450.0], [286350.0, 2737350.0], [286450.0, 2737250.0], [286650.0, 2737150.0], [286850.0, 2737050.0], [287050.0, 2736950.0], [287250.0, 2736850.0], [287450.0, 2736750.0], [287550.0, 2736650.0], [287750.0, 2736550.0], [287950.0, 2736450.0], [288150.0, 2736350.0], [288250.0, 2736350.0], [288450.0, 2736250.0], [288550.0, 2736250.0], [288750.0, 2736150.0], [288850.0, 2736050.0], [288950.0, 2735950.0], [289050.0, 2735850.0], [289150.0, 2735850.0], [289350.0, 2735750.0], [289550.0, 2735650.0], [289650.0, 2735650.0], [289750.0, 2735650.0], [289950.0, 2735550.0], [290050.0, 2735550.0], [290150.0, 2735550.0], [290250.0, 2735550.0], [290450.0, 2735450.0], [290550.0, 2735450.0], [290650.0, 2735450.0], [290750.0, 2735450.0], [290850.0, 2735450.0], [290950.0, 2735450.0], [291050.0, 2735450.0], [291150.0, 2735450.0], [291250.0, 2735450.0], [291350.0, 2735450.0], [291550.0, 2735350.0], [291650.0, 2735350.0], [291750.0, 2735350.0], [291850.0, 2735350.0], [292050.0, 2735250.0], [292150.0, 2735150.0]]}, "properties": {"point_id": 20, "emergency": "minor_illness", "season": "dry", "kind": "backup", "facility_cat": 37, "facility_name": "Madan Upazilla Health Complex", "minutes": 35.0}}, {"type": "Feature", "geometry": {"type": "LineString", "coordinates": [[281250.0, 2743550.0], [281150.0, 2743650.0], [281150.0, 2743750.0], [281150.0, 2743850.0], [281250.0, 2744050.0], [281350.0, 2744150.0], [281350.0, 2744250.0], [281350.0, 2744350.0], [281450.0, 2744450.0], [281550.0, 2744450.0], [281750.0, 2744350.0], [281950.0, 2744450.0], [282050.0, 2744450.0], [282250.0, 2744550.0], [282450.0, 2744650.0], [282550.0, 2744750.0], [282650.0, 2744850.0], [282850.0, 2744950.0], [282950.0, 2745050.0], [283050.0, 2745150.0], [283150.0, 2745250.0], [283350.0, 2745350.0], [283450.0, 2745350.0], [283550.0, 2745350.0], [283650.0, 2745350.0], [283750.0, 2745350.0], [283850.0, 2745350.0], [283950.0, 2745450.0], [283950.0, 2745550.0]]}, "properties": {"point_id": 20, "emergency": "minor_illness", "season": "flood0708", "kind": "primary", "facility_cat": 44, "facility_name": "Atpara Upazila Health Complex", "minutes": 14.0}}, {"type": "Feature", "geometry": {"type": "LineString", "coordinates": [[281250.0, 2743550.0], [281250.0, 2743450.0], [281250.0, 2743350.0], [281150.0, 2743250.0], [281050.0, 2743250.0], [280950.0, 2743150.0], [280950.0, 2743050.0], [280950.0, 2742950.0], [280950.0, 2742850.0], [280950.0, 2742750.0], [280850.0, 2742550.0], [280850.0, 2742450.0], [280950.0, 2742350.0], [281050.0, 2742250.0], [281150.0, 2742150.0], [281350.0, 2742050.0], [281450.0, 2741950.0], [281650.0, 2741850.0], [281750.0, 2741750.0], [281850.0, 2741650.0], [282050.0, 2741550.0], [282150.0, 2741450.0], [282250.0, 2741350.0], [282450.0, 2741250.0], [282550.0, 2741150.0], [282650.0, 2741050.0], [282850.0, 2740950.0], [283050.0, 2740850.0], [283250.0, 2740750.0], [283350.0, 2740650.0], [283450.0, 2740450.0], [283550.0, 2740350.0], [283650.0, 2740350.0], [283750.0, 2740250.0], [283850.0, 2740050.0], [283950.0, 2739850.0], [284050.0, 2739750.0], [284150.0, 2739650.0], [284250.0, 2739550.0], [284350.0, 2739350.0], [284450.0, 2739250.0], [284550.0, 2739150.0], [284650.0, 2739050.0], [284750.0, 2738950.0], [284850.0, 2738850.0], [284950.0, 2738650.0], [285050.0, 2738550.0], [285150.0, 2738350.0], [285250.0, 2738250.0], [285350.0, 2738150.0], [285450.0, 2738050.0], [285550.0, 2737950.0], [285650.0, 2737850.0], [285750.0, 2737750.0], [285850.0, 2737650.0], [285950.0, 2737550.0], [286150.0, 2737450.0], [286350.0, 2737350.0], [286450.0, 2737250.0], [286650.0, 2737150.0], [286850.0, 2737050.0], [287050.0, 2736950.0], [287250.0, 2736850.0], [287450.0, 2736750.0], [287550.0, 2736650.0], [287750.0, 2736550.0], [287950.0, 2736450.0], [288150.0, 2736350.0], [288250.0, 2736350.0], [288450.0, 2736250.0], [288550.0, 2736250.0], [288750.0, 2736150.0], [288850.0, 2736050.0], [288950.0, 2735950.0], [289050.0, 2735850.0], [289150.0, 2735850.0], [289350.0, 2735750.0], [289550.0, 2735650.0], [289650.0, 2735650.0], [289750.0, 2735650.0], [289950.0, 2735550.0], [290050.0, 2735550.0], [290150.0, 2735550.0], [290250.0, 2735550.0], [290450.0, 2735450.0], [290550.0, 2735450.0], [290650.0, 2735450.0], [290750.0, 2735450.0], [290850.0, 2735450.0], [290950.0, 2735450.0], [291050.0, 2735450.0], [291150.0, 2735450.0], [291250.0, 2735450.0], [291350.0, 2735450.0], [291550.0, 2735350.0], [291650.0, 2735350.0], [291750.0, 2735350.0], [291850.0, 2735350.0], [292050.0, 2735250.0], [292150.0, 2735150.0]]}, "properties": {"point_id": 20, "emergency": "minor_illness", "season": "flood0708", "kind": "backup", "facility_cat": 37, "facility_name": "Madan Upazilla Health Complex", "minutes": 35.0}}, {"type": "Feature", "geometry": {"type": "LineString", "coordinates": [[307250.0, 2662450.0], [307250.0, 2662350.0], [307350.0, 2662350.0], [307450.0, 2662350.0], [307550.0, 2662450.0], [307650.0, 2662550.0], [307750.0, 2662650.0], [307850.0, 2662750.0], [307950.0, 2662850.0], [308050.0, 2662950.0], [308050.0, 2663050.0], [308150.0, 2663250.0], [308250.0, 2663350.0], [308350.0, 2663350.0], [308450.0, 2663350.0], [308550.0, 2663350.0], [308650.0, 2663350.0]]}, "properties": {"point_id": 21, "emergency": "childbirth_complication", "season": "dry", "kind": "primary", "facility_cat": 38, "facility_name": "Sarail Upazila Health Complex", "minutes": 8.0}}, {"type": "Feature", "geometry": {"type": "LineString", "coordinates": [[307250.0, 2662450.0], [307250.0, 2662350.0], [307350.0, 2662350.0], [307450.0, 2662350.0], [307550.0, 2662450.0], [307650.0, 2662550.0], [307750.0, 2662650.0], [307850.0, 2662750.0], [307950.0, 2662850.0], [308050.0, 2662950.0], [308050.0, 2663050.0], [308150.0, 2663250.0], [308250.0, 2663350.0], [308350.0, 2663350.0], [308450.0, 2663350.0], [308550.0, 2663450.0], [308650.0, 2663650.0], [308650.0, 2663750.0], [308650.0, 2663850.0], [308650.0, 2663950.0], [308650.0, 2664050.0], [308650.0, 2664150.0], [308650.0, 2664250.0], [308650.0, 2664350.0], [308650.0, 2664450.0], [308750.0, 2664650.0], [308750.0, 2664750.0], [308850.0, 2664950.0], [308850.0, 2665050.0], [308850.0, 2665150.0], [308850.0, 2665250.0], [308850.0, 2665350.0], [308850.0, 2665450.0], [308850.0, 2665550.0], [308850.0, 2665650.0], [308950.0, 2665850.0], [308950.0, 2665950.0], [308950.0, 2666050.0], [309050.0, 2666250.0], [309050.0, 2666350.0], [309150.0, 2666550.0], [309250.0, 2666750.0], [309350.0, 2666950.0], [309450.0, 2667150.0], [309450.0, 2667250.0], [309450.0, 2667350.0], [309550.0, 2667550.0], [309650.0, 2667750.0], [309650.0, 2667850.0], [309750.0, 2668050.0], [309850.0, 2668250.0], [309950.0, 2668450.0], [310050.0, 2668650.0], [310150.0, 2668850.0], [310250.0, 2669050.0], [310250.0, 2669150.0], [310350.0, 2669350.0], [310450.0, 2669550.0], [310550.0, 2669750.0], [310650.0, 2669950.0], [310750.0, 2670050.0], [310850.0, 2670250.0], [310950.0, 2670350.0], [311050.0, 2670450.0], [311150.0, 2670550.0], [311250.0, 2670550.0], [311350.0, 2670550.0], [311450.0, 2670650.0], [311550.0, 2670750.0], [311650.0, 2670950.0], [311750.0, 2671150.0], [311850.0, 2671350.0], [311850.0, 2671450.0], [311950.0, 2671650.0], [312050.0, 2671850.0], [312150.0, 2671950.0], [312250.0, 2672150.0], [312350.0, 2672350.0], [312450.0, 2672550.0], [312550.0, 2672650.0], [312650.0, 2672850.0], [312650.0, 2672950.0], [312750.0, 2673150.0], [312850.0, 2673350.0], [312950.0, 2673450.0], [313050.0, 2673550.0], [313150.0, 2673650.0], [313250.0, 2673750.0], [313350.0, 2673850.0], [313450.0, 2673950.0], [313550.0, 2674050.0], [313650.0, 2674150.0], [313750.0, 2674250.0], [313850.0, 2674350.0], [313950.0, 2674450.0], [314050.0, 2674550.0], [314150.0, 2674650.0], [314250.0, 2674750.0], [314350.0, 2674850.0], [314450.0, 2674950.0], [314550.0, 2675050.0], [314650.0, 2675150.0], [314750.0, 2675250.0], [314850.0, 2675350.0], [314950.0, 2675450.0], [315150.0, 2675550.0], [315250.0, 2675650.0], [315450.0, 2675750.0], [315550.0, 2675850.0], [315650.0, 2675850.0], [315850.0, 2675950.0], [316050.0, 2676050.0], [316150.0, 2676150.0], [316250.0, 2676250.0], [316350.0, 2676350.0], [316450.0, 2676450.0], [316550.0, 2676550.0], [316650.0, 2676650.0], [316750.0, 2676750.0], [316750.0, 2676850.0]]}, "properties": {"point_id": 21, "emergency": "childbirth_complication", "season": "dry", "kind": "backup", "facility_cat": 34, "facility_name": "Nasirnagar Upazila Health Complex", "minutes": 32.0}}, {"type": "Feature", "geometry": {"type": "LineString", "coordinates": [[307250.0, 2662450.0], [307250.0, 2662350.0], [307350.0, 2662350.0], [307450.0, 2662350.0], [307550.0, 2662450.0], [307650.0, 2662550.0], [307750.0, 2662650.0], [307850.0, 2662750.0], [307950.0, 2662850.0], [308050.0, 2662950.0], [308050.0, 2663050.0], [308150.0, 2663250.0], [308250.0, 2663350.0], [308350.0, 2663350.0], [308450.0, 2663350.0], [308550.0, 2663350.0], [308650.0, 2663350.0]]}, "properties": {"point_id": 21, "emergency": "childbirth_complication", "season": "flood0708", "kind": "primary", "facility_cat": 38, "facility_name": "Sarail Upazila Health Complex", "minutes": 8.0}}, {"type": "Feature", "geometry": {"type": "LineString", "coordinates": [[307250.0, 2662450.0], [307250.0, 2662350.0], [307350.0, 2662350.0], [307450.0, 2662350.0], [307550.0, 2662450.0], [307650.0, 2662550.0], [307750.0, 2662650.0], [307850.0, 2662750.0], [307950.0, 2662850.0], [308050.0, 2662950.0], [308050.0, 2663050.0], [308150.0, 2663250.0], [308250.0, 2663350.0], [308350.0, 2663350.0], [308450.0, 2663350.0], [308550.0, 2663450.0], [308650.0, 2663650.0], [308650.0, 2663750.0], [308650.0, 2663850.0], [308650.0, 2663950.0], [308650.0, 2664050.0], [308650.0, 2664150.0], [308650.0, 2664250.0], [308650.0, 2664350.0], [308650.0, 2664450.0], [308750.0, 2664650.0], [308750.0, 2664750.0], [308850.0, 2664950.0], [308850.0, 2665050.0], [308850.0, 2665150.0], [308850.0, 2665250.0], [308850.0, 2665350.0], [308850.0, 2665450.0], [308850.0, 2665550.0], [308850.0, 2665650.0], [308950.0, 2665850.0], [308950.0, 2665950.0], [308950.0, 2666050.0], [309050.0, 2666250.0], [309050.0, 2666350.0], [309150.0, 2666550.0], [309250.0, 2666750.0], [309350.0, 2666950.0], [309450.0, 2667150.0], [309450.0, 2667250.0], [309450.0, 2667350.0], [309550.0, 2667550.0], [309650.0, 2667750.0], [309650.0, 2667850.0], [309750.0, 2668050.0], [309850.0, 2668250.0], [309950.0, 2668450.0], [310050.0, 2668650.0], [310150.0, 2668850.0], [310250.0, 2669050.0], [310250.0, 2669150.0], [310350.0, 2669350.0], [310450.0, 2669550.0], [310550.0, 2669750.0], [310650.0, 2669950.0], [310750.0, 2670050.0], [310850.0, 2670250.0], [310950.0, 2670350.0], [311050.0, 2670450.0], [311150.0, 2670550.0], [311250.0, 2670550.0], [311450.0, 2670650.0], [311450.0, 2670750.0], [311550.0, 2670850.0], [311650.0, 2670950.0], [311750.0, 2671150.0], [311850.0, 2671350.0], [311850.0, 2671450.0], [311950.0, 2671650.0], [312050.0, 2671850.0], [312150.0, 2671950.0], [312250.0, 2672150.0], [312350.0, 2672350.0], [312450.0, 2672550.0], [312550.0, 2672650.0], [312650.0, 2672850.0], [312650.0, 2672950.0], [312750.0, 2673150.0], [312850.0, 2673350.0], [312950.0, 2673450.0], [313050.0, 2673550.0], [313150.0, 2673650.0], [313250.0, 2673750.0], [313350.0, 2673850.0], [313450.0, 2673950.0], [313550.0, 2674050.0], [313650.0, 2674150.0], [313750.0, 2674250.0], [313850.0, 2674350.0], [313950.0, 2674450.0], [314050.0, 2674550.0], [314150.0, 2674650.0], [314250.0, 2674750.0], [314350.0, 2674850.0], [314450.0, 2674950.0], [314550.0, 2675050.0], [314650.0, 2675150.0], [314750.0, 2675250.0], [314850.0, 2675350.0], [314950.0, 2675450.0], [315150.0, 2675550.0], [315250.0, 2675650.0], [315450.0, 2675750.0], [315550.0, 2675850.0], [315650.0, 2675850.0], [315850.0, 2675950.0], [316050.0, 2676050.0], [316150.0, 2676150.0], [316250.0, 2676250.0], [316350.0, 2676350.0], [316450.0, 2676450.0], [316550.0, 2676550.0], [316650.0, 2676650.0], [316750.0, 2676750.0], [316750.0, 2676850.0]]}, "properties": {"point_id": 21, "emergency": "childbirth_complication", "season": "flood0708", "kind": "backup", "facility_cat": 34, "facility_name": "Nasirnagar Upazila Health Complex", "minutes": 40.0}}, {"type": "Feature", "geometry": {"type": "LineString", "coordinates": [[274150.0, 2684450.0], [274250.0, 2684350.0], [274350.0, 2684250.0], [274550.0, 2684150.0], [274650.0, 2684150.0], [274850.0, 2684050.0], [275050.0, 2683950.0], [275150.0, 2683850.0], [275250.0, 2683850.0], [275350.0, 2683850.0], [275450.0, 2683850.0], [275550.0, 2683850.0], [275650.0, 2683850.0], [275750.0, 2683850.0], [275850.0, 2683850.0], [275950.0, 2683850.0], [276050.0, 2683650.0], [276050.0, 2683550.0], [276050.0, 2683450.0], [276050.0, 2683350.0], [276150.0, 2683250.0], [276250.0, 2683150.0], [276350.0, 2683050.0], [276450.0, 2683050.0]]}, "properties": {"point_id": 22, "emergency": "snakebite", "season": "dry", "kind": "primary", "facility_cat": 18, "facility_name": "Katiyadi Upazilla Health Complex", "minutes": 6.0}}, {"type": "Feature", "geometry": {"type": "LineString", "coordinates": [[274150.0, 2684450.0], [274250.0, 2684350.0], [274350.0, 2684250.0], [274550.0, 2684150.0], [274650.0, 2684150.0], [274850.0, 2684050.0], [275050.0, 2683950.0], [275150.0, 2683850.0], [275250.0, 2683850.0], [275350.0, 2683850.0], [275450.0, 2683850.0], [275550.0, 2683850.0], [275650.0, 2683850.0], [275750.0, 2683850.0], [275850.0, 2683850.0], [275950.0, 2683850.0], [276050.0, 2683850.0], [276150.0, 2683850.0], [276250.0, 2683850.0], [276350.0, 2683850.0], [276550.0, 2683750.0], [276750.0, 2683650.0], [276850.0, 2683550.0], [276950.0, 2683450.0], [277050.0, 2683350.0], [277150.0, 2683350.0], [277350.0, 2683250.0], [277450.0, 2683250.0], [277550.0, 2683250.0], [277650.0, 2683250.0], [277850.0, 2683150.0], [277950.0, 2683150.0], [278150.0, 2683050.0], [278350.0, 2682950.0], [278550.0, 2682850.0], [278750.0, 2682750.0], [278950.0, 2682650.0], [279050.0, 2682550.0], [279150.0, 2682450.0], [279250.0, 2682350.0], [279350.0, 2682250.0], [279450.0, 2682150.0], [279550.0, 2682050.0], [279650.0, 2681950.0], [279750.0, 2681850.0], [279850.0, 2681750.0], [279950.0, 2681650.0], [280050.0, 2681550.0], [280150.0, 2681450.0], [280250.0, 2681350.0], [280350.0, 2681250.0], [280450.0, 2681150.0], [280550.0, 2681050.0], [280650.0, 2680950.0], [280750.0, 2680850.0], [280850.0, 2680750.0], [280950.0, 2680650.0], [281050.0, 2680550.0], [281150.0, 2680350.0], [281250.0, 2680250.0], [281350.0, 2680150.0], [281450.0, 2679950.0], [281550.0, 2679850.0], [281650.0, 2679750.0], [281750.0, 2679650.0], [281850.0, 2679450.0], [281950.0, 2679350.0], [282050.0, 2679250.0], [282150.0, 2679150.0], [282250.0, 2679050.0], [282450.0, 2678950.0], [282550.0, 2678850.0], [282650.0, 2678750.0], [282750.0, 2678650.0], [282850.0, 2678550.0], [282950.0, 2678450.0], [283050.0, 2678350.0], [283150.0, 2678250.0], [283250.0, 2678150.0], [283350.0, 2677950.0], [283450.0, 2677850.0], [283550.0, 2677650.0], [283650.0, 2677550.0], [283750.0, 2677350.0], [283850.0, 2677150.0], [283950.0, 2676950.0], [283950.0, 2676850.0], [284050.0, 2676650.0], [284150.0, 2676450.0], [284250.0, 2676350.0], [284350.0, 2676350.0], [284550.0, 2676450.0], [284650.0, 2676550.0], [284850.0, 2676650.0], [284950.0, 2676750.0], [285050.0, 2676750.0], [285150.0, 2676750.0], [285250.0, 2676750.0], [285350.0, 2676750.0], [285450.0, 2676750.0], [285550.0, 2676750.0], [285650.0, 2676750.0], [285750.0, 2676750.0], [285850.0, 2676750.0], [285950.0, 2676750.0], [286050.0, 2676750.0], [286150.0, 2676750.0], [286250.0, 2676750.0], [286350.0, 2676750.0], [286550.0, 2676850.0], [286750.0, 2676950.0], [286950.0, 2677050.0], [287150.0, 2677150.0], [287350.0, 2677250.0], [287550.0, 2677350.0], [287650.0, 2677350.0], [287850.0, 2677450.0], [287950.0, 2677450.0], [288050.0, 2677450.0], [288250.0, 2677550.0], [288350.0, 2677650.0], [288450.0, 2677750.0], [288450.0, 2677850.0], [288450.0, 2677950.0]]}, "properties": {"point_id": 22, "emergency": "snakebite", "season": "dry", "kind": "backup", "facility_cat": 2, "facility_name": "Johurul Islam Medical College and Hospital", "minutes": 33.0}}, {"type": "Feature", "geometry": {"type": "LineString", "coordinates": [[274150.0, 2684450.0], [274250.0, 2684350.0], [274350.0, 2684250.0], [274550.0, 2684150.0], [274650.0, 2684150.0], [274850.0, 2684050.0], [275050.0, 2683950.0], [275150.0, 2683850.0], [275250.0, 2683850.0], [275350.0, 2683850.0], [275450.0, 2683850.0], [275550.0, 2683850.0], [275650.0, 2683850.0], [275750.0, 2683850.0], [275850.0, 2683850.0], [275950.0, 2683850.0], [276050.0, 2683650.0], [276050.0, 2683550.0], [276050.0, 2683450.0], [276050.0, 2683350.0], [276150.0, 2683250.0], [276250.0, 2683150.0], [276350.0, 2683050.0], [276450.0, 2683050.0]]}, "properties": {"point_id": 22, "emergency": "snakebite", "season": "flood0708", "kind": "primary", "facility_cat": 18, "facility_name": "Katiyadi Upazilla Health Complex", "minutes": 6.0}}, {"type": "Feature", "geometry": {"type": "LineString", "coordinates": [[274150.0, 2684450.0], [274250.0, 2684350.0], [274350.0, 2684250.0], [274550.0, 2684150.0], [274650.0, 2684150.0], [274850.0, 2684050.0], [275050.0, 2683950.0], [275150.0, 2683850.0], [275250.0, 2683850.0], [275350.0, 2683850.0], [275450.0, 2683850.0], [275550.0, 2683850.0], [275650.0, 2683850.0], [275750.0, 2683850.0], [275850.0, 2683850.0], [275950.0, 2683850.0], [276050.0, 2683850.0], [276150.0, 2683850.0], [276250.0, 2683850.0], [276350.0, 2683850.0], [276550.0, 2683750.0], [276750.0, 2683650.0], [276850.0, 2683550.0], [276950.0, 2683450.0], [277050.0, 2683350.0], [277150.0, 2683350.0], [277350.0, 2683250.0], [277450.0, 2683250.0], [277550.0, 2683250.0], [277650.0, 2683250.0], [277850.0, 2683150.0], [277950.0, 2683150.0], [278150.0, 2683050.0], [278350.0, 2682950.0], [278550.0, 2682850.0], [278750.0, 2682750.0], [278950.0, 2682650.0], [279050.0, 2682550.0], [279150.0, 2682450.0], [279250.0, 2682350.0], [279350.0, 2682250.0], [279450.0, 2682150.0], [279550.0, 2682050.0], [279650.0, 2681950.0], [279750.0, 2681850.0], [279850.0, 2681750.0], [279950.0, 2681650.0], [280050.0, 2681550.0], [280150.0, 2681450.0], [280250.0, 2681350.0], [280350.0, 2681250.0], [280450.0, 2681150.0], [280550.0, 2681050.0], [280650.0, 2680950.0], [280750.0, 2680850.0], [280850.0, 2680750.0], [280950.0, 2680650.0], [281050.0, 2680550.0], [281150.0, 2680350.0], [281250.0, 2680250.0], [281350.0, 2680150.0], [281450.0, 2679950.0], [281550.0, 2679850.0], [281650.0, 2679750.0], [281750.0, 2679650.0], [281850.0, 2679450.0], [281950.0, 2679350.0], [282050.0, 2679250.0], [282150.0, 2679150.0], [282250.0, 2679050.0], [282450.0, 2678950.0], [282550.0, 2678850.0], [282650.0, 2678750.0], [282750.0, 2678650.0], [282850.0, 2678550.0], [282950.0, 2678450.0], [283050.0, 2678350.0], [283150.0, 2678250.0], [283250.0, 2678150.0], [283350.0, 2677950.0], [283450.0, 2677850.0], [283550.0, 2677650.0], [283650.0, 2677550.0], [283750.0, 2677350.0], [283850.0, 2677150.0], [283950.0, 2676950.0], [283950.0, 2676850.0], [284050.0, 2676650.0], [284150.0, 2676450.0], [284250.0, 2676350.0], [284350.0, 2676350.0], [284550.0, 2676450.0], [284650.0, 2676550.0], [284850.0, 2676650.0], [284950.0, 2676750.0], [285050.0, 2676750.0], [285150.0, 2676750.0], [285250.0, 2676750.0], [285350.0, 2676750.0], [285450.0, 2676750.0], [285550.0, 2676750.0], [285650.0, 2676750.0], [285750.0, 2676750.0], [285850.0, 2676750.0], [285950.0, 2676750.0], [286050.0, 2676750.0], [286150.0, 2676750.0], [286250.0, 2676750.0], [286350.0, 2676750.0], [286550.0, 2676850.0], [286750.0, 2676950.0], [286950.0, 2677050.0], [287150.0, 2677150.0], [287350.0, 2677250.0], [287550.0, 2677350.0], [287650.0, 2677350.0], [287850.0, 2677450.0], [287950.0, 2677450.0], [288050.0, 2677450.0], [288250.0, 2677550.0], [288350.0, 2677650.0], [288450.0, 2677750.0], [288450.0, 2677850.0], [288450.0, 2677950.0]]}, "properties": {"point_id": 22, "emergency": "snakebite", "season": "flood0708", "kind": "backup", "facility_cat": 2, "facility_name": "Johurul Islam Medical College and Hospital", "minutes": 33.0}}, {"type": "Feature", "geometry": {"type": "LineString", "coordinates": [[273750.0, 2689450.0], [273750.0, 2689350.0], [273850.0, 2689150.0], [273850.0, 2689050.0], [273850.0, 2688950.0], [273950.0, 2688750.0], [273950.0, 2688650.0], [273950.0, 2688550.0], [274050.0, 2688350.0], [274050.0, 2688250.0], [274050.0, 2688150.0], [274150.0, 2687950.0], [274250.0, 2687750.0], [274350.0, 2687550.0], [274450.0, 2687350.0], [274550.0, 2687150.0], [274650.0, 2686950.0], [274750.0, 2686750.0], [274850.0, 2686550.0], [274850.0, 2686450.0], [274950.0, 2686250.0], [274950.0, 2686150.0], [275050.0, 2685950.0], [275050.0, 2685850.0], [275150.0, 2685650.0], [275250.0, 2685550.0], [275350.0, 2685350.0], [275450.0, 2685250.0], [275550.0, 2685150.0], [275650.0, 2685050.0], [275750.0, 2684850.0], [275850.0, 2684750.0], [275850.0, 2684650.0], [275850.0, 2684550.0], [275850.0, 2684450.0], [275950.0, 2684250.0], [276050.0, 2684150.0], [276150.0, 2684050.0], [276250.0, 2683950.0], [276150.0, 2683750.0], [276050.0, 2683550.0], [276050.0, 2683450.0], [276050.0, 2683350.0], [276150.0, 2683250.0], [276250.0, 2683150.0], [276350.0, 2683050.0], [276450.0, 2683050.0]]}, "properties": {"point_id": 23, "emergency": "injury_drowning", "season": "dry", "kind": "primary", "facility_cat": 18, "facility_name": "Katiyadi Upazilla Health Complex", "minutes": 13.0}}, {"type": "Feature", "geometry": {"type": "LineString", "coordinates": [[273750.0, 2689450.0], [273750.0, 2689550.0], [273650.0, 2689750.0], [273650.0, 2689850.0], [273650.0, 2689950.0], [273550.0, 2690150.0], [273550.0, 2690250.0], [273650.0, 2690450.0], [273650.0, 2690550.0], [273650.0, 2690650.0], [273650.0, 2690750.0], [273650.0, 2690850.0], [273650.0, 2690950.0], [273550.0, 2691150.0], [273550.0, 2691250.0], [273450.0, 2691450.0], [273350.0, 2691650.0], [273350.0, 2691750.0], [273250.0, 2691950.0], [273150.0, 2692050.0], [273050.0, 2692150.0], [272950.0, 2692250.0], [272850.0, 2692350.0], [272750.0, 2692450.0], [272650.0, 2692550.0], [272550.0, 2692650.0], [272550.0, 2692750.0], [272450.0, 2692950.0], [272350.0, 2693150.0], [272450.0, 2693350.0], [272450.0, 2693450.0], [272450.0, 2693550.0], [272450.0, 2693650.0], [272450.0, 2693750.0], [272450.0, 2693850.0], [272450.0, 2693950.0], [272450.0, 2694050.0], [272350.0, 2694250.0], [272250.0, 2694450.0], [272150.0, 2694550.0], [272050.0, 2694550.0], [271950.0, 2694550.0], [271850.0, 2694550.0], [271650.0, 2694650.0], [271550.0, 2694650.0], [271450.0, 2694650.0], [271350.0, 2694650.0], [271150.0, 2694550.0], [271050.0, 2694550.0], [270850.0, 2694650.0], [270750.0, 2694650.0], [270650.0, 2694650.0], [270550.0, 2694650.0], [270350.0, 2694550.0], [270250.0, 2694550.0], [270150.0, 2694550.0], [270050.0, 2694550.0], [269850.0, 2694450.0], [269650.0, 2694350.0], [269550.0, 2694350.0], [269350.0, 2694250.0], [269250.0, 2694250.0], [269150.0, 2694250.0], [268950.0, 2694150.0], [268850.0, 2694150.0], [268750.0, 2694150.0], [268550.0, 2694050.0], [268450.0, 2693950.0], [268350.0, 2693850.0], [268250.0, 2693750.0], [268150.0, 2693750.0], [268050.0, 2693750.0], [267950.0, 2693750.0], [267750.0, 2693650.0], [267650.0, 2693650.0], [267450.0, 2693550.0], [267350.0, 2693550.0], [267150.0, 2693450.0], [267050.0, 2693450.0], [266850.0, 2693350.0], [266750.0, 2693350.0], [266550.0, 2693250.0], [266350.0, 2693150.0], [266250.0, 2693150.0], [266050.0, 2693050.0], [265950.0, 2693050.0], [265750.0, 2692950.0], [265650.0, 2692950.0], [265550.0, 2692950.0], [265450.0, 2692950.0], [265350.0, 2692950.0], [265150.0, 2692850.0], [265050.0, 2692850.0], [264950.0, 2692850.0], [264750.0, 2692750.0], [264650.0, 2692650.0], [264550.0, 2692650.0]]}, "properties": {"point_id": 23, "emergency": "injury_drowning", "season": "dry", "kind": "backup", "facility_cat": 21, "facility_name": "Pakundia Upazilla Health Complex", "minutes": 29.0}}, {"type": "Feature", "geometry": {"type": "LineString", "coordinates": [[273750.0, 2689450.0], [273750.0, 2689350.0], [273850.0, 2689150.0], [273850.0, 2689050.0], [273850.0, 2688950.0], [273950.0, 2688750.0], [273950.0, 2688650.0], [273950.0, 2688550.0], [274050.0, 2688350.0], [274050.0, 2688250.0], [274050.0, 2688150.0], [274150.0, 2687950.0], [274250.0, 2687750.0], [274350.0, 2687550.0], [274450.0, 2687350.0], [274550.0, 2687150.0], [274650.0, 2686950.0], [274750.0, 2686750.0], [274850.0, 2686550.0], [274850.0, 2686450.0], [274950.0, 2686250.0], [274950.0, 2686150.0], [275050.0, 2685950.0], [275050.0, 2685850.0], [275150.0, 2685650.0], [275250.0, 2685550.0], [275350.0, 2685350.0], [275450.0, 2685250.0], [275550.0, 2685150.0], [275650.0, 2685050.0], [275750.0, 2684850.0], [275850.0, 2684750.0], [275850.0, 2684650.0], [275850.0, 2684550.0], [275850.0, 2684450.0], [275950.0, 2684250.0], [276050.0, 2684150.0], [276150.0, 2684050.0], [276250.0, 2683950.0], [276150.0, 2683750.0], [276050.0, 2683550.0], [276050.0, 2683450.0], [276050.0, 2683350.0], [276150.0, 2683250.0], [276250.0, 2683150.0], [276350.0, 2683050.0], [276450.0, 2683050.0]]}, "properties": {"point_id": 23, "emergency": "injury_drowning", "season": "flood0708", "kind": "primary", "facility_cat": 18, "facility_name": "Katiyadi Upazilla Health Complex", "minutes": 13.0}}, {"type": "Feature", "geometry": {"type": "LineString", "coordinates": [[273750.0, 2689450.0], [273750.0, 2689550.0], [273650.0, 2689750.0], [273650.0, 2689850.0], [273650.0, 2689950.0], [273550.0, 2690150.0], [273550.0, 2690250.0], [273650.0, 2690450.0], [273650.0, 2690550.0], [273650.0, 2690650.0], [273650.0, 2690750.0], [273650.0, 2690850.0], [273650.0, 2690950.0], [273550.0, 2691150.0], [273550.0, 2691250.0], [273450.0, 2691450.0], [273350.0, 2691650.0], [273350.0, 2691750.0], [273250.0, 2691950.0], [273150.0, 2692050.0], [273050.0, 2692150.0], [272950.0, 2692250.0], [272850.0, 2692350.0], [272750.0, 2692450.0], [272650.0, 2692550.0], [272550.0, 2692650.0], [272550.0, 2692750.0], [272450.0, 2692950.0], [272350.0, 2693150.0], [272450.0, 2693350.0], [272450.0, 2693450.0], [272450.0, 2693550.0], [272450.0, 2693650.0], [272450.0, 2693750.0], [272450.0, 2693850.0], [272450.0, 2693950.0], [272450.0, 2694050.0], [272350.0, 2694250.0], [272250.0, 2694450.0], [272150.0, 2694550.0], [272050.0, 2694550.0], [271950.0, 2694550.0], [271850.0, 2694550.0], [271650.0, 2694650.0], [271550.0, 2694650.0], [271450.0, 2694650.0], [271350.0, 2694650.0], [271150.0, 2694550.0], [271050.0, 2694550.0], [270850.0, 2694650.0], [270750.0, 2694650.0], [270650.0, 2694650.0], [270550.0, 2694650.0], [270350.0, 2694550.0], [270250.0, 2694550.0], [270150.0, 2694550.0], [270050.0, 2694550.0], [269850.0, 2694450.0], [269650.0, 2694350.0], [269550.0, 2694350.0], [269350.0, 2694250.0], [269250.0, 2694250.0], [269150.0, 2694250.0], [268950.0, 2694150.0], [268850.0, 2694150.0], [268750.0, 2694150.0], [268550.0, 2694050.0], [268450.0, 2693950.0], [268350.0, 2693850.0], [268250.0, 2693750.0], [268150.0, 2693750.0], [268050.0, 2693750.0], [267950.0, 2693750.0], [267750.0, 2693650.0], [267650.0, 2693650.0], [267450.0, 2693550.0], [267350.0, 2693550.0], [267150.0, 2693450.0], [267050.0, 2693450.0], [266850.0, 2693350.0], [266750.0, 2693350.0], [266550.0, 2693250.0], [266350.0, 2693150.0], [266250.0, 2693150.0], [266050.0, 2693050.0], [265950.0, 2693050.0], [265750.0, 2692950.0], [265650.0, 2692950.0], [265550.0, 2692950.0], [265450.0, 2692950.0], [265350.0, 2692950.0], [265150.0, 2692850.0], [265050.0, 2692850.0], [264950.0, 2692850.0], [264750.0, 2692750.0], [264650.0, 2692650.0], [264550.0, 2692650.0]]}, "properties": {"point_id": 23, "emergency": "injury_drowning", "season": "flood0708", "kind": "backup", "facility_cat": 21, "facility_name": "Pakundia Upazilla Health Complex", "minutes": 29.0}}, {"type": "Feature", "geometry": {"type": "LineString", "coordinates": [[289250.0, 2774150.0], [289250.0, 2774250.0], [289150.0, 2774350.0], [288950.0, 2774450.0], [288850.0, 2774550.0], [288750.0, 2774650.0], [288550.0, 2774750.0], [288350.0, 2774850.0], [288150.0, 2774950.0], [288050.0, 2774950.0], [287950.0, 2775050.0], [287850.0, 2775150.0], [287650.0, 2775250.0], [287550.0, 2775250.0], [287350.0, 2775150.0], [287250.0, 2775050.0], [287250.0, 2774950.0], [287350.0, 2774850.0], [287450.0, 2774850.0]]}, "properties": {"point_id": 24, "emergency": "minor_illness", "season": "dry", "kind": "primary", "facility_cat": 24, "facility_name": "Kalmakanda Upazila Health Complex", "minutes": 12.0}}, {"type": "Feature", "geometry": {"type": "LineString", "coordinates": [[289250.0, 2774150.0], [289250.0, 2774250.0], [289150.0, 2774350.0], [288950.0, 2774450.0], [288850.0, 2774550.0], [288750.0, 2774650.0], [288550.0, 2774750.0], [288350.0, 2774850.0], [288150.0, 2774950.0], [288050.0, 2774950.0], [287950.0, 2775050.0], [287850.0, 2775150.0], [287650.0, 2775250.0], [287550.0, 2775250.0], [287350.0, 2775150.0], [287250.0, 2775050.0], [287250.0, 2774950.0], [287250.0, 2774850.0], [287250.0, 2774750.0], [287150.0, 2774650.0], [286950.0, 2774550.0], [286750.0, 2774450.0], [286650.0, 2774350.0], [286550.0, 2774250.0], [286450.0, 2774150.0], [286350.0, 2774050.0], [286250.0, 2773850.0], [286150.0, 2773750.0], [286050.0, 2773650.0], [285950.0, 2773550.0], [285850.0, 2773450.0], [285750.0, 2773250.0], [285650.0, 2773150.0], [285550.0, 2772950.0], [285450.0, 2772850.0], [285350.0, 2772750.0], [285250.0, 2772550.0], [285150.0, 2772450.0], [285050.0, 2772250.0], [284950.0, 2772150.0], [284850.0, 2771950.0], [284850.0, 2771850.0], [284850.0, 2771750.0], [284850.0, 2771650.0], [284850.0, 2771550.0], [284850.0, 2771450.0], [284850.0, 2771350.0], [284850.0, 2771250.0], [284850.0, 2771150.0], [284850.0, 2771050.0], [284850.0, 2770950.0], [284850.0, 2770850.0], [284850.0, 2770750.0], [284850.0, 2770650.0], [284750.0, 2770450.0], [284750.0, 2770350.0], [284750.0, 2770250.0], [284650.0, 2770050.0], [284550.0, 2769950.0], [284450.0, 2769750.0], [284350.0, 2769550.0], [284250.0, 2769450.0], [284150.0, 2769250.0], [284050.0, 2769150.0], [283950.0, 2768950.0], [283850.0, 2768850.0], [283750.0, 2768650.0], [283650.0, 2768550.0], [283550.0, 2768350.0], [283450.0, 2768250.0], [283350.0, 2768050.0], [283250.0, 2767850.0], [283150.0, 2767750.0], [283050.0, 2767650.0], [282950.0, 2767450.0], [282950.0, 2767350.0], [282850.0, 2767150.0], [282850.0, 2767050.0], [282750.0, 2766850.0], [282750.0, 2766750.0], [282650.0, 2766550.0], [282550.0, 2766450.0], [282450.0, 2766250.0], [282350.0, 2766150.0], [282250.0, 2766050.0], [282150.0, 2765950.0], [282050.0, 2765850.0], [282050.0, 2765750.0], [282050.0, 2765650.0], [281950.0, 2765450.0], [281950.0, 2765350.0], [281950.0, 2765250.0], [281950.0, 2765150.0], [281950.0, 2765050.0], [281950.0, 2764950.0], [281850.0, 2764750.0], [281750.0, 2764550.0], [281650.0, 2764350.0], [281650.0, 2764250.0], [281550.0, 2764050.0], [281550.0, 2763950.0], [281550.0, 2763850.0], [281450.0, 2763650.0], [281450.0, 2763550.0], [281350.0, 2763350.0], [281350.0, 2763250.0], [281350.0, 2763150.0], [281350.0, 2763050.0], [281350.0, 2762950.0], [281350.0, 2762850.0], [281350.0, 2762750.0], [281250.0, 2762550.0], [281350.0, 2762350.0], [281350.0, 2762250.0], [281350.0, 2762150.0], [281450.0, 2761950.0], [281350.0, 2761750.0], [281350.0, 2761650.0], [281350.0, 2761550.0], [281250.0, 2761350.0], [281150.0, 2761250.0], [281150.0, 2761150.0], [281150.0, 2761050.0], [281050.0, 2760850.0], [281050.0, 2760750.0], [281050.0, 2760650.0], [281050.0, 2760550.0], [280950.0, 2760350.0], [280950.0, 2760250.0], [280950.0, 2760150.0], [280950.0, 2760050.0], [281050.0, 2759850.0], [281050.0, 2759750.0], [281050.0, 2759650.0], [281050.0, 2759550.0], [281050.0, 2759450.0], [280950.0, 2759250.0], [280850.0, 2759050.0], [280850.0, 2758950.0], [280750.0, 2758750.0], [280650.0, 2758650.0], [280650.0, 2758550.0], [280550.0, 2758350.0], [280550.0, 2758250.0], [280550.0, 2758150.0], [280550.0, 2758050.0], [280550.0, 2757950.0], [280550.0, 2757850.0], [280450.0, 2757650.0], [280550.0, 2757450.0], [280550.0, 2757350.0], [280550.0, 2757250.0], [280550.0, 2757150.0], [280550.0, 2757050.0], [280550.0, 2756950.0], [280450.0, 2756850.0], [280350.0, 2756750.0], [280150.0, 2756650.0], [280050.0, 2756650.0], [279850.0, 2756550.0], [279750.0, 2756550.0], [279650.0, 2756550.0], [279450.0, 2756450.0], [279350.0, 2756450.0], [279250.0, 2756450.0], [279150.0, 2756450.0], [278950.0, 2756350.0], [278850.0, 2756350.0], [278650.0, 2756450.0], [278550.0, 2756450.0], [278350.0, 2756550.0], [278250.0, 2756550.0], [278050.0, 2756650.0], [277950.0, 2756650.0], [277750.0, 2756750.0], [277650.0, 2756750.0], [277450.0, 2756850.0], [277350.0, 2756850.0], [277150.0, 2756950.0], [277050.0, 2756950.0], [276950.0, 2756950.0], [276850.0, 2756950.0], [276650.0, 2756850.0], [276550.0, 2756850.0], [276450.0, 2756850.0], [276350.0, 2756850.0], [276150.0, 2756750.0], [276050.0, 2756750.0], [275950.0, 2756750.0], [275850.0, 2756750.0], [275750.0, 2756750.0], [275550.0, 2756650.0], [275450.0, 2756650.0], [275350.0, 2756650.0], [275250.0, 2756650.0], [275050.0, 2756550.0], [274850.0, 2756450.0], [274750.0, 2756450.0], [274550.0, 2756350.0], [274350.0, 2756250.0], [274150.0, 2756150.0], [273950.0, 2756050.0], [273750.0, 2755950.0], [273650.0, 2755950.0], [273550.0, 2755950.0], [273450.0, 2755950.0], [273250.0, 2755850.0], [273150.0, 2755850.0], [272950.0, 2755750.0], [272750.0, 2755650.0], [272650.0, 2755550.0], [272450.0, 2755450.0], [272250.0, 2755350.0], [272050.0, 2755250.0], [271850.0, 2755150.0], [271750.0, 2755050.0], [271650.0, 2754950.0], [271550.0, 2754850.0], [271550.0, 2754750.0], [271550.0, 2754650.0], [271550.0, 2754550.0], [271450.0, 2754450.0], [271350.0, 2754350.0], [271250.0, 2754250.0], [271150.0, 2754150.0], [271050.0, 2754150.0], [270950.0, 2754050.0], [270950.0, 2753950.0], [270850.0, 2753750.0], [270850.0, 2753650.0], [270850.0, 2753550.0]]}, "properties": {"point_id": 24, "emergency": "minor_illness", "season": "dry", "kind": "backup", "facility_cat": 84, "facility_name": "Maa O Shishu Clinic", "minutes": 69.0}}, {"type": "Feature", "geometry": {"type": "LineString", "coordinates": [[289250.0, 2774150.0], [289250.0, 2774250.0], [289150.0, 2774350.0], [288950.0, 2774450.0], [288850.0, 2774550.0], [288750.0, 2774650.0], [288550.0, 2774750.0], [288350.0, 2774850.0], [288150.0, 2774950.0], [288050.0, 2774950.0], [287950.0, 2775050.0], [287850.0, 2775150.0], [287650.0, 2775250.0], [287550.0, 2775250.0], [287350.0, 2775150.0], [287250.0, 2775050.0], [287250.0, 2774950.0], [287350.0, 2774850.0], [287450.0, 2774850.0]]}, "properties": {"point_id": 24, "emergency": "minor_illness", "season": "flood0708", "kind": "primary", "facility_cat": 24, "facility_name": "Kalmakanda Upazila Health Complex", "minutes": 12.0}}, {"type": "Feature", "geometry": {"type": "LineString", "coordinates": [[289250.0, 2774150.0], [289250.0, 2774250.0], [289150.0, 2774350.0], [288950.0, 2774450.0], [288850.0, 2774550.0], [288750.0, 2774650.0], [288550.0, 2774750.0], [288350.0, 2774850.0], [288150.0, 2774950.0], [288050.0, 2774950.0], [287950.0, 2775050.0], [287850.0, 2775150.0], [287650.0, 2775250.0], [287550.0, 2775250.0], [287350.0, 2775150.0], [287250.0, 2775050.0], [287250.0, 2774950.0], [287250.0, 2774850.0], [287250.0, 2774750.0], [287150.0, 2774650.0], [286950.0, 2774550.0], [286750.0, 2774450.0], [286650.0, 2774350.0], [286550.0, 2774250.0], [286450.0, 2774150.0], [286350.0, 2774050.0], [286250.0, 2773850.0], [286150.0, 2773750.0], [286050.0, 2773650.0], [285950.0, 2773550.0], [285850.0, 2773450.0], [285750.0, 2773250.0], [285650.0, 2773150.0], [285550.0, 2772950.0], [285450.0, 2772850.0], [285350.0, 2772750.0], [285250.0, 2772550.0], [285150.0, 2772450.0], [285050.0, 2772250.0], [284950.0, 2772150.0], [284850.0, 2771950.0], [284850.0, 2771850.0], [284850.0, 2771750.0], [284850.0, 2771650.0], [284850.0, 2771550.0], [284850.0, 2771450.0], [284850.0, 2771350.0], [284850.0, 2771250.0], [284850.0, 2771150.0], [284850.0, 2771050.0], [284850.0, 2770950.0], [284850.0, 2770850.0], [284850.0, 2770750.0], [284850.0, 2770650.0], [284750.0, 2770450.0], [284750.0, 2770350.0], [284750.0, 2770250.0], [284650.0, 2770050.0], [284550.0, 2769950.0], [284450.0, 2769750.0], [284350.0, 2769550.0], [284250.0, 2769450.0], [284150.0, 2769250.0], [284050.0, 2769150.0], [283950.0, 2768950.0], [283850.0, 2768850.0], [283750.0, 2768650.0], [283650.0, 2768550.0], [283550.0, 2768350.0], [283450.0, 2768250.0], [283350.0, 2768050.0], [283250.0, 2767850.0], [283150.0, 2767750.0], [283050.0, 2767650.0], [282950.0, 2767450.0], [282950.0, 2767350.0], [282850.0, 2767150.0], [282850.0, 2767050.0], [282750.0, 2766850.0], [282750.0, 2766750.0], [282650.0, 2766550.0], [282550.0, 2766450.0], [282450.0, 2766250.0], [282350.0, 2766150.0], [282250.0, 2766050.0], [282150.0, 2765950.0], [282050.0, 2765850.0], [282050.0, 2765750.0], [282050.0, 2765650.0], [281950.0, 2765450.0], [281950.0, 2765350.0], [281950.0, 2765250.0], [281950.0, 2765150.0], [281950.0, 2765050.0], [281950.0, 2764950.0], [281850.0, 2764750.0], [281750.0, 2764550.0], [281650.0, 2764350.0], [281650.0, 2764250.0], [281550.0, 2764050.0], [281550.0, 2763950.0], [281550.0, 2763850.0], [281450.0, 2763650.0], [281450.0, 2763550.0], [281350.0, 2763350.0], [281350.0, 2763250.0], [281350.0, 2763150.0], [281350.0, 2763050.0], [281350.0, 2762950.0], [281350.0, 2762850.0], [281350.0, 2762750.0], [281250.0, 2762550.0], [281350.0, 2762350.0], [281350.0, 2762250.0], [281350.0, 2762150.0], [281450.0, 2761950.0], [281350.0, 2761750.0], [281350.0, 2761650.0], [281350.0, 2761550.0], [281250.0, 2761350.0], [281150.0, 2761250.0], [281150.0, 2761150.0], [281150.0, 2761050.0], [281050.0, 2760850.0], [281050.0, 2760750.0], [281050.0, 2760650.0], [281050.0, 2760550.0], [280950.0, 2760350.0], [280950.0, 2760250.0], [280950.0, 2760150.0], [280950.0, 2760050.0], [281050.0, 2759850.0], [281050.0, 2759750.0], [281050.0, 2759650.0], [281050.0, 2759550.0], [281050.0, 2759450.0], [280950.0, 2759250.0], [280850.0, 2759050.0], [280850.0, 2758950.0], [280750.0, 2758750.0], [280650.0, 2758650.0], [280650.0, 2758550.0], [280550.0, 2758350.0], [280550.0, 2758250.0], [280550.0, 2758150.0], [280550.0, 2758050.0], [280550.0, 2757950.0], [280550.0, 2757850.0], [280450.0, 2757650.0], [280550.0, 2757450.0], [280550.0, 2757350.0], [280550.0, 2757250.0], [280550.0, 2757150.0], [280550.0, 2757050.0], [280550.0, 2756950.0], [280450.0, 2756850.0], [280350.0, 2756750.0], [280150.0, 2756650.0], [280050.0, 2756650.0], [279850.0, 2756550.0], [279750.0, 2756550.0], [279650.0, 2756550.0], [279450.0, 2756450.0], [279350.0, 2756450.0], [279250.0, 2756450.0], [279150.0, 2756450.0], [278950.0, 2756350.0], [278850.0, 2756350.0], [278650.0, 2756450.0], [278550.0, 2756450.0], [278350.0, 2756550.0], [278250.0, 2756550.0], [278050.0, 2756650.0], [277950.0, 2756650.0], [277750.0, 2756750.0], [277650.0, 2756750.0], [277450.0, 2756850.0], [277350.0, 2756850.0], [277150.0, 2756950.0], [277050.0, 2756950.0], [276950.0, 2756950.0], [276850.0, 2756950.0], [276650.0, 2756850.0], [276550.0, 2756850.0], [276450.0, 2756850.0], [276350.0, 2756850.0], [276150.0, 2756750.0], [276050.0, 2756750.0], [275950.0, 2756750.0], [275850.0, 2756750.0], [275750.0, 2756750.0], [275550.0, 2756650.0], [275450.0, 2756650.0], [275350.0, 2756650.0], [275250.0, 2756650.0], [275050.0, 2756550.0], [274850.0, 2756450.0], [274750.0, 2756450.0], [274550.0, 2756350.0], [274350.0, 2756250.0], [274150.0, 2756150.0], [273950.0, 2756050.0], [273750.0, 2755950.0], [273650.0, 2755950.0], [273550.0, 2755950.0], [273450.0, 2755950.0], [273250.0, 2755850.0], [273150.0, 2755850.0], [272950.0, 2755750.0], [272750.0, 2755650.0], [272650.0, 2755550.0], [272450.0, 2755450.0], [272250.0, 2755350.0], [272050.0, 2755250.0], [271850.0, 2755150.0], [271750.0, 2755050.0], [271650.0, 2754950.0], [271550.0, 2754850.0], [271550.0, 2754750.0], [271550.0, 2754650.0], [271550.0, 2754550.0], [271450.0, 2754450.0], [271350.0, 2754350.0], [271250.0, 2754250.0], [271150.0, 2754150.0], [271050.0, 2754150.0], [270950.0, 2754050.0], [270950.0, 2753950.0], [270850.0, 2753750.0], [270850.0, 2753650.0], [270850.0, 2753550.0]]}, "properties": {"point_id": 24, "emergency": "minor_illness", "season": "flood0708", "kind": "backup", "facility_cat": 84, "facility_name": "Maa O Shishu Clinic", "minutes": 69.0}}, {"type": "Feature", "geometry": {"type": "LineString", "coordinates": [[332450.0, 2670150.0], [332550.0, 2670150.0], [332550.0, 2670250.0], [332450.0, 2670450.0], [332450.0, 2670550.0], [332450.0, 2670650.0], [332450.0, 2670750.0], [332450.0, 2670850.0], [332450.0, 2670950.0], [332450.0, 2671050.0], [332450.0, 2671150.0], [332450.0, 2671250.0], [332450.0, 2671350.0], [332450.0, 2671450.0], [332450.0, 2671550.0], [332350.0, 2671650.0], [332250.0, 2671650.0], [332050.0, 2671550.0], [331950.0, 2671550.0], [331750.0, 2671450.0], [331650.0, 2671450.0], [331550.0, 2671450.0], [331350.0, 2671350.0], [331250.0, 2671350.0], [331050.0, 2671250.0], [330950.0, 2671250.0], [330850.0, 2671250.0], [330650.0, 2671150.0], [330550.0, 2671150.0], [330350.0, 2671050.0], [330250.0, 2671050.0], [330050.0, 2670950.0], [329950.0, 2670850.0], [329850.0, 2670750.0], [329750.0, 2670550.0], [329750.0, 2670450.0], [329650.0, 2670250.0], [329550.0, 2670050.0], [329450.0, 2669850.0], [329450.0, 2669750.0], [329350.0, 2669550.0], [329250.0, 2669350.0], [329150.0, 2669250.0], [329050.0, 2669050.0], [328950.0, 2668950.0], [328850.0, 2668850.0], [328750.0, 2668750.0], [328650.0, 2668650.0], [328550.0, 2668450.0], [328450.0, 2668350.0], [328350.0, 2668250.0], [328250.0, 2668150.0], [328150.0, 2668050.0], [328050.0, 2667950.0], [327950.0, 2667850.0], [327850.0, 2667750.0], [327750.0, 2667650.0], [327650.0, 2667550.0], [327550.0, 2667450.0], [327450.0, 2667350.0], [327350.0, 2667250.0], [327250.0, 2667150.0], [327150.0, 2666950.0], [327050.0, 2666850.0], [326950.0, 2666750.0], [326850.0, 2666650.0], [326750.0, 2666550.0], [326650.0, 2666450.0], [326550.0, 2666350.0], [326450.0, 2666250.0], [326350.0, 2666150.0], [326250.0, 2666050.0], [326150.0, 2665950.0], [326050.0, 2665950.0], [325950.0, 2666050.0]]}, "properties": {"point_id": 25, "emergency": "childbirth_complication", "season": "dry", "kind": "primary", "facility_cat": 36, "facility_name": "Madhabpur Upazila Health Complex", "minutes": 18.0}}, {"type": "Feature", "geometry": {"type": "LineString", "coordinates": [[332450.0, 2670150.0], [332550.0, 2670150.0], [332550.0, 2670250.0], [332450.0, 2670450.0], [332450.0, 2670550.0], [332450.0, 2670650.0], [332450.0, 2670750.0], [332450.0, 2670850.0], [332450.0, 2670950.0], [332450.0, 2671050.0], [332450.0, 2671150.0], [332450.0, 2671250.0], [332450.0, 2671350.0], [332450.0, 2671450.0], [332450.0, 2671550.0], [332350.0, 2671650.0], [332250.0, 2671650.0], [332150.0, 2671650.0], [332050.0, 2671750.0], [332150.0, 2671950.0], [332250.0, 2672150.0], [332250.0, 2672250.0], [332250.0, 2672350.0], [332250.0, 2672450.0], [332250.0, 2672550.0], [332250.0, 2672650.0], [332250.0, 2672750.0], [332250.0, 2672850.0], [332250.0, 2672950.0], [332250.0, 2673050.0], [332250.0, 2673150.0], [332250.0, 2673250.0], [332250.0, 2673350.0], [332250.0, 2673450.0], [332250.0, 2673550.0], [332250.0, 2673650.0], [332250.0, 2673750.0], [332250.0, 2673850.0], [332250.0, 2673950.0], [332250.0, 2674050.0], [332250.0, 2674150.0], [332250.0, 2674250.0], [332250.0, 2674350.0], [332350.0, 2674550.0], [332350.0, 2674650.0], [332350.0, 2674750.0], [332350.0, 2674850.0], [332350.0, 2674950.0], [332350.0, 2675050.0], [332450.0, 2675250.0], [332450.0, 2675350.0], [332450.0, 2675450.0], [332450.0, 2675550.0], [332450.0, 2675650.0], [332450.0, 2675750.0], [332450.0, 2675850.0], [332450.0, 2675950.0], [332450.0, 2676050.0], [332450.0, 2676150.0], [332450.0, 2676250.0], [332450.0, 2676350.0], [332450.0, 2676450.0], [332450.0, 2676550.0], [332450.0, 2676650.0], [332450.0, 2676750.0], [332450.0, 2676850.0], [332550.0, 2677050.0], [332550.0, 2677150.0], [332550.0, 2677250.0], [332550.0, 2677350.0], [332550.0, 2677450.0], [332550.0, 2677550.0], [332650.0, 2677750.0], [332650.0, 2677850.0], [332750.0, 2678050.0], [332850.0, 2678250.0], [332950.0, 2678350.0], [333050.0, 2678550.0], [333150.0, 2678750.0], [333250.0, 2678850.0], [333350.0, 2678950.0], [333450.0, 2679150.0], [333550.0, 2679250.0], [333650.0, 2679350.0], [333750.0, 2679450.0], [333850.0, 2679550.0], [333950.0, 2679750.0], [333950.0, 2679850.0], [333950.0, 2679950.0], [334050.0, 2680150.0], [334050.0, 2680250.0], [334050.0, 2680350.0], [334150.0, 2680550.0], [334150.0, 2680650.0], [334250.0, 2680850.0], [334250.0, 2680950.0], [334250.0, 2681050.0], [334250.0, 2681150.0], [334350.0, 2681350.0], [334350.0, 2681450.0], [334350.0, 2681550.0], [334350.0, 2681650.0], [334450.0, 2681850.0], [334450.0, 2681950.0], [334450.0, 2682050.0], [334550.0, 2682250.0], [334550.0, 2682350.0], [334650.0, 2682550.0], [334650.0, 2682650.0], [334750.0, 2682850.0], [334850.0, 2683050.0], [334950.0, 2683250.0], [335050.0, 2683350.0], [335150.0, 2683550.0], [335250.0, 2683650.0], [335350.0, 2683850.0], [335450.0, 2683950.0], [335550.0, 2684150.0], [335650.0, 2684350.0], [335750.0, 2684550.0], [335850.0, 2684750.0], [335950.0, 2684950.0], [335950.0, 2685050.0], [336050.0, 2685150.0], [336150.0, 2685250.0], [336350.0, 2685150.0], [336450.0, 2685150.0], [336550.0, 2685150.0], [336650.0, 2685150.0], [336750.0, 2685150.0], [336950.0, 2685250.0], [337150.0, 2685350.0], [337250.0, 2685350.0], [337450.0, 2685450.0], [337650.0, 2685550.0], [337850.0, 2685650.0], [338050.0, 2685750.0], [338150.0, 2685850.0], [338350.0, 2685950.0], [338550.0, 2686050.0], [338650.0, 2686150.0], [338850.0, 2686250.0], [338950.0, 2686250.0], [339150.0, 2686350.0], [339250.0, 2686350.0], [339350.0, 2686350.0], [339450.0, 2686350.0], [339550.0, 2686350.0], [339650.0, 2686350.0], [339750.0, 2686350.0], [339850.0, 2686450.0], [339850.0, 2686550.0], [339950.0, 2686750.0], [339950.0, 2686850.0], [339950.0, 2686950.0], [339950.0, 2687050.0], [340050.0, 2687250.0], [340050.0, 2687350.0], [340050.0, 2687450.0], [340050.0, 2687550.0], [340150.0, 2687750.0], [340150.0, 2687850.0], [340250.0, 2687950.0], [340350.0, 2688050.0], [340450.0, 2688150.0], [340550.0, 2688250.0], [340650.0, 2688450.0], [340750.0, 2688650.0], [340850.0, 2688850.0], [340850.0, 2688950.0], [340950.0, 2689150.0], [340950.0, 2689250.0], [340950.0, 2689350.0], [341050.0, 2689550.0], [341150.0, 2689650.0], [341250.0, 2689850.0], [341350.0, 2689950.0], [341350.0, 2690050.0], [341350.0, 2690150.0], [341250.0, 2690350.0], [341250.0, 2690450.0], [341150.0, 2690650.0], [341150.0, 2690750.0], [341050.0, 2690950.0], [341050.0, 2691050.0], [341050.0, 2691150.0], [340950.0, 2691350.0], [340950.0, 2691450.0], [340850.0, 2691650.0], [340850.0, 2691750.0], [340750.0, 2691950.0], [340750.0, 2692050.0], [340750.0, 2692150.0], [340650.0, 2692350.0], [340550.0, 2692550.0], [340550.0, 2692650.0], [340550.0, 2692750.0], [340450.0, 2692950.0], [340450.0, 2693050.0], [340350.0, 2693250.0], [340350.0, 2693350.0], [340250.0, 2693550.0], [340250.0, 2693650.0], [340250.0, 2693750.0], [340150.0, 2693950.0], [340050.0, 2694150.0], [340050.0, 2694250.0], [340050.0, 2694350.0], [339950.0, 2694550.0], [339950.0, 2694650.0], [339850.0, 2694850.0], [339850.0, 2694950.0], [339750.0, 2695150.0], [339750.0, 2695250.0], [339650.0, 2695450.0], [339650.0, 2695550.0], [339650.0, 2695650.0], [339650.0, 2695750.0], [339550.0, 2695950.0], [339550.0, 2696050.0], [339450.0, 2696250.0], [339550.0, 2696450.0]]}, "properties": {"point_id": 25, "emergency": "childbirth_complication", "season": "dry", "kind": "backup", "facility_cat": 10, "facility_name": "Habiganj General Hospital", "minutes": 49.0}}, {"type": "Feature", "geometry": {"type": "LineString", "coordinates": [[332450.0, 2670150.0], [332550.0, 2670150.0], [332550.0, 2670250.0], [332450.0, 2670450.0], [332450.0, 2670550.0], [332450.0, 2670650.0], [332450.0, 2670750.0], [332450.0, 2670850.0], [332450.0, 2670950.0], [332450.0, 2671050.0], [332450.0, 2671150.0], [332450.0, 2671250.0], [332450.0, 2671350.0], [332450.0, 2671450.0], [332450.0, 2671550.0], [332350.0, 2671650.0], [332250.0, 2671650.0], [332050.0, 2671550.0], [331950.0, 2671550.0], [331750.0, 2671450.0], [331650.0, 2671450.0], [331550.0, 2671450.0], [331350.0, 2671350.0], [331250.0, 2671350.0], [331050.0, 2671250.0], [330950.0, 2671250.0], [330850.0, 2671250.0], [330650.0, 2671150.0], [330550.0, 2671150.0], [330350.0, 2671050.0], [330250.0, 2671050.0], [330050.0, 2670950.0], [329950.0, 2670850.0], [329850.0, 2670750.0], [329750.0, 2670550.0], [329750.0, 2670450.0], [329650.0, 2670250.0], [329550.0, 2670050.0], [329450.0, 2669850.0], [329450.0, 2669750.0], [329350.0, 2669550.0], [329250.0, 2669350.0], [329150.0, 2669250.0], [329150.0, 2669150.0], [328950.0, 2669050.0], [328850.0, 2668850.0], [328750.0, 2668750.0], [328650.0, 2668650.0], [328550.0, 2668450.0], [328450.0, 2668350.0], [328350.0, 2668250.0], [328250.0, 2668150.0], [328150.0, 2668050.0], [328050.0, 2667950.0], [327950.0, 2667850.0], [327850.0, 2667750.0], [327750.0, 2667650.0], [327650.0, 2667550.0], [327550.0, 2667450.0], [327450.0, 2667350.0], [327350.0, 2667250.0], [327250.0, 2667150.0], [327150.0, 2666950.0], [327050.0, 2666850.0], [326950.0, 2666750.0], [326850.0, 2666650.0], [326750.0, 2666550.0], [326650.0, 2666450.0], [326550.0, 2666350.0], [326450.0, 2666250.0], [326350.0, 2666150.0], [326250.0, 2666050.0], [326150.0, 2665950.0], [326050.0, 2665950.0], [325950.0, 2666050.0]]}, "properties": {"point_id": 25, "emergency": "childbirth_complication", "season": "flood0708", "kind": "primary", "facility_cat": 36, "facility_name": "Madhabpur Upazila Health Complex", "minutes": 21.0}}, {"type": "Feature", "geometry": {"type": "LineString", "coordinates": [[332450.0, 2670150.0], [332550.0, 2670150.0], [332550.0, 2670250.0], [332450.0, 2670450.0], [332450.0, 2670550.0], [332450.0, 2670650.0], [332450.0, 2670750.0], [332450.0, 2670850.0], [332450.0, 2670950.0], [332450.0, 2671050.0], [332450.0, 2671150.0], [332450.0, 2671250.0], [332450.0, 2671350.0], [332450.0, 2671450.0], [332450.0, 2671550.0], [332350.0, 2671650.0], [332250.0, 2671650.0], [332150.0, 2671650.0], [332050.0, 2671750.0], [332150.0, 2671950.0], [332250.0, 2672150.0], [332250.0, 2672250.0], [332250.0, 2672350.0], [332250.0, 2672450.0], [332250.0, 2672550.0], [332250.0, 2672650.0], [332250.0, 2672750.0], [332250.0, 2672850.0], [332250.0, 2672950.0], [332250.0, 2673050.0], [332250.0, 2673150.0], [332250.0, 2673250.0], [332250.0, 2673350.0], [332250.0, 2673450.0], [332250.0, 2673550.0], [332250.0, 2673650.0], [332250.0, 2673750.0], [332250.0, 2673850.0], [332250.0, 2673950.0], [332250.0, 2674050.0], [332250.0, 2674150.0], [332250.0, 2674250.0], [332250.0, 2674350.0], [332350.0, 2674550.0], [332350.0, 2674650.0], [332350.0, 2674750.0], [332350.0, 2674850.0], [332350.0, 2674950.0], [332350.0, 2675050.0], [332450.0, 2675250.0], [332450.0, 2675350.0], [332450.0, 2675450.0], [332450.0, 2675550.0], [332450.0, 2675650.0], [332450.0, 2675750.0], [332450.0, 2675850.0], [332450.0, 2675950.0], [332450.0, 2676050.0], [332450.0, 2676150.0], [332450.0, 2676250.0], [332450.0, 2676350.0], [332450.0, 2676450.0], [332450.0, 2676550.0], [332450.0, 2676650.0], [332450.0, 2676750.0], [332450.0, 2676850.0], [332550.0, 2677050.0], [332550.0, 2677150.0], [332550.0, 2677250.0], [332550.0, 2677350.0], [332550.0, 2677450.0], [332550.0, 2677550.0], [332650.0, 2677750.0], [332650.0, 2677850.0], [332750.0, 2678050.0], [332850.0, 2678250.0], [332950.0, 2678350.0], [333050.0, 2678550.0], [333150.0, 2678750.0], [333250.0, 2678850.0], [333350.0, 2678950.0], [333450.0, 2679150.0], [333550.0, 2679250.0], [333650.0, 2679350.0], [333750.0, 2679450.0], [333850.0, 2679550.0], [333950.0, 2679750.0], [333950.0, 2679850.0], [333950.0, 2679950.0], [334050.0, 2680150.0], [334050.0, 2680250.0], [334050.0, 2680350.0], [334150.0, 2680550.0], [334150.0, 2680650.0], [334250.0, 2680850.0], [334250.0, 2680950.0], [334250.0, 2681050.0], [334250.0, 2681150.0], [334350.0, 2681350.0], [334350.0, 2681450.0], [334350.0, 2681550.0], [334350.0, 2681650.0], [334450.0, 2681850.0], [334450.0, 2681950.0], [334450.0, 2682050.0], [334550.0, 2682250.0], [334550.0, 2682350.0], [334650.0, 2682550.0], [334650.0, 2682650.0], [334750.0, 2682850.0], [334850.0, 2683050.0], [334950.0, 2683250.0], [335050.0, 2683350.0], [335150.0, 2683550.0], [335250.0, 2683650.0], [335350.0, 2683850.0], [335450.0, 2683950.0], [335550.0, 2684150.0], [335650.0, 2684350.0], [335750.0, 2684550.0], [335850.0, 2684750.0], [335950.0, 2684950.0], [335950.0, 2685050.0], [336050.0, 2685150.0], [336150.0, 2685250.0], [336350.0, 2685150.0], [336450.0, 2685150.0], [336550.0, 2685150.0], [336650.0, 2685150.0], [336750.0, 2685150.0], [336950.0, 2685250.0], [337150.0, 2685350.0], [337250.0, 2685350.0], [337450.0, 2685450.0], [337650.0, 2685550.0], [337850.0, 2685650.0], [338050.0, 2685750.0], [338150.0, 2685850.0], [338350.0, 2685950.0], [338550.0, 2686050.0], [338650.0, 2686150.0], [338850.0, 2686250.0], [338950.0, 2686250.0], [339150.0, 2686350.0], [339250.0, 2686350.0], [339350.0, 2686350.0], [339450.0, 2686350.0], [339550.0, 2686350.0], [339650.0, 2686350.0], [339750.0, 2686350.0], [339850.0, 2686450.0], [339850.0, 2686550.0], [339950.0, 2686750.0], [339950.0, 2686850.0], [339950.0, 2686950.0], [339950.0, 2687050.0], [340050.0, 2687250.0], [340050.0, 2687350.0], [340050.0, 2687450.0], [340050.0, 2687550.0], [340150.0, 2687750.0], [340150.0, 2687850.0], [340250.0, 2687950.0], [340350.0, 2688050.0], [340450.0, 2688150.0], [340550.0, 2688250.0], [340650.0, 2688450.0], [340750.0, 2688650.0], [340850.0, 2688850.0], [340850.0, 2688950.0], [340950.0, 2689150.0], [340950.0, 2689250.0], [340950.0, 2689350.0], [341050.0, 2689550.0], [341150.0, 2689650.0], [341250.0, 2689850.0], [341350.0, 2689950.0], [341350.0, 2690050.0], [341350.0, 2690150.0], [341250.0, 2690350.0], [341250.0, 2690450.0], [341150.0, 2690650.0], [341150.0, 2690750.0], [341050.0, 2690950.0], [341050.0, 2691050.0], [341050.0, 2691150.0], [340950.0, 2691350.0], [340950.0, 2691450.0], [340850.0, 2691650.0], [340850.0, 2691750.0], [340750.0, 2691950.0], [340750.0, 2692050.0], [340750.0, 2692150.0], [340650.0, 2692350.0], [340550.0, 2692550.0], [340550.0, 2692650.0], [340550.0, 2692750.0], [340450.0, 2692950.0], [340450.0, 2693050.0], [340350.0, 2693250.0], [340350.0, 2693350.0], [340250.0, 2693550.0], [340250.0, 2693650.0], [340250.0, 2693750.0], [340150.0, 2693950.0], [340050.0, 2694150.0], [340050.0, 2694250.0], [340050.0, 2694350.0], [339950.0, 2694550.0], [339950.0, 2694650.0], [339850.0, 2694850.0], [339850.0, 2694950.0], [339750.0, 2695150.0], [339750.0, 2695250.0], [339650.0, 2695450.0], [339650.0, 2695550.0], [339650.0, 2695650.0], [339650.0, 2695750.0], [339550.0, 2695950.0], [339550.0, 2696050.0], [339450.0, 2696250.0], [339550.0, 2696450.0]]}, "properties": {"point_id": 25, "emergency": "childbirth_complication", "season": "flood0708", "kind": "backup", "facility_cat": 10, "facility_name": "Habiganj General Hospital", "minutes": 49.0}}, {"type": "Feature", "geometry": {"type": "LineString", "coordinates": [[359450.0, 2759250.0], [359450.0, 2759350.0], [359550.0, 2759350.0], [359650.0, 2759350.0], [359850.0, 2759250.0], [359950.0, 2759250.0], [360050.0, 2759250.0], [360150.0, 2759250.0], [360250.0, 2759250.0], [360350.0, 2759250.0], [360450.0, 2759250.0], [360550.0, 2759250.0], [360750.0, 2759150.0], [360850.0, 2759150.0], [360950.0, 2759150.0], [361050.0, 2759150.0], [361150.0, 2759150.0], [361350.0, 2759050.0], [361450.0, 2759050.0], [361550.0, 2759050.0], [361650.0, 2759050.0], [361750.0, 2759050.0], [361850.0, 2759050.0], [361950.0, 2759050.0], [362050.0, 2759050.0], [362150.0, 2759050.0], [362250.0, 2759050.0], [362350.0, 2759050.0], [362450.0, 2759050.0], [362550.0, 2759050.0], [362650.0, 2759050.0], [362750.0, 2759050.0], [362850.0, 2759050.0], [362950.0, 2759050.0], [363050.0, 2759050.0], [363250.0, 2758950.0], [363350.0, 2758950.0], [363450.0, 2758950.0], [363650.0, 2758850.0], [363750.0, 2758850.0], [363850.0, 2758850.0], [364050.0, 2758750.0], [364150.0, 2758750.0], [364250.0, 2758750.0], [364450.0, 2758650.0], [364550.0, 2758650.0], [364650.0, 2758650.0], [364850.0, 2758550.0], [364950.0, 2758550.0], [365050.0, 2758550.0], [365250.0, 2758450.0], [365350.0, 2758450.0], [365450.0, 2758450.0], [365650.0, 2758350.0], [365750.0, 2758350.0], [365950.0, 2758250.0], [366150.0, 2758150.0], [366250.0, 2758150.0], [366450.0, 2758050.0], [366550.0, 2758050.0], [366750.0, 2757950.0], [366950.0, 2757850.0], [367050.0, 2757850.0], [367250.0, 2757750.0], [367350.0, 2757750.0], [367450.0, 2757750.0], [367650.0, 2757650.0], [367750.0, 2757550.0], [367850.0, 2757550.0], [368050.0, 2757650.0], [368150.0, 2757650.0], [368250.0, 2757650.0], [368350.0, 2757650.0], [368450.0, 2757650.0], [368550.0, 2757650.0], [368650.0, 2757550.0], [368750.0, 2757450.0], [368850.0, 2757350.0], [368950.0, 2757250.0], [369050.0, 2757150.0], [369150.0, 2757050.0], [369250.0, 2756950.0], [369450.0, 2756850.0], [369650.0, 2756750.0], [369750.0, 2756750.0], [369950.0, 2756650.0], [370050.0, 2756650.0], [370150.0, 2756650.0], [370350.0, 2756550.0], [370450.0, 2756450.0], [370550.0, 2756350.0], [370650.0, 2756350.0], [370750.0, 2756350.0], [370850.0, 2756350.0], [371050.0, 2756250.0], [371150.0, 2756150.0], [371250.0, 2756050.0], [371450.0, 2755950.0], [371650.0, 2755850.0], [371750.0, 2755750.0], [371950.0, 2755650.0], [372150.0, 2755550.0], [372250.0, 2755550.0], [372350.0, 2755550.0], [372450.0, 2755550.0], [372550.0, 2755550.0], [372650.0, 2755550.0], [372750.0, 2755550.0], [372850.0, 2755550.0], [372950.0, 2755550.0], [373050.0, 2755550.0], [373150.0, 2755550.0], [373250.0, 2755550.0], [373350.0, 2755550.0], [373450.0, 2755550.0], [373550.0, 2755550.0], [373650.0, 2755550.0], [373750.0, 2755550.0], [373950.0, 2755650.0], [374050.0, 2755650.0], [374150.0, 2755650.0], [374250.0, 2755650.0], [374350.0, 2755650.0], [374450.0, 2755650.0], [374550.0, 2755650.0], [374650.0, 2755650.0], [374750.0, 2755650.0], [374950.0, 2755550.0], [375050.0, 2755550.0], [375150.0, 2755550.0], [375250.0, 2755550.0], [375350.0, 2755550.0], [375450.0, 2755550.0], [375550.0, 2755550.0], [375650.0, 2755550.0], [375750.0, 2755550.0], [375850.0, 2755550.0], [375950.0, 2755550.0], [376050.0, 2755550.0], [376150.0, 2755550.0], [376250.0, 2755550.0], [376450.0, 2755650.0], [376550.0, 2755650.0], [376650.0, 2755750.0], [376750.0, 2755850.0], [376850.0, 2755950.0], [376950.0, 2756050.0], [377050.0, 2756150.0], [377250.0, 2756050.0], [377350.0, 2755950.0], [377550.0, 2755850.0], [377650.0, 2755750.0], [377750.0, 2755750.0], [377850.0, 2755750.0], [377950.0, 2755750.0], [378050.0, 2755750.0], [378150.0, 2755750.0], [378350.0, 2755850.0], [378450.0, 2755850.0], [378550.0, 2755850.0], [378750.0, 2755950.0], [378850.0, 2755950.0], [378950.0, 2755950.0], [379050.0, 2755950.0], [379250.0, 2755850.0], [379350.0, 2755850.0], [379450.0, 2755850.0], [379550.0, 2755850.0], [379750.0, 2755750.0], [379850.0, 2755750.0], [379950.0, 2755750.0], [380150.0, 2755850.0], [380350.0, 2755950.0], [380550.0, 2756050.0], [380650.0, 2756050.0], [380850.0, 2755950.0], [380950.0, 2755950.0], [381150.0, 2755850.0], [381350.0, 2755750.0], [381450.0, 2755750.0], [381550.0, 2755750.0], [381650.0, 2755750.0], [381850.0, 2755650.0], [381950.0, 2755650.0], [382150.0, 2755550.0], [382350.0, 2755450.0], [382450.0, 2755350.0], [382650.0, 2755450.0], [382750.0, 2755450.0], [382850.0, 2755450.0], [382950.0, 2755450.0], [383050.0, 2755450.0], [383150.0, 2755450.0], [383350.0, 2755550.0], [383450.0, 2755550.0], [383550.0, 2755550.0], [383650.0, 2755550.0], [383750.0, 2755550.0], [383850.0, 2755550.0], [383950.0, 2755650.0], [384050.0, 2755850.0]]}, "properties": {"point_id": 26, "emergency": "snakebite", "season": "dry", "kind": "primary", "facility_cat": 5, "facility_name": "Jalalabad Ragib-Rabeya Medical College and Hospital", "minutes": 43.0}}, {"type": "Feature", "geometry": {"type": "LineString", "coordinates": [[359450.0, 2759250.0], [359450.0, 2759350.0], [359550.0, 2759350.0], [359650.0, 2759350.0], [359850.0, 2759250.0], [359950.0, 2759250.0], [360050.0, 2759250.0], [360150.0, 2759250.0], [360250.0, 2759250.0], [360350.0, 2759250.0], [360450.0, 2759250.0], [360550.0, 2759250.0], [360750.0, 2759150.0], [360850.0, 2759150.0], [360950.0, 2759150.0], [361050.0, 2759150.0], [361150.0, 2759150.0], [361350.0, 2759050.0], [361450.0, 2759050.0], [361550.0, 2759050.0], [361650.0, 2759050.0], [361750.0, 2759050.0], [361850.0, 2759050.0], [361950.0, 2759050.0], [362050.0, 2759050.0], [362150.0, 2759050.0], [362250.0, 2759050.0], [362350.0, 2759050.0], [362450.0, 2759050.0], [362550.0, 2759050.0], [362650.0, 2759050.0], [362750.0, 2759050.0], [362850.0, 2759050.0], [362950.0, 2759050.0], [363050.0, 2759050.0], [363250.0, 2758950.0], [363350.0, 2758950.0], [363450.0, 2758950.0], [363650.0, 2758850.0], [363750.0, 2758850.0], [363850.0, 2758850.0], [364050.0, 2758750.0], [364150.0, 2758750.0], [364250.0, 2758750.0], [364450.0, 2758650.0], [364550.0, 2758650.0], [364650.0, 2758650.0], [364850.0, 2758550.0], [364950.0, 2758550.0], [365050.0, 2758550.0], [365250.0, 2758450.0], [365350.0, 2758450.0], [365450.0, 2758450.0], [365650.0, 2758350.0], [365750.0, 2758350.0], [365950.0, 2758250.0], [366150.0, 2758150.0], [366250.0, 2758150.0], [366450.0, 2758050.0], [366550.0, 2758050.0], [366750.0, 2757950.0], [366950.0, 2757850.0], [367050.0, 2757850.0], [367250.0, 2757750.0], [367350.0, 2757750.0], [367450.0, 2757750.0], [367650.0, 2757650.0], [367750.0, 2757550.0], [367850.0, 2757550.0], [368050.0, 2757650.0], [368150.0, 2757650.0], [368250.0, 2757650.0], [368350.0, 2757650.0], [368450.0, 2757650.0], [368550.0, 2757650.0], [368650.0, 2757550.0], [368750.0, 2757450.0], [368850.0, 2757350.0], [368950.0, 2757250.0], [369050.0, 2757150.0], [369150.0, 2757050.0], [369250.0, 2756950.0], [369450.0, 2756850.0], [369650.0, 2756750.0], [369750.0, 2756750.0], [369950.0, 2756650.0], [370050.0, 2756650.0], [370150.0, 2756650.0], [370350.0, 2756550.0], [370450.0, 2756450.0], [370550.0, 2756350.0], [370650.0, 2756350.0], [370750.0, 2756350.0], [370850.0, 2756350.0], [371050.0, 2756250.0], [371150.0, 2756150.0], [371250.0, 2756050.0], [371450.0, 2755950.0], [371650.0, 2755850.0], [371750.0, 2755750.0], [371950.0, 2755650.0], [372150.0, 2755550.0], [372250.0, 2755550.0], [372350.0, 2755550.0], [372450.0, 2755550.0], [372550.0, 2755550.0], [372650.0, 2755550.0], [372750.0, 2755550.0], [372850.0, 2755550.0], [372950.0, 2755550.0], [373050.0, 2755550.0], [373150.0, 2755550.0], [373250.0, 2755550.0], [373350.0, 2755550.0], [373450.0, 2755550.0], [373550.0, 2755550.0], [373650.0, 2755550.0], [373750.0, 2755550.0], [373950.0, 2755650.0], [374050.0, 2755650.0], [374150.0, 2755650.0], [374250.0, 2755650.0], [374350.0, 2755650.0], [374450.0, 2755650.0], [374550.0, 2755650.0], [374650.0, 2755650.0], [374750.0, 2755650.0], [374950.0, 2755550.0], [375050.0, 2755550.0], [375150.0, 2755550.0], [375250.0, 2755550.0], [375350.0, 2755550.0], [375450.0, 2755550.0], [375550.0, 2755550.0], [375650.0, 2755550.0], [375750.0, 2755550.0], [375850.0, 2755550.0], [375950.0, 2755550.0], [376050.0, 2755550.0], [376150.0, 2755550.0], [376250.0, 2755550.0], [376450.0, 2755650.0], [376550.0, 2755650.0], [376650.0, 2755750.0], [376750.0, 2755850.0], [376850.0, 2755950.0], [376950.0, 2756050.0], [377050.0, 2756150.0], [377250.0, 2756050.0], [377350.0, 2755950.0], [377550.0, 2755850.0], [377650.0, 2755750.0], [377750.0, 2755750.0], [377850.0, 2755750.0], [377950.0, 2755750.0], [378050.0, 2755750.0], [378150.0, 2755750.0], [378350.0, 2755850.0], [378450.0, 2755850.0], [378550.0, 2755850.0], [378750.0, 2755950.0], [378850.0, 2755950.0], [378950.0, 2755950.0], [379050.0, 2755950.0], [379250.0, 2755850.0], [379350.0, 2755850.0], [379450.0, 2755850.0], [379550.0, 2755850.0], [379750.0, 2755750.0], [379850.0, 2755750.0], [379950.0, 2755750.0], [380150.0, 2755850.0], [380350.0, 2755950.0], [380550.0, 2756050.0], [380650.0, 2756050.0], [380850.0, 2755950.0], [380950.0, 2755950.0], [381150.0, 2755850.0], [381350.0, 2755750.0], [381450.0, 2755750.0], [381550.0, 2755750.0], [381650.0, 2755750.0], [381850.0, 2755650.0], [381950.0, 2755650.0], [382150.0, 2755550.0], [382350.0, 2755450.0], [382450.0, 2755350.0], [382650.0, 2755450.0], [382750.0, 2755450.0], [382850.0, 2755450.0], [382950.0, 2755450.0], [383050.0, 2755450.0], [383150.0, 2755450.0], [383350.0, 2755550.0], [383450.0, 2755550.0], [383550.0, 2755550.0], [383650.0, 2755550.0], [383750.0, 2755550.0], [383850.0, 2755550.0], [383950.0, 2755550.0], [384050.0, 2755650.0], [384150.0, 2755850.0]]}, "properties": {"point_id": 26, "emergency": "snakebite", "season": "dry", "kind": "backup", "facility_cat": 6, "facility_name": "Jalalabad Ragib Rabeya Medical  College  & Hospital", "minutes": 43.0}}, {"type": "Feature", "geometry": {"type": "LineString", "coordinates": [[359450.0, 2759250.0], [359450.0, 2759350.0], [359550.0, 2759350.0], [359650.0, 2759350.0], [359850.0, 2759250.0], [359950.0, 2759250.0], [360050.0, 2759250.0], [360150.0, 2759250.0], [360250.0, 2759250.0], [360350.0, 2759250.0], [360450.0, 2759250.0], [360550.0, 2759250.0], [360750.0, 2759150.0], [360850.0, 2759150.0], [360950.0, 2759150.0], [361050.0, 2759150.0], [361150.0, 2759150.0], [361350.0, 2759050.0], [361450.0, 2759050.0], [361550.0, 2759050.0], [361650.0, 2759050.0], [361750.0, 2759050.0], [361850.0, 2759050.0], [361950.0, 2759050.0], [362050.0, 2759050.0], [362150.0, 2759050.0], [362250.0, 2759050.0], [362350.0, 2759050.0], [362450.0, 2759050.0], [362550.0, 2759150.0], [362650.0, 2759050.0], [362750.0, 2759050.0], [362850.0, 2759050.0], [362950.0, 2759050.0], [363050.0, 2759050.0], [363250.0, 2758950.0], [363350.0, 2758950.0], [363450.0, 2758950.0], [363650.0, 2758850.0], [363750.0, 2758850.0], [363850.0, 2758850.0], [364050.0, 2758750.0], [364150.0, 2758750.0], [364250.0, 2758750.0], [364450.0, 2758650.0], [364550.0, 2758650.0], [364650.0, 2758650.0], [364850.0, 2758550.0], [364950.0, 2758550.0], [365050.0, 2758550.0], [365250.0, 2758450.0], [365350.0, 2758450.0], [365450.0, 2758450.0], [365650.0, 2758350.0], [365750.0, 2758350.0], [365950.0, 2758250.0], [366150.0, 2758150.0], [366250.0, 2758150.0], [366450.0, 2758050.0], [366550.0, 2758050.0], [366750.0, 2757950.0], [366950.0, 2757850.0], [367050.0, 2757850.0], [367250.0, 2757750.0], [367350.0, 2757750.0], [367450.0, 2757750.0], [367650.0, 2757650.0], [367750.0, 2757550.0], [367850.0, 2757550.0], [368050.0, 2757650.0], [368150.0, 2757650.0], [368250.0, 2757650.0], [368350.0, 2757650.0], [368450.0, 2757650.0], [368550.0, 2757650.0], [368650.0, 2757550.0], [368750.0, 2757450.0], [368850.0, 2757350.0], [368950.0, 2757250.0], [369050.0, 2757150.0], [369150.0, 2757050.0], [369250.0, 2756950.0], [369450.0, 2756850.0], [369650.0, 2756750.0], [369750.0, 2756750.0], [369950.0, 2756650.0], [370050.0, 2756650.0], [370150.0, 2756650.0], [370350.0, 2756550.0], [370450.0, 2756450.0], [370550.0, 2756350.0], [370650.0, 2756350.0], [370750.0, 2756350.0], [370850.0, 2756350.0], [371050.0, 2756250.0], [371150.0, 2756150.0], [371250.0, 2756050.0], [371450.0, 2755950.0], [371650.0, 2755850.0], [371750.0, 2755750.0], [371950.0, 2755650.0], [372150.0, 2755550.0], [372250.0, 2755550.0], [372350.0, 2755550.0], [372450.0, 2755550.0], [372550.0, 2755550.0], [372650.0, 2755550.0], [372750.0, 2755550.0], [372850.0, 2755550.0], [372950.0, 2755550.0], [373050.0, 2755550.0], [373150.0, 2755550.0], [373250.0, 2755550.0], [373350.0, 2755550.0], [373450.0, 2755550.0], [373550.0, 2755550.0], [373650.0, 2755550.0], [373750.0, 2755550.0], [373950.0, 2755650.0], [374050.0, 2755650.0], [374150.0, 2755650.0], [374250.0, 2755650.0], [374350.0, 2755650.0], [374450.0, 2755650.0], [374550.0, 2755650.0], [374650.0, 2755650.0], [374750.0, 2755650.0], [374950.0, 2755550.0], [375050.0, 2755550.0], [375150.0, 2755550.0], [375250.0, 2755550.0], [375350.0, 2755550.0], [375450.0, 2755550.0], [375550.0, 2755550.0], [375650.0, 2755550.0], [375750.0, 2755550.0], [375850.0, 2755550.0], [375950.0, 2755550.0], [376050.0, 2755550.0], [376150.0, 2755550.0], [376250.0, 2755550.0], [376450.0, 2755650.0], [376550.0, 2755650.0], [376650.0, 2755750.0], [376750.0, 2755850.0], [376850.0, 2755950.0], [376950.0, 2756050.0], [377050.0, 2756150.0], [377250.0, 2756050.0], [377350.0, 2755950.0], [377550.0, 2755850.0], [377650.0, 2755750.0], [377750.0, 2755750.0], [377850.0, 2755750.0], [377950.0, 2755750.0], [378050.0, 2755750.0], [378150.0, 2755750.0], [378350.0, 2755850.0], [378450.0, 2755850.0], [378550.0, 2755850.0], [378750.0, 2755950.0], [378850.0, 2755950.0], [378950.0, 2755950.0], [379050.0, 2755950.0], [379250.0, 2755850.0], [379350.0, 2755850.0], [379450.0, 2755850.0], [379550.0, 2755850.0], [379750.0, 2755750.0], [379850.0, 2755750.0], [379950.0, 2755750.0], [380150.0, 2755850.0], [380350.0, 2755950.0], [380550.0, 2756050.0], [380650.0, 2756050.0], [380850.0, 2755950.0], [380950.0, 2755950.0], [381150.0, 2755850.0], [381350.0, 2755750.0], [381450.0, 2755750.0], [381550.0, 2755750.0], [381650.0, 2755750.0], [381850.0, 2755650.0], [381950.0, 2755650.0], [382150.0, 2755550.0], [382350.0, 2755450.0], [382450.0, 2755350.0], [382650.0, 2755450.0], [382750.0, 2755450.0], [382850.0, 2755450.0], [382950.0, 2755450.0], [383050.0, 2755450.0], [383150.0, 2755450.0], [383350.0, 2755550.0], [383450.0, 2755550.0], [383550.0, 2755550.0], [383650.0, 2755550.0], [383750.0, 2755550.0], [383850.0, 2755550.0], [383950.0, 2755650.0], [384050.0, 2755850.0]]}, "properties": {"point_id": 26, "emergency": "snakebite", "season": "flood0708", "kind": "primary", "facility_cat": 5, "facility_name": "Jalalabad Ragib-Rabeya Medical College and Hospital", "minutes": 45.0}}, {"type": "Feature", "geometry": {"type": "LineString", "coordinates": [[359450.0, 2759250.0], [359450.0, 2759350.0], [359550.0, 2759350.0], [359650.0, 2759350.0], [359850.0, 2759250.0], [359950.0, 2759250.0], [360050.0, 2759250.0], [360150.0, 2759250.0], [360250.0, 2759250.0], [360350.0, 2759250.0], [360450.0, 2759250.0], [360550.0, 2759250.0], [360750.0, 2759150.0], [360850.0, 2759150.0], [360950.0, 2759150.0], [361050.0, 2759150.0], [361150.0, 2759150.0], [361350.0, 2759050.0], [361450.0, 2759050.0], [361550.0, 2759050.0], [361650.0, 2759050.0], [361750.0, 2759050.0], [361850.0, 2759050.0], [361950.0, 2759050.0], [362050.0, 2759050.0], [362150.0, 2759050.0], [362250.0, 2759050.0], [362350.0, 2759050.0], [362450.0, 2759050.0], [362550.0, 2759150.0], [362650.0, 2759050.0], [362750.0, 2759050.0], [362850.0, 2759050.0], [362950.0, 2759050.0], [363050.0, 2759050.0], [363250.0, 2758950.0], [363350.0, 2758950.0], [363450.0, 2758950.0], [363650.0, 2758850.0], [363750.0, 2758850.0], [363850.0, 2758850.0], [364050.0, 2758750.0], [364150.0, 2758750.0], [364250.0, 2758750.0], [364450.0, 2758650.0], [364550.0, 2758650.0], [364650.0, 2758650.0], [364850.0, 2758550.0], [364950.0, 2758550.0], [365050.0, 2758550.0], [365250.0, 2758450.0], [365350.0, 2758450.0], [365450.0, 2758450.0], [365650.0, 2758350.0], [365750.0, 2758350.0], [365950.0, 2758250.0], [366150.0, 2758150.0], [366250.0, 2758150.0], [366450.0, 2758050.0], [366550.0, 2758050.0], [366750.0, 2757950.0], [366950.0, 2757850.0], [367050.0, 2757850.0], [367250.0, 2757750.0], [367350.0, 2757750.0], [367450.0, 2757750.0], [367650.0, 2757650.0], [367750.0, 2757550.0], [367850.0, 2757550.0], [368050.0, 2757650.0], [368150.0, 2757650.0], [368250.0, 2757650.0], [368350.0, 2757650.0], [368450.0, 2757650.0], [368550.0, 2757650.0], [368650.0, 2757550.0], [368750.0, 2757450.0], [368850.0, 2757350.0], [368950.0, 2757250.0], [369050.0, 2757150.0], [369150.0, 2757050.0], [369250.0, 2756950.0], [369450.0, 2756850.0], [369650.0, 2756750.0], [369750.0, 2756750.0], [369950.0, 2756650.0], [370050.0, 2756650.0], [370150.0, 2756650.0], [370350.0, 2756550.0], [370450.0, 2756450.0], [370550.0, 2756350.0], [370650.0, 2756350.0], [370750.0, 2756350.0], [370850.0, 2756350.0], [371050.0, 2756250.0], [371150.0, 2756150.0], [371250.0, 2756050.0], [371450.0, 2755950.0], [371650.0, 2755850.0], [371750.0, 2755750.0], [371950.0, 2755650.0], [372150.0, 2755550.0], [372250.0, 2755550.0], [372350.0, 2755550.0], [372450.0, 2755550.0], [372550.0, 2755550.0], [372650.0, 2755550.0], [372750.0, 2755550.0], [372850.0, 2755550.0], [372950.0, 2755550.0], [373050.0, 2755550.0], [373150.0, 2755550.0], [373250.0, 2755550.0], [373350.0, 2755550.0], [373450.0, 2755550.0], [373550.0, 2755550.0], [373650.0, 2755550.0], [373750.0, 2755550.0], [373950.0, 2755650.0], [374050.0, 2755650.0], [374150.0, 2755650.0], [374250.0, 2755650.0], [374350.0, 2755650.0], [374450.0, 2755650.0], [374550.0, 2755650.0], [374650.0, 2755650.0], [374750.0, 2755650.0], [374950.0, 2755550.0], [375050.0, 2755550.0], [375150.0, 2755550.0], [375250.0, 2755550.0], [375350.0, 2755550.0], [375450.0, 2755550.0], [375550.0, 2755550.0], [375650.0, 2755550.0], [375750.0, 2755550.0], [375850.0, 2755550.0], [375950.0, 2755550.0], [376050.0, 2755550.0], [376150.0, 2755550.0], [376250.0, 2755550.0], [376450.0, 2755650.0], [376550.0, 2755650.0], [376650.0, 2755750.0], [376750.0, 2755850.0], [376850.0, 2755950.0], [376950.0, 2756050.0], [377050.0, 2756150.0], [377250.0, 2756050.0], [377350.0, 2755950.0], [377550.0, 2755850.0], [377650.0, 2755750.0], [377750.0, 2755750.0], [377850.0, 2755750.0], [377950.0, 2755750.0], [378050.0, 2755750.0], [378150.0, 2755750.0], [378350.0, 2755850.0], [378450.0, 2755850.0], [378550.0, 2755850.0], [378750.0, 2755950.0], [378850.0, 2755950.0], [378950.0, 2755950.0], [379050.0, 2755950.0], [379250.0, 2755850.0], [379350.0, 2755850.0], [379450.0, 2755850.0], [379550.0, 2755850.0], [379750.0, 2755750.0], [379850.0, 2755750.0], [379950.0, 2755750.0], [380150.0, 2755850.0], [380350.0, 2755950.0], [380550.0, 2756050.0], [380650.0, 2756050.0], [380850.0, 2755950.0], [380950.0, 2755950.0], [381150.0, 2755850.0], [381350.0, 2755750.0], [381450.0, 2755750.0], [381550.0, 2755750.0], [381650.0, 2755750.0], [381850.0, 2755650.0], [381950.0, 2755650.0], [382150.0, 2755550.0], [382350.0, 2755450.0], [382450.0, 2755350.0], [382650.0, 2755450.0], [382750.0, 2755450.0], [382850.0, 2755450.0], [382950.0, 2755450.0], [383050.0, 2755450.0], [383150.0, 2755450.0], [383350.0, 2755550.0], [383450.0, 2755550.0], [383550.0, 2755550.0], [383650.0, 2755550.0], [383750.0, 2755550.0], [383850.0, 2755550.0], [383950.0, 2755550.0], [384050.0, 2755650.0], [384150.0, 2755850.0]]}, "properties": {"point_id": 26, "emergency": "snakebite", "season": "flood0708", "kind": "backup", "facility_cat": 6, "facility_name": "Jalalabad Ragib Rabeya Medical  College  & Hospital", "minutes": 45.0}}, {"type": "Feature", "geometry": {"type": "LineString", "coordinates": [[372450.0, 2686950.0], [372450.0, 2687050.0], [372350.0, 2687150.0], [372250.0, 2687250.0], [372150.0, 2687450.0], [372050.0, 2687550.0], [371950.0, 2687750.0], [371850.0, 2687850.0], [371750.0, 2688050.0], [371750.0, 2688150.0]]}, "properties": {"point_id": 27, "emergency": "injury_drowning", "season": "dry", "kind": "primary", "facility_cat": 35, "facility_name": "Sreemangal Upazila Health Complex", "minutes": 7.0}}, {"type": "Feature", "geometry": {"type": "LineString", "coordinates": [[372450.0, 2686950.0], [372450.0, 2687050.0], [372550.0, 2687050.0], [372650.0, 2687050.0], [372750.0, 2687150.0], [372850.0, 2687250.0], [372850.0, 2687350.0], [372850.0, 2687450.0], [372950.0, 2687650.0], [372950.0, 2687750.0], [373050.0, 2687950.0], [373050.0, 2688050.0], [373050.0, 2688150.0], [372950.0, 2688250.0], [372850.0, 2688250.0], [372750.0, 2688250.0], [372650.0, 2688250.0], [372450.0, 2688350.0], [372250.0, 2688450.0], [372150.0, 2688550.0], [372050.0, 2688650.0], [371950.0, 2688750.0], [371850.0, 2688850.0], [371750.0, 2688950.0], [371650.0, 2689050.0], [371550.0, 2689150.0], [371450.0, 2689350.0], [371450.0, 2689450.0], [371550.0, 2689650.0], [371550.0, 2689750.0], [371650.0, 2689950.0], [371650.0, 2690050.0], [371750.0, 2690250.0], [371750.0, 2690350.0], [371750.0, 2690450.0], [371850.0, 2690650.0], [371850.0, 2690750.0], [371850.0, 2690850.0], [371950.0, 2691050.0], [371950.0, 2691150.0], [371950.0, 2691250.0], [371950.0, 2691350.0], [372050.0, 2691550.0], [372050.0, 2691650.0], [372150.0, 2691850.0], [372250.0, 2692050.0], [372250.0, 2692150.0], [372250.0, 2692250.0], [372350.0, 2692450.0], [372450.0, 2692650.0], [372550.0, 2692850.0], [372650.0, 2692950.0], [372650.0, 2693050.0], [372750.0, 2693250.0], [372850.0, 2693450.0], [372850.0, 2693550.0], [372950.0, 2693750.0], [372950.0, 2693850.0], [372950.0, 2693950.0], [373050.0, 2694150.0], [373050.0, 2694250.0], [373050.0, 2694350.0], [373150.0, 2694550.0], [373150.0, 2694650.0], [373150.0, 2694750.0], [373150.0, 2694850.0], [373150.0, 2694950.0], [373150.0, 2695050.0], [373150.0, 2695150.0], [373150.0, 2695250.0], [373150.0, 2695350.0], [373250.0, 2695550.0], [373250.0, 2695650.0], [373250.0, 2695750.0], [373250.0, 2695850.0], [373250.0, 2695950.0], [373250.0, 2696050.0], [373250.0, 2696150.0], [373250.0, 2696250.0], [373250.0, 2696350.0], [373250.0, 2696450.0], [373250.0, 2696550.0], [373250.0, 2696650.0], [373350.0, 2696850.0], [373350.0, 2696950.0], [373350.0, 2697050.0], [373350.0, 2697150.0], [373450.0, 2697350.0], [373550.0, 2697550.0], [373550.0, 2697650.0], [373550.0, 2697750.0], [373650.0, 2697950.0], [373650.0, 2698050.0], [373650.0, 2698150.0], [373650.0, 2698250.0], [373650.0, 2698350.0], [373650.0, 2698450.0], [373750.0, 2698650.0], [373750.0, 2698750.0], [373750.0, 2698850.0], [373750.0, 2698950.0], [373750.0, 2699050.0], [373750.0, 2699150.0], [373750.0, 2699250.0], [373750.0, 2699350.0], [373750.0, 2699450.0], [373750.0, 2699550.0], [373750.0, 2699650.0], [373750.0, 2699750.0], [373750.0, 2699850.0], [373750.0, 2699950.0], [373750.0, 2700050.0], [373750.0, 2700150.0], [373850.0, 2700350.0], [373850.0, 2700450.0], [373850.0, 2700550.0], [373950.0, 2700750.0], [373950.0, 2700850.0], [373950.0, 2700950.0], [374050.0, 2701150.0], [374050.0, 2701250.0], [374050.0, 2701350.0], [374150.0, 2701550.0], [374150.0, 2701650.0], [374150.0, 2701750.0], [374150.0, 2701850.0], [374150.0, 2701950.0], [374150.0, 2702050.0], [374250.0, 2702250.0], [374250.0, 2702350.0], [374250.0, 2702450.0], [374250.0, 2702550.0], [374250.0, 2702650.0], [374350.0, 2702850.0], [374450.0, 2703050.0], [374450.0, 2703150.0], [374550.0, 2703350.0], [374550.0, 2703450.0], [374450.0, 2703650.0], [374450.0, 2703750.0], [374450.0, 2703850.0], [374450.0, 2703950.0], [374450.0, 2704050.0], [374450.0, 2704150.0], [374450.0, 2704250.0], [374450.0, 2704350.0], [374450.0, 2704450.0], [374550.0, 2704650.0], [374550.0, 2704750.0], [374550.0, 2704850.0], [374550.0, 2704950.0], [374550.0, 2705050.0], [374550.0, 2705150.0], [374550.0, 2705250.0], [374650.0, 2705450.0], [374650.0, 2705550.0], [374650.0, 2705650.0], [374650.0, 2705750.0], [374750.0, 2705950.0], [374750.0, 2706050.0], [374750.0, 2706150.0], [374850.0, 2706350.0], [374850.0, 2706450.0], [374850.0, 2706550.0], [374950.0, 2706750.0], [374950.0, 2706850.0], [374950.0, 2706950.0], [374850.0, 2707150.0], [374850.0, 2707250.0], [374850.0, 2707350.0], [374850.0, 2707450.0], [374850.0, 2707550.0], [374850.0, 2707650.0], [374850.0, 2707750.0], [374850.0, 2707850.0], [374850.0, 2707950.0], [374950.0, 2708050.0]]}, "properties": {"point_id": 27, "emergency": "injury_drowning", "season": "dry", "kind": "backup", "facility_cat": 11, "facility_name": "Moulvibaza Sadar Hospital", "minutes": 39.0}}, {"type": "Feature", "geometry": {"type": "LineString", "coordinates": [[372450.0, 2686950.0], [372450.0, 2687050.0], [372350.0, 2687150.0], [372250.0, 2687250.0], [372150.0, 2687450.0], [372050.0, 2687550.0], [371950.0, 2687750.0], [371850.0, 2687850.0], [371750.0, 2688050.0], [371750.0, 2688150.0]]}, "properties": {"point_id": 27, "emergency": "injury_drowning", "season": "flood0708", "kind": "primary", "facility_cat": 35, "facility_name": "Sreemangal Upazila Health Complex", "minutes": 7.0}}, {"type": "Feature", "geometry": {"type": "LineString", "coordinates": [[372450.0, 2686950.0], [372450.0, 2687050.0], [372550.0, 2687050.0], [372650.0, 2687050.0], [372750.0, 2687150.0], [372850.0, 2687250.0], [372850.0, 2687350.0], [372850.0, 2687450.0], [372950.0, 2687650.0], [372950.0, 2687750.0], [373050.0, 2687950.0], [373050.0, 2688050.0], [373050.0, 2688150.0], [372950.0, 2688250.0], [372850.0, 2688250.0], [372750.0, 2688250.0], [372650.0, 2688250.0], [372450.0, 2688350.0], [372250.0, 2688450.0], [372150.0, 2688550.0], [372050.0, 2688650.0], [371950.0, 2688750.0], [371850.0, 2688850.0], [371750.0, 2688950.0], [371650.0, 2689050.0], [371550.0, 2689150.0], [371450.0, 2689350.0], [371450.0, 2689450.0], [371550.0, 2689650.0], [371550.0, 2689750.0], [371650.0, 2689950.0], [371650.0, 2690050.0], [371750.0, 2690250.0], [371750.0, 2690350.0], [371750.0, 2690450.0], [371850.0, 2690650.0], [371850.0, 2690750.0], [371850.0, 2690850.0], [371950.0, 2691050.0], [371950.0, 2691150.0], [371950.0, 2691250.0], [371950.0, 2691350.0], [372050.0, 2691550.0], [372050.0, 2691650.0], [372150.0, 2691850.0], [372250.0, 2692050.0], [372250.0, 2692150.0], [372250.0, 2692250.0], [372350.0, 2692450.0], [372450.0, 2692650.0], [372550.0, 2692850.0], [372650.0, 2692950.0], [372650.0, 2693050.0], [372750.0, 2693250.0], [372850.0, 2693450.0], [372850.0, 2693550.0], [372950.0, 2693750.0], [372950.0, 2693850.0], [372950.0, 2693950.0], [373050.0, 2694150.0], [373050.0, 2694250.0], [373050.0, 2694350.0], [373150.0, 2694550.0], [373150.0, 2694650.0], [373150.0, 2694750.0], [373150.0, 2694850.0], [373150.0, 2694950.0], [373150.0, 2695050.0], [373150.0, 2695150.0], [373150.0, 2695250.0], [373150.0, 2695350.0], [373250.0, 2695550.0], [373250.0, 2695650.0], [373250.0, 2695750.0], [373250.0, 2695850.0], [373250.0, 2695950.0], [373250.0, 2696050.0], [373250.0, 2696150.0], [373250.0, 2696250.0], [373250.0, 2696350.0], [373250.0, 2696450.0], [373250.0, 2696550.0], [373250.0, 2696650.0], [373350.0, 2696850.0], [373250.0, 2696950.0], [373350.0, 2697050.0], [373350.0, 2697150.0], [373450.0, 2697350.0], [373550.0, 2697550.0], [373550.0, 2697650.0], [373550.0, 2697750.0], [373650.0, 2697950.0], [373650.0, 2698050.0], [373650.0, 2698150.0], [373650.0, 2698250.0], [373650.0, 2698350.0], [373650.0, 2698450.0], [373750.0, 2698650.0], [373750.0, 2698750.0], [373750.0, 2698850.0], [373750.0, 2698950.0], [373750.0, 2699050.0], [373750.0, 2699150.0], [373750.0, 2699250.0], [373750.0, 2699350.0], [373750.0, 2699450.0], [373750.0, 2699550.0], [373750.0, 2699650.0], [373750.0, 2699750.0], [373750.0, 2699850.0], [373750.0, 2699950.0], [373750.0, 2700050.0], [373750.0, 2700150.0], [373850.0, 2700250.0], [373950.0, 2700350.0], [374050.0, 2700350.0], [374150.0, 2700450.0], [374150.0, 2700550.0], [374150.0, 2700650.0], [374150.0, 2700750.0], [374050.0, 2700850.0], [374050.0, 2700950.0], [374050.0, 2701050.0], [374050.0, 2701150.0], [374050.0, 2701250.0], [374050.0, 2701350.0], [374150.0, 2701550.0], [374150.0, 2701650.0], [374150.0, 2701750.0], [374150.0, 2701850.0], [374150.0, 2701950.0], [374150.0, 2702050.0], [374250.0, 2702250.0], [374250.0, 2702350.0], [374250.0, 2702450.0], [374250.0, 2702550.0], [374250.0, 2702650.0], [374350.0, 2702850.0], [374450.0, 2703050.0], [374450.0, 2703150.0], [374550.0, 2703350.0], [374550.0, 2703450.0], [374450.0, 2703650.0], [374450.0, 2703750.0], [374450.0, 2703850.0], [374450.0, 2703950.0], [374450.0, 2704050.0], [374450.0, 2704150.0], [374450.0, 2704250.0], [374450.0, 2704350.0], [374450.0, 2704450.0], [374550.0, 2704650.0], [374550.0, 2704750.0], [374550.0, 2704850.0], [374550.0, 2704950.0], [374550.0, 2705050.0], [374550.0, 2705150.0], [374550.0, 2705250.0], [374650.0, 2705450.0], [374650.0, 2705550.0], [374650.0, 2705650.0], [374650.0, 2705750.0], [374750.0, 2705950.0], [374750.0, 2706050.0], [374750.0, 2706150.0], [374850.0, 2706350.0], [374850.0, 2706450.0], [374850.0, 2706550.0], [374950.0, 2706750.0], [374950.0, 2706850.0], [374950.0, 2706950.0], [374850.0, 2707150.0], [374850.0, 2707250.0], [374850.0, 2707350.0], [374850.0, 2707450.0], [374850.0, 2707550.0], [374850.0, 2707650.0], [374850.0, 2707750.0], [374850.0, 2707850.0], [374850.0, 2707950.0], [374950.0, 2708050.0]]}, "properties": {"point_id": 27, "emergency": "injury_drowning", "season": "flood0708", "kind": "backup", "facility_cat": 11, "facility_name": "Moulvibaza Sadar Hospital", "minutes": 47.0}}, {"type": "Feature", "geometry": {"type": "LineString", "coordinates": [[278850.0, 2772850.0], [279050.0, 2772750.0], [279150.0, 2772650.0], [279250.0, 2772550.0], [279350.0, 2772550.0], [279450.0, 2772550.0], [279550.0, 2772550.0], [279650.0, 2772550.0], [279750.0, 2772650.0], [279750.0, 2772750.0], [279750.0, 2772850.0], [279850.0, 2773050.0], [279750.0, 2773250.0], [279650.0, 2773350.0], [279750.0, 2773450.0], [279850.0, 2773550.0], [279850.0, 2773650.0], [279850.0, 2773750.0], [279950.0, 2773950.0], [279950.0, 2774050.0], [280050.0, 2774150.0], [280150.0, 2774250.0], [280250.0, 2774250.0], [280350.0, 2774350.0], [280450.0, 2774450.0], [280550.0, 2774550.0], [280650.0, 2774650.0], [280650.0, 2774750.0], [280750.0, 2774950.0], [280850.0, 2775050.0], [280850.0, 2775150.0], [280850.0, 2775250.0], [280850.0, 2775350.0], [280850.0, 2775450.0], [280850.0, 2775550.0], [280950.0, 2775650.0], [281050.0, 2775650.0], [281150.0, 2775650.0], [281250.0, 2775650.0], [281350.0, 2775650.0], [281450.0, 2775650.0], [281650.0, 2775750.0], [281750.0, 2775850.0], [281850.0, 2775950.0], [281950.0, 2776150.0], [282150.0, 2776250.0], [282250.0, 2776150.0], [282350.0, 2776050.0], [282450.0, 2776050.0], [282550.0, 2776050.0], [282750.0, 2775950.0], [282950.0, 2775850.0], [283150.0, 2775750.0], [283350.0, 2775650.0], [283550.0, 2775550.0], [283650.0, 2775550.0], [283850.0, 2775650.0], [283950.0, 2775650.0], [284050.0, 2775650.0], [284250.0, 2775750.0], [284450.0, 2775850.0], [284550.0, 2775850.0], [284750.0, 2775950.0], [284850.0, 2775950.0], [285050.0, 2776050.0], [285250.0, 2775950.0], [285450.0, 2775850.0], [285550.0, 2775750.0], [285650.0, 2775650.0], [285750.0, 2775550.0], [285950.0, 2775450.0], [286150.0, 2775350.0], [286350.0, 2775250.0], [286450.0, 2775250.0], [286550.0, 2775250.0], [286650.0, 2775250.0], [286750.0, 2775250.0], [286950.0, 2775150.0], [287150.0, 2775050.0], [287250.0, 2774950.0], [287350.0, 2774850.0], [287450.0, 2774850.0]]}, "properties": {"point_id": 28, "emergency": "minor_illness", "season": "dry", "kind": "primary", "facility_cat": 24, "facility_name": "Kalmakanda Upazila Health Complex", "minutes": 41.0}}, {"type": "Feature", "geometry": {"type": "LineString", "coordinates": [[278850.0, 2772850.0], [278850.0, 2772950.0], [278750.0, 2773150.0], [278650.0, 2773350.0], [278550.0, 2773550.0], [278450.0, 2773750.0], [278350.0, 2773950.0], [278250.0, 2774050.0], [278150.0, 2774150.0], [278050.0, 2774250.0], [277950.0, 2774250.0], [277850.0, 2774250.0], [277650.0, 2774150.0], [277550.0, 2774150.0], [277450.0, 2774150.0], [277350.0, 2774150.0], [277250.0, 2774150.0], [277150.0, 2774150.0], [276950.0, 2774250.0], [276850.0, 2774350.0], [276950.0, 2774550.0], [276950.0, 2774650.0], [276950.0, 2774750.0], [276950.0, 2774850.0], [277050.0, 2775050.0], [277050.0, 2775150.0], [277050.0, 2775250.0], [277050.0, 2775350.0], [277050.0, 2775450.0], [277150.0, 2775650.0], [277150.0, 2775750.0], [277150.0, 2775850.0], [277150.0, 2775950.0], [277150.0, 2776050.0], [277150.0, 2776150.0], [277150.0, 2776250.0], [277150.0, 2776350.0], [277150.0, 2776450.0], [277250.0, 2776650.0], [277250.0, 2776750.0], [277250.0, 2776850.0], [277250.0, 2776950.0], [277250.0, 2777050.0], [277250.0, 2777150.0], [277250.0, 2777250.0], [277250.0, 2777350.0], [277250.0, 2777450.0], [277250.0, 2777550.0], [277250.0, 2777650.0], [277150.0, 2777850.0], [277050.0, 2777950.0], [276950.0, 2778050.0], [276850.0, 2778050.0], [276750.0, 2778050.0], [276650.0, 2778050.0], [276450.0, 2778150.0], [276250.0, 2778250.0], [276050.0, 2778350.0], [275850.0, 2778450.0], [275750.0, 2778450.0], [275550.0, 2778550.0], [275450.0, 2778550.0], [275250.0, 2778650.0], [275050.0, 2778750.0], [274850.0, 2778850.0], [274650.0, 2778950.0], [274450.0, 2779050.0], [274250.0, 2779150.0], [274050.0, 2779250.0], [273850.0, 2779350.0], [273650.0, 2779450.0], [273550.0, 2779450.0], [273450.0, 2779450.0], [273350.0, 2779450.0], [273150.0, 2779550.0], [273050.0, 2779550.0], [272950.0, 2779550.0], [272850.0, 2779550.0], [272750.0, 2779550.0], [272650.0, 2779550.0], [272450.0, 2779650.0], [272350.0, 2779650.0], [272250.0, 2779650.0], [272150.0, 2779650.0], [272050.0, 2779650.0], [271850.0, 2779750.0], [271750.0, 2779750.0], [271650.0, 2779750.0], [271550.0, 2779750.0], [271450.0, 2779750.0], [271250.0, 2779650.0], [271150.0, 2779650.0], [271050.0, 2779650.0], [270950.0, 2779650.0], [270850.0, 2779650.0], [270750.0, 2779650.0], [270650.0, 2779650.0], [270550.0, 2779650.0], [270450.0, 2779650.0], [270250.0, 2779550.0], [270150.0, 2779550.0], [269950.0, 2779650.0], [269850.0, 2779650.0], [269750.0, 2779650.0], [269550.0, 2779750.0], [269450.0, 2779750.0], [269350.0, 2779750.0], [269250.0, 2779750.0], [269050.0, 2779850.0], [268950.0, 2779850.0], [268850.0, 2779850.0], [268650.0, 2779950.0], [268450.0, 2780050.0], [268250.0, 2780150.0], [268050.0, 2780250.0], [267950.0, 2780250.0], [267750.0, 2780350.0], [267650.0, 2780350.0], [267550.0, 2780350.0], [267350.0, 2780450.0], [267250.0, 2780550.0], [267050.0, 2780650.0], [266850.0, 2780750.0], [266650.0, 2780850.0], [266550.0, 2780850.0], [266450.0, 2780850.0], [266350.0, 2780950.0], [266150.0, 2781050.0], [266050.0, 2781050.0], [265950.0, 2781050.0]]}, "properties": {"point_id": 28, "emergency": "minor_illness", "season": "dry", "kind": "backup", "facility_cat": 71, "facility_name": "talukder clinic", "minutes": 50.0}}, {"type": "Feature", "geometry": {"type": "LineString", "coordinates": [[278850.0, 2772850.0], [279050.0, 2772750.0], [279150.0, 2772650.0], [279250.0, 2772550.0], [279350.0, 2772550.0], [279450.0, 2772550.0], [279550.0, 2772550.0], [279650.0, 2772550.0], [279750.0, 2772650.0], [279750.0, 2772750.0], [279750.0, 2772850.0], [279850.0, 2773050.0], [279750.0, 2773250.0], [279650.0, 2773350.0], [279750.0, 2773450.0], [279850.0, 2773550.0], [279850.0, 2773650.0], [279850.0, 2773750.0], [279950.0, 2773950.0], [279950.0, 2774050.0], [280050.0, 2774150.0], [280150.0, 2774250.0], [280250.0, 2774250.0], [280350.0, 2774350.0], [280450.0, 2774450.0], [280550.0, 2774550.0], [280650.0, 2774650.0], [280650.0, 2774750.0], [280750.0, 2774950.0], [280850.0, 2775050.0], [280850.0, 2775150.0], [280850.0, 2775250.0], [280850.0, 2775350.0], [280850.0, 2775450.0], [280850.0, 2775550.0], [280950.0, 2775650.0], [281050.0, 2775650.0], [281150.0, 2775650.0], [281250.0, 2775650.0], [281350.0, 2775650.0], [281450.0, 2775650.0], [281650.0, 2775750.0], [281750.0, 2775850.0], [281850.0, 2775950.0], [281950.0, 2776150.0], [282150.0, 2776250.0], [282250.0, 2776150.0], [282350.0, 2776050.0], [282450.0, 2776050.0], [282550.0, 2776050.0], [282750.0, 2775950.0], [282950.0, 2775850.0], [283150.0, 2775750.0], [283350.0, 2775650.0], [283550.0, 2775550.0], [283650.0, 2775550.0], [283850.0, 2775650.0], [283950.0, 2775650.0], [284050.0, 2775650.0], [284250.0, 2775750.0], [284450.0, 2775850.0], [284550.0, 2775850.0], [284750.0, 2775950.0], [284850.0, 2775950.0], [285050.0, 2776050.0], [285250.0, 2775950.0], [285450.0, 2775850.0], [285550.0, 2775750.0], [285650.0, 2775650.0], [285750.0, 2775550.0], [285950.0, 2775450.0], [286150.0, 2775350.0], [286350.0, 2775250.0], [286450.0, 2775250.0], [286550.0, 2775250.0], [286650.0, 2775250.0], [286750.0, 2775250.0], [286950.0, 2775150.0], [287150.0, 2775050.0], [287250.0, 2774950.0], [287350.0, 2774850.0], [287450.0, 2774850.0]]}, "properties": {"point_id": 28, "emergency": "minor_illness", "season": "flood0708", "kind": "primary", "facility_cat": 24, "facility_name": "Kalmakanda Upazila Health Complex", "minutes": 41.0}}, {"type": "Feature", "geometry": {"type": "LineString", "coordinates": [[278850.0, 2772850.0], [278850.0, 2772950.0], [278750.0, 2773150.0], [278650.0, 2773350.0], [278550.0, 2773550.0], [278450.0, 2773750.0], [278350.0, 2773950.0], [278250.0, 2774050.0], [278150.0, 2774150.0], [278050.0, 2774250.0], [277950.0, 2774250.0], [277850.0, 2774250.0], [277650.0, 2774150.0], [277550.0, 2774150.0], [277450.0, 2774150.0], [277350.0, 2774150.0], [277250.0, 2774150.0], [277150.0, 2774150.0], [276950.0, 2774250.0], [276850.0, 2774350.0], [276950.0, 2774550.0], [276950.0, 2774650.0], [276950.0, 2774750.0], [276950.0, 2774850.0], [277050.0, 2775050.0], [277050.0, 2775150.0], [277050.0, 2775250.0], [277050.0, 2775350.0], [277050.0, 2775450.0], [277150.0, 2775650.0], [277150.0, 2775750.0], [277150.0, 2775850.0], [277150.0, 2775950.0], [277150.0, 2776050.0], [277150.0, 2776150.0], [277150.0, 2776250.0], [277150.0, 2776350.0], [277150.0, 2776450.0], [277250.0, 2776650.0], [277250.0, 2776750.0], [277250.0, 2776850.0], [277250.0, 2776950.0], [277250.0, 2777050.0], [277250.0, 2777150.0], [277250.0, 2777250.0], [277250.0, 2777350.0], [277250.0, 2777450.0], [277250.0, 2777550.0], [277250.0, 2777650.0], [277150.0, 2777850.0], [277050.0, 2777950.0], [276950.0, 2778050.0], [276850.0, 2778050.0], [276750.0, 2778050.0], [276650.0, 2778050.0], [276450.0, 2778150.0], [276250.0, 2778250.0], [276050.0, 2778350.0], [275850.0, 2778450.0], [275750.0, 2778450.0], [275550.0, 2778550.0], [275450.0, 2778550.0], [275250.0, 2778650.0], [275050.0, 2778750.0], [274850.0, 2778850.0], [274650.0, 2778950.0], [274450.0, 2779050.0], [274250.0, 2779150.0], [274050.0, 2779250.0], [273850.0, 2779350.0], [273650.0, 2779450.0], [273550.0, 2779450.0], [273450.0, 2779450.0], [273350.0, 2779450.0], [273150.0, 2779550.0], [273050.0, 2779550.0], [272950.0, 2779550.0], [272850.0, 2779550.0], [272750.0, 2779550.0], [272650.0, 2779550.0], [272450.0, 2779650.0], [272350.0, 2779650.0], [272250.0, 2779650.0], [272150.0, 2779650.0], [272050.0, 2779650.0], [271850.0, 2779750.0], [271750.0, 2779750.0], [271650.0, 2779750.0], [271550.0, 2779750.0], [271450.0, 2779750.0], [271250.0, 2779650.0], [271150.0, 2779650.0], [271050.0, 2779650.0], [270950.0, 2779650.0], [270850.0, 2779650.0], [270750.0, 2779650.0], [270650.0, 2779650.0], [270550.0, 2779650.0], [270450.0, 2779650.0], [270250.0, 2779550.0], [270150.0, 2779550.0], [269950.0, 2779650.0], [269850.0, 2779650.0], [269750.0, 2779650.0], [269550.0, 2779750.0], [269450.0, 2779750.0], [269350.0, 2779750.0], [269250.0, 2779750.0], [269050.0, 2779850.0], [268950.0, 2779850.0], [268850.0, 2779850.0], [268650.0, 2779950.0], [268450.0, 2780050.0], [268250.0, 2780150.0], [268050.0, 2780250.0], [267950.0, 2780250.0], [267750.0, 2780350.0], [267650.0, 2780350.0], [267550.0, 2780350.0], [267350.0, 2780450.0], [267250.0, 2780550.0], [267050.0, 2780650.0], [266850.0, 2780750.0], [266650.0, 2780850.0], [266550.0, 2780850.0], [266450.0, 2780850.0], [266350.0, 2780950.0], [266150.0, 2781050.0], [266050.0, 2781050.0], [265950.0, 2781050.0]]}, "properties": {"point_id": 28, "emergency": "minor_illness", "season": "flood0708", "kind": "backup", "facility_cat": 71, "facility_name": "talukder clinic", "minutes": 50.0}}, {"type": "Feature", "geometry": {"type": "LineString", "coordinates": [[376750.0, 2709450.0], [376650.0, 2709350.0], [376550.0, 2709150.0], [376450.0, 2709150.0], [376350.0, 2709150.0], [376250.0, 2709150.0], [376150.0, 2709150.0], [376050.0, 2709050.0], [375950.0, 2708950.0], [375950.0, 2708850.0], [375950.0, 2708750.0], [375950.0, 2708650.0], [375850.0, 2708550.0], [375650.0, 2708650.0], [375550.0, 2708650.0], [375450.0, 2708650.0], [375350.0, 2708650.0], [375250.0, 2708650.0], [375050.0, 2708550.0], [374950.0, 2708450.0], [374950.0, 2708350.0], [374950.0, 2708250.0], [374950.0, 2708150.0], [374950.0, 2708050.0]]}, "properties": {"point_id": 29, "emergency": "childbirth_complication", "season": "dry", "kind": "primary", "facility_cat": 11, "facility_name": "Moulvibaza Sadar Hospital", "minutes": 6.0}}, {"type": "Feature", "geometry": {"type": "LineString", "coordinates": [[376750.0, 2709450.0], [376650.0, 2709650.0], [376550.0, 2709750.0], [376650.0, 2709850.0], [376550.0, 2709950.0], [376450.0, 2710050.0], [376550.0, 2710250.0], [376650.0, 2710350.0], [376750.0, 2710350.0], [376950.0, 2710450.0], [377050.0, 2710450.0], [377150.0, 2710450.0], [377250.0, 2710450.0], [377450.0, 2710550.0], [377550.0, 2710550.0], [377650.0, 2710550.0], [377750.0, 2710550.0], [377950.0, 2710450.0], [378050.0, 2710450.0], [378150.0, 2710450.0], [378250.0, 2710450.0], [378350.0, 2710450.0], [378450.0, 2710450.0], [378550.0, 2710450.0], [378750.0, 2710350.0], [378850.0, 2710350.0], [378950.0, 2710350.0], [379050.0, 2710350.0], [379150.0, 2710350.0], [379250.0, 2710350.0], [379350.0, 2710350.0], [379550.0, 2710250.0], [379650.0, 2710150.0], [379750.0, 2710150.0], [379850.0, 2710150.0], [379950.0, 2710150.0], [380050.0, 2710150.0], [380250.0, 2710250.0], [380350.0, 2710250.0], [380550.0, 2710350.0], [380750.0, 2710450.0], [380950.0, 2710550.0], [381050.0, 2710550.0], [381250.0, 2710650.0], [381450.0, 2710750.0], [381550.0, 2710750.0], [381750.0, 2710850.0], [381950.0, 2710950.0], [382150.0, 2711050.0], [382250.0, 2711150.0], [382350.0, 2711250.0], [382550.0, 2711350.0], [382650.0, 2711450.0], [382850.0, 2711550.0], [382950.0, 2711650.0], [383150.0, 2711750.0], [383250.0, 2711850.0], [383450.0, 2711950.0], [383550.0, 2711950.0], [383650.0, 2711950.0], [383850.0, 2712050.0], [383950.0, 2712150.0], [383950.0, 2712250.0], [384050.0, 2712450.0], [384050.0, 2712550.0], [384050.0, 2712650.0], [384050.0, 2712750.0], [384050.0, 2712850.0], [384050.0, 2712950.0], [384050.0, 2713050.0], [383950.0, 2713150.0], [383850.0, 2713150.0]]}, "properties": {"point_id": 29, "emergency": "childbirth_complication", "season": "dry", "kind": "backup", "facility_cat": 33, "facility_name": "Rajanagar Upazila Health Complex", "minutes": 19.0}}, {"type": "Feature", "geometry": {"type": "LineString", "coordinates": [[376750.0, 2709450.0], [376650.0, 2709350.0], [376550.0, 2709150.0], [376450.0, 2709150.0], [376350.0, 2709150.0], [376250.0, 2709150.0], [376150.0, 2709150.0], [376050.0, 2709050.0], [375950.0, 2708950.0], [375950.0, 2708850.0], [375950.0, 2708750.0], [375950.0, 2708650.0], [375850.0, 2708550.0], [375650.0, 2708650.0], [375550.0, 2708650.0], [375450.0, 2708650.0], [375350.0, 2708650.0], [375250.0, 2708650.0], [375050.0, 2708550.0], [374950.0, 2708450.0], [374950.0, 2708350.0], [374950.0, 2708250.0], [374950.0, 2708150.0], [374950.0, 2708050.0]]}, "properties": {"point_id": 29, "emergency": "childbirth_complication", "season": "flood0708", "kind": "primary", "facility_cat": 11, "facility_name": "Moulvibaza Sadar Hospital", "minutes": 6.0}}, {"type": "Feature", "geometry": {"type": "LineString", "coordinates": [[376750.0, 2709450.0], [376650.0, 2709650.0], [376550.0, 2709750.0], [376650.0, 2709850.0], [376550.0, 2709950.0], [376450.0, 2710050.0], [376550.0, 2710250.0], [376650.0, 2710350.0], [376750.0, 2710350.0], [376950.0, 2710450.0], [377050.0, 2710450.0], [377150.0, 2710450.0], [377250.0, 2710450.0], [377450.0, 2710550.0], [377550.0, 2710550.0], [377650.0, 2710550.0], [377750.0, 2710550.0], [377950.0, 2710450.0], [378050.0, 2710450.0], [378150.0, 2710450.0], [378250.0, 2710450.0], [378350.0, 2710450.0], [378450.0, 2710450.0], [378550.0, 2710450.0], [378750.0, 2710350.0], [378850.0, 2710350.0], [378950.0, 2710350.0], [379050.0, 2710350.0], [379150.0, 2710350.0], [379250.0, 2710350.0], [379350.0, 2710350.0], [379550.0, 2710250.0], [379650.0, 2710150.0], [379750.0, 2710150.0], [379850.0, 2710150.0], [379950.0, 2710150.0], [380050.0, 2710150.0], [380250.0, 2710250.0], [380350.0, 2710250.0], [380550.0, 2710350.0], [380750.0, 2710450.0], [380950.0, 2710550.0], [381050.0, 2710550.0], [381250.0, 2710650.0], [381450.0, 2710750.0], [381550.0, 2710750.0], [381750.0, 2710850.0], [381950.0, 2710950.0], [382150.0, 2711050.0], [382250.0, 2711150.0], [382350.0, 2711250.0], [382550.0, 2711350.0], [382650.0, 2711450.0], [382850.0, 2711550.0], [382950.0, 2711650.0], [383150.0, 2711750.0], [383250.0, 2711850.0], [383450.0, 2711950.0], [383550.0, 2711950.0], [383650.0, 2711950.0], [383850.0, 2712050.0], [383950.0, 2712150.0], [383950.0, 2712250.0], [384050.0, 2712450.0], [384050.0, 2712550.0], [384050.0, 2712650.0], [384050.0, 2712750.0], [384050.0, 2712850.0], [384050.0, 2712950.0], [384050.0, 2713050.0], [383950.0, 2713150.0], [383850.0, 2713150.0]]}, "properties": {"point_id": 29, "emergency": "childbirth_complication", "season": "flood0708", "kind": "backup", "facility_cat": 33, "facility_name": "Rajanagar Upazila Health Complex", "minutes": 19.0}}, {"type": "Feature", "geometry": {"type": "LineString", "coordinates": [[335750.0, 2683050.0], [335750.0, 2683150.0], [335750.0, 2683250.0], [335750.0, 2683350.0], [335850.0, 2683550.0], [335850.0, 2683650.0], [335850.0, 2683750.0], [335950.0, 2683950.0], [335950.0, 2684050.0], [336050.0, 2684250.0], [336050.0, 2684350.0], [336050.0, 2684450.0], [336150.0, 2684650.0], [336150.0, 2684750.0], [336150.0, 2684850.0], [336150.0, 2684950.0], [336250.0, 2685050.0], [336350.0, 2685150.0], [336450.0, 2685150.0], [336550.0, 2685150.0], [336650.0, 2685150.0], [336750.0, 2685150.0], [336950.0, 2685250.0], [337150.0, 2685350.0], [337250.0, 2685350.0], [337450.0, 2685450.0], [337650.0, 2685550.0], [337850.0, 2685650.0], [338050.0, 2685750.0], [338150.0, 2685850.0], [338350.0, 2685950.0], [338550.0, 2686050.0], [338650.0, 2686150.0], [338850.0, 2686250.0], [338950.0, 2686250.0], [339150.0, 2686350.0], [339250.0, 2686350.0], [339350.0, 2686350.0], [339450.0, 2686350.0], [339550.0, 2686350.0], [339650.0, 2686350.0], [339750.0, 2686350.0], [339850.0, 2686450.0], [339850.0, 2686550.0], [339950.0, 2686750.0], [339950.0, 2686850.0], [339950.0, 2686950.0], [339950.0, 2687050.0], [340050.0, 2687250.0], [340050.0, 2687350.0], [340050.0, 2687450.0], [340050.0, 2687550.0], [340150.0, 2687750.0], [340150.0, 2687850.0], [340250.0, 2687950.0], [340350.0, 2688050.0], [340450.0, 2688150.0], [340550.0, 2688250.0], [340650.0, 2688450.0], [340750.0, 2688650.0], [340850.0, 2688850.0], [340850.0, 2688950.0], [340950.0, 2689150.0], [340950.0, 2689250.0], [340950.0, 2689350.0], [341050.0, 2689550.0], [341150.0, 2689650.0], [341250.0, 2689850.0], [341350.0, 2689950.0], [341350.0, 2690050.0], [341350.0, 2690150.0], [341250.0, 2690350.0], [341250.0, 2690450.0], [341150.0, 2690650.0], [341150.0, 2690750.0], [341050.0, 2690950.0], [341050.0, 2691050.0], [341050.0, 2691150.0], [340950.0, 2691350.0], [340950.0, 2691450.0], [340850.0, 2691650.0], [340850.0, 2691750.0], [340750.0, 2691950.0], [340750.0, 2692050.0], [340750.0, 2692150.0], [340650.0, 2692350.0], [340550.0, 2692550.0], [340550.0, 2692650.0], [340550.0, 2692750.0], [340450.0, 2692950.0], [340450.0, 2693050.0], [340350.0, 2693250.0], [340350.0, 2693350.0], [340250.0, 2693550.0], [340250.0, 2693650.0], [340250.0, 2693750.0], [340150.0, 2693950.0], [340050.0, 2694150.0], [340050.0, 2694250.0], [340050.0, 2694350.0], [339950.0, 2694550.0], [339950.0, 2694650.0], [339850.0, 2694850.0], [339850.0, 2694950.0], [339750.0, 2695150.0], [339750.0, 2695250.0], [339650.0, 2695450.0], [339650.0, 2695550.0], [339650.0, 2695650.0], [339650.0, 2695750.0], [339550.0, 2695950.0], [339550.0, 2696050.0], [339450.0, 2696250.0], [339550.0, 2696450.0]]}, "properties": {"point_id": 30, "emergency": "snakebite", "season": "dry", "kind": "primary", "facility_cat": 10, "facility_name": "Habiganj General Hospital", "minutes": 28.0}}, {"type": "Feature", "geometry": {"type": "LineString", "coordinates": [[335750.0, 2683050.0], [335750.0, 2683150.0], [335750.0, 2683250.0], [335750.0, 2683350.0], [335850.0, 2683550.0], [335850.0, 2683650.0], [335850.0, 2683750.0], [335950.0, 2683950.0], [335950.0, 2684050.0], [336050.0, 2684250.0], [336050.0, 2684350.0], [336050.0, 2684450.0], [336150.0, 2684650.0], [336150.0, 2684750.0], [336150.0, 2684850.0], [336150.0, 2684950.0], [336250.0, 2685050.0], [336350.0, 2685150.0], [336450.0, 2685150.0], [336550.0, 2685150.0], [336650.0, 2685150.0], [336750.0, 2685150.0], [336950.0, 2685250.0], [337150.0, 2685350.0], [337250.0, 2685350.0], [337450.0, 2685450.0], [337650.0, 2685550.0], [337850.0, 2685650.0], [338050.0, 2685750.0], [338150.0, 2685850.0], [338350.0, 2685950.0], [338550.0, 2686050.0], [338650.0, 2686150.0], [338850.0, 2686250.0], [338950.0, 2686250.0], [339150.0, 2686350.0], [339250.0, 2686350.0], [339350.0, 2686350.0], [339450.0, 2686350.0], [339550.0, 2686350.0], [339650.0, 2686350.0], [339750.0, 2686350.0], [339850.0, 2686450.0], [339850.0, 2686550.0], [339950.0, 2686750.0], [339950.0, 2686850.0], [339950.0, 2686950.0], [339950.0, 2687050.0], [340050.0, 2687250.0], [340050.0, 2687350.0], [340050.0, 2687450.0], [340050.0, 2687550.0], [340150.0, 2687750.0], [340150.0, 2687850.0], [340250.0, 2687950.0], [340350.0, 2688050.0], [340450.0, 2688150.0], [340550.0, 2688250.0], [340650.0, 2688450.0], [340750.0, 2688650.0], [340850.0, 2688850.0], [340850.0, 2688950.0], [340950.0, 2689150.0], [340950.0, 2689250.0], [340950.0, 2689350.0], [341050.0, 2689550.0], [341150.0, 2689650.0], [341250.0, 2689850.0], [341350.0, 2689950.0], [341350.0, 2690050.0], [341350.0, 2690150.0], [341250.0, 2690350.0], [341250.0, 2690450.0], [341150.0, 2690650.0], [341150.0, 2690750.0], [341050.0, 2690950.0], [341050.0, 2691050.0], [341050.0, 2691150.0], [340950.0, 2691350.0], [340950.0, 2691450.0], [340850.0, 2691650.0], [340850.0, 2691750.0], [340750.0, 2691950.0], [340750.0, 2692050.0], [340750.0, 2692150.0], [340650.0, 2692350.0], [340550.0, 2692550.0], [340550.0, 2692650.0], [340550.0, 2692750.0], [340450.0, 2692950.0], [340450.0, 2693050.0], [340350.0, 2693250.0], [340350.0, 2693350.0], [340250.0, 2693550.0], [340250.0, 2693650.0], [340150.0, 2693850.0], [340150.0, 2693950.0], [340050.0, 2694150.0], [340050.0, 2694250.0], [340050.0, 2694350.0], [339950.0, 2694550.0], [339950.0, 2694650.0], [339850.0, 2694850.0], [339850.0, 2694950.0], [339750.0, 2695150.0], [339750.0, 2695250.0], [339650.0, 2695450.0], [339650.0, 2695550.0], [339650.0, 2695650.0], [339650.0, 2695750.0], [339550.0, 2695950.0], [339550.0, 2696050.0], [339450.0, 2696250.0], [339350.0, 2696450.0], [339450.0, 2696550.0]]}, "properties": {"point_id": 30, "emergency": "snakebite", "season": "dry", "kind": "backup", "facility_cat": 4, "facility_name": "Habiganj Medical College", "minutes": 28.0}}, {"type": "Feature", "geometry": {"type": "LineString", "coordinates": [[335750.0, 2683050.0], [335750.0, 2683150.0], [335750.0, 2683250.0], [335750.0, 2683350.0], [335850.0, 2683550.0], [335850.0, 2683650.0], [335850.0, 2683750.0], [335950.0, 2683950.0], [335950.0, 2684050.0], [336050.0, 2684250.0], [336050.0, 2684350.0], [336050.0, 2684450.0], [336150.0, 2684650.0], [336150.0, 2684750.0], [336150.0, 2684850.0], [336150.0, 2684950.0], [336250.0, 2685050.0], [336350.0, 2685150.0], [336450.0, 2685150.0], [336550.0, 2685150.0], [336650.0, 2685150.0], [336750.0, 2685150.0], [336950.0, 2685250.0], [337150.0, 2685350.0], [337250.0, 2685350.0], [337450.0, 2685450.0], [337650.0, 2685550.0], [337850.0, 2685650.0], [338050.0, 2685750.0], [338150.0, 2685850.0], [338350.0, 2685950.0], [338550.0, 2686050.0], [338650.0, 2686150.0], [338850.0, 2686250.0], [338950.0, 2686250.0], [339150.0, 2686350.0], [339250.0, 2686350.0], [339350.0, 2686350.0], [339450.0, 2686350.0], [339550.0, 2686350.0], [339650.0, 2686350.0], [339750.0, 2686350.0], [339850.0, 2686450.0], [339850.0, 2686550.0], [339950.0, 2686750.0], [339950.0, 2686850.0], [339950.0, 2686950.0], [339950.0, 2687050.0], [340050.0, 2687250.0], [340050.0, 2687350.0], [340050.0, 2687450.0], [340050.0, 2687550.0], [340150.0, 2687750.0], [340150.0, 2687850.0], [340250.0, 2687950.0], [340350.0, 2688050.0], [340450.0, 2688150.0], [340550.0, 2688250.0], [340650.0, 2688450.0], [340750.0, 2688650.0], [340850.0, 2688850.0], [340850.0, 2688950.0], [340950.0, 2689150.0], [340950.0, 2689250.0], [340950.0, 2689350.0], [341050.0, 2689550.0], [341150.0, 2689650.0], [341250.0, 2689850.0], [341350.0, 2689950.0], [341350.0, 2690050.0], [341350.0, 2690150.0], [341250.0, 2690350.0], [341250.0, 2690450.0], [341150.0, 2690650.0], [341150.0, 2690750.0], [341050.0, 2690950.0], [341050.0, 2691050.0], [341050.0, 2691150.0], [340950.0, 2691350.0], [340950.0, 2691450.0], [340850.0, 2691650.0], [340850.0, 2691750.0], [340750.0, 2691950.0], [340750.0, 2692050.0], [340750.0, 2692150.0], [340650.0, 2692350.0], [340550.0, 2692550.0], [340550.0, 2692650.0], [340550.0, 2692750.0], [340450.0, 2692950.0], [340450.0, 2693050.0], [340350.0, 2693250.0], [340350.0, 2693350.0], [340250.0, 2693550.0], [340250.0, 2693650.0], [340250.0, 2693750.0], [340150.0, 2693950.0], [340050.0, 2694150.0], [340050.0, 2694250.0], [340050.0, 2694350.0], [339950.0, 2694550.0], [339950.0, 2694650.0], [339850.0, 2694850.0], [339850.0, 2694950.0], [339750.0, 2695150.0], [339750.0, 2695250.0], [339650.0, 2695450.0], [339650.0, 2695550.0], [339650.0, 2695650.0], [339650.0, 2695750.0], [339550.0, 2695950.0], [339550.0, 2696050.0], [339450.0, 2696250.0], [339550.0, 2696450.0]]}, "properties": {"point_id": 30, "emergency": "snakebite", "season": "flood0708", "kind": "primary", "facility_cat": 10, "facility_name": "Habiganj General Hospital", "minutes": 28.0}}, {"type": "Feature", "geometry": {"type": "LineString", "coordinates": [[335750.0, 2683050.0], [335750.0, 2683150.0], [335750.0, 2683250.0], [335750.0, 2683350.0], [335850.0, 2683550.0], [335850.0, 2683650.0], [335850.0, 2683750.0], [335950.0, 2683950.0], [335950.0, 2684050.0], [336050.0, 2684250.0], [336050.0, 2684350.0], [336050.0, 2684450.0], [336150.0, 2684650.0], [336150.0, 2684750.0], [336150.0, 2684850.0], [336150.0, 2684950.0], [336250.0, 2685050.0], [336350.0, 2685150.0], [336450.0, 2685150.0], [336550.0, 2685150.0], [336650.0, 2685150.0], [336750.0, 2685150.0], [336950.0, 2685250.0], [337150.0, 2685350.0], [337250.0, 2685350.0], [337450.0, 2685450.0], [337650.0, 2685550.0], [337850.0, 2685650.0], [338050.0, 2685750.0], [338150.0, 2685850.0], [338350.0, 2685950.0], [338550.0, 2686050.0], [338650.0, 2686150.0], [338850.0, 2686250.0], [338950.0, 2686250.0], [339150.0, 2686350.0], [339250.0, 2686350.0], [339350.0, 2686350.0], [339450.0, 2686350.0], [339550.0, 2686350.0], [339650.0, 2686350.0], [339750.0, 2686350.0], [339850.0, 2686450.0], [339850.0, 2686550.0], [339950.0, 2686750.0], [339950.0, 2686850.0], [339950.0, 2686950.0], [339950.0, 2687050.0], [340050.0, 2687250.0], [340050.0, 2687350.0], [340050.0, 2687450.0], [340050.0, 2687550.0], [340150.0, 2687750.0], [340150.0, 2687850.0], [340250.0, 2687950.0], [340350.0, 2688050.0], [340450.0, 2688150.0], [340550.0, 2688250.0], [340650.0, 2688450.0], [340750.0, 2688650.0], [340850.0, 2688850.0], [340850.0, 2688950.0], [340950.0, 2689150.0], [340950.0, 2689250.0], [340950.0, 2689350.0], [341050.0, 2689550.0], [341150.0, 2689650.0], [341250.0, 2689850.0], [341350.0, 2689950.0], [341350.0, 2690050.0], [341350.0, 2690150.0], [341250.0, 2690350.0], [341250.0, 2690450.0], [341150.0, 2690650.0], [341150.0, 2690750.0], [341050.0, 2690950.0], [341050.0, 2691050.0], [341050.0, 2691150.0], [340950.0, 2691350.0], [340950.0, 2691450.0], [340850.0, 2691650.0], [340850.0, 2691750.0], [340750.0, 2691950.0], [340750.0, 2692050.0], [340750.0, 2692150.0], [340650.0, 2692350.0], [340550.0, 2692550.0], [340550.0, 2692650.0], [340550.0, 2692750.0], [340450.0, 2692950.0], [340450.0, 2693050.0], [340350.0, 2693250.0], [340350.0, 2693350.0], [340250.0, 2693550.0], [340250.0, 2693650.0], [340150.0, 2693850.0], [340150.0, 2693950.0], [340050.0, 2694150.0], [340050.0, 2694250.0], [340050.0, 2694350.0], [339950.0, 2694550.0], [339950.0, 2694650.0], [339850.0, 2694850.0], [339850.0, 2694950.0], [339750.0, 2695150.0], [339750.0, 2695250.0], [339650.0, 2695450.0], [339650.0, 2695550.0], [339650.0, 2695650.0], [339650.0, 2695750.0], [339550.0, 2695950.0], [339550.0, 2696050.0], [339450.0, 2696250.0], [339350.0, 2696450.0], [339450.0, 2696550.0]]}, "properties": {"point_id": 30, "emergency": "snakebite", "season": "flood0708", "kind": "backup", "facility_cat": 4, "facility_name": "Habiganj Medical College", "minutes": 28.0}}, {"type": "Feature", "geometry": {"type": "LineString", "coordinates": [[320550.0, 2737150.0], [320550.0, 2737250.0], [320450.0, 2737250.0], [320350.0, 2737250.0], [320150.0, 2737150.0], [319950.0, 2737050.0], [319850.0, 2736950.0], [319750.0, 2736850.0], [319750.0, 2736750.0], [319750.0, 2736650.0], [319750.0, 2736550.0], [319750.0, 2736450.0], [319750.0, 2736350.0], [319650.0, 2736150.0], [319650.0, 2736050.0], [319550.0, 2735850.0], [319450.0, 2735750.0], [319350.0, 2735650.0], [319350.0, 2735550.0], [319250.0, 2735450.0], [319150.0, 2735350.0], [319050.0, 2735250.0], [318950.0, 2735250.0], [318850.0, 2735250.0], [318750.0, 2735250.0], [318650.0, 2735250.0], [318550.0, 2735250.0], [318450.0, 2735250.0], [318350.0, 2735150.0], [318250.0, 2735050.0], [318150.0, 2734950.0], [317950.0, 2734850.0], [317850.0, 2734750.0], [317750.0, 2734650.0], [317650.0, 2734550.0], [317550.0, 2734450.0], [317450.0, 2734350.0], [317450.0, 2734250.0], [317450.0, 2734150.0], [317450.0, 2734050.0], [317450.0, 2733950.0], [317550.0, 2733750.0], [317550.0, 2733650.0], [317550.0, 2733550.0], [317550.0, 2733450.0], [317650.0, 2733250.0], [317650.0, 2733150.0], [317650.0, 2733050.0], [317650.0, 2732950.0], [317650.0, 2732850.0], [317650.0, 2732750.0], [317550.0, 2732550.0], [317450.0, 2732450.0], [317350.0, 2732550.0], [317250.0, 2732650.0], [317150.0, 2732750.0], [317050.0, 2732850.0], [316950.0, 2732950.0], [316850.0, 2733050.0], [316750.0, 2733150.0], [316650.0, 2733250.0], [316550.0, 2733350.0], [316450.0, 2733350.0], [316250.0, 2733450.0], [316050.0, 2733350.0], [315850.0, 2733250.0], [315650.0, 2733150.0], [315450.0, 2733250.0], [315350.0, 2733250.0], [315250.0, 2733250.0], [315150.0, 2733250.0], [315050.0, 2733250.0], [314950.0, 2733250.0], [314750.0, 2733350.0], [314650.0, 2733450.0], [314550.0, 2733450.0], [314450.0, 2733450.0], [314350.0, 2733450.0], [314250.0, 2733450.0], [314050.0, 2733550.0], [313950.0, 2733450.0], [313850.0, 2733350.0], [313750.0, 2733150.0], [313650.0, 2732950.0], [313550.0, 2732850.0], [313550.0, 2732750.0], [313550.0, 2732650.0], [313450.0, 2732450.0], [313450.0, 2732350.0], [313350.0, 2732250.0], [313150.0, 2732350.0], [313050.0, 2732350.0], [312950.0, 2732250.0], [312850.0, 2732150.0], [312750.0, 2732050.0], [312650.0, 2731950.0], [312550.0, 2731850.0], [312450.0, 2731850.0], [312350.0, 2731850.0], [312150.0, 2731950.0], [312050.0, 2731950.0], [311950.0, 2731950.0], [311850.0, 2731850.0], [311750.0, 2731750.0]]}, "properties": {"point_id": 31, "emergency": "injury_drowning", "season": "dry", "kind": "primary", "facility_cat": 47, "facility_name": "OSM 6574122409 (bangla name)", "minutes": 52.0}}, {"type": "Feature", "geometry": {"type": "LineString", "coordinates": [[320550.0, 2737150.0], [320650.0, 2737050.0], [320550.0, 2736950.0], [320450.0, 2736850.0], [320350.0, 2736750.0], [320250.0, 2736650.0], [320250.0, 2736550.0], [320350.0, 2736350.0], [320450.0, 2736250.0], [320550.0, 2736250.0], [320650.0, 2736150.0], [320750.0, 2736050.0], [320850.0, 2735950.0], [320850.0, 2735850.0], [320850.0, 2735750.0], [320950.0, 2735550.0], [321050.0, 2735350.0], [321150.0, 2735150.0], [321150.0, 2735050.0], [321150.0, 2734950.0], [321150.0, 2734850.0], [321150.0, 2734750.0], [321150.0, 2734650.0], [321150.0, 2734550.0], [321150.0, 2734450.0], [321150.0, 2734350.0], [321150.0, 2734250.0], [321150.0, 2734150.0], [321150.0, 2734050.0], [321250.0, 2733850.0], [321250.0, 2733750.0], [321250.0, 2733650.0], [321250.0, 2733550.0], [321350.0, 2733350.0], [321350.0, 2733250.0], [321450.0, 2733050.0], [321550.0, 2732950.0], [321650.0, 2732850.0], [321750.0, 2732750.0], [321850.0, 2732650.0], [321950.0, 2732550.0], [322050.0, 2732450.0], [322150.0, 2732350.0], [322250.0, 2732250.0], [322450.0, 2732150.0], [322550.0, 2732050.0], [322650.0, 2732050.0], [322750.0, 2731950.0], [322850.0, 2731850.0], [322950.0, 2731750.0], [323050.0, 2731650.0], [323050.0, 2731550.0], [323050.0, 2731450.0], [323150.0, 2731250.0], [323150.0, 2731150.0], [323250.0, 2731050.0], [323450.0, 2730950.0], [323550.0, 2730850.0], [323650.0, 2730750.0], [323750.0, 2730550.0], [323850.0, 2730350.0], [323950.0, 2730250.0], [324050.0, 2730050.0], [324050.0, 2729950.0], [324050.0, 2729850.0], [324050.0, 2729750.0], [324150.0, 2729550.0], [324250.0, 2729350.0], [324350.0, 2729150.0], [324450.0, 2728950.0], [324450.0, 2728850.0], [324450.0, 2728750.0], [324450.0, 2728650.0], [324550.0, 2728450.0], [324650.0, 2728250.0], [324650.0, 2728150.0], [324650.0, 2728050.0], [324650.0, 2727950.0], [324750.0, 2727750.0], [324850.0, 2727650.0], [324950.0, 2727550.0], [325050.0, 2727450.0], [325150.0, 2727250.0], [325150.0, 2727150.0], [325050.0, 2727050.0], [324950.0, 2726950.0], [324950.0, 2726850.0], [324850.0, 2726650.0], [324750.0, 2726550.0], [324650.0, 2726350.0], [324650.0, 2726250.0], [324550.0, 2726050.0], [324550.0, 2725950.0], [324450.0, 2725850.0], [324350.0, 2725750.0], [324250.0, 2725650.0], [324050.0, 2725550.0], [323950.0, 2725550.0], [323850.0, 2725550.0], [323750.0, 2725450.0], [323650.0, 2725250.0], [323650.0, 2725150.0], [323650.0, 2725050.0], [323650.0, 2724950.0], [323750.0, 2724750.0], [323750.0, 2724650.0], [323750.0, 2724550.0], [323850.0, 2724450.0], [323950.0, 2724350.0], [324050.0, 2724250.0], [324150.0, 2724150.0], [324250.0, 2724150.0], [324350.0, 2724050.0], [324450.0, 2723850.0], [324350.0, 2723750.0], [324250.0, 2723650.0], [324150.0, 2723550.0], [324050.0, 2723450.0], [323950.0, 2723250.0], [324050.0, 2723050.0], [324050.0, 2722950.0], [324050.0, 2722850.0], [324050.0, 2722750.0], [324050.0, 2722650.0], [323950.0, 2722550.0], [323850.0, 2722550.0], [323750.0, 2722550.0], [323650.0, 2722550.0], [323550.0, 2722550.0], [323450.0, 2722550.0], [323250.0, 2722450.0], [323050.0, 2722350.0], [322950.0, 2722250.0], [322850.0, 2722150.0], [322750.0, 2722050.0], [322650.0, 2722050.0], [322450.0, 2721950.0], [322250.0, 2721850.0], [322050.0, 2721750.0], [321950.0, 2721650.0], [321850.0, 2721550.0], [321850.0, 2721450.0], [321750.0, 2721250.0], [321750.0, 2721150.0], [321850.0, 2720950.0], [321950.0, 2720850.0], [321950.0, 2720750.0], [321950.0, 2720650.0], [322050.0, 2720550.0], [322150.0, 2720550.0], [322250.0, 2720450.0], [322350.0, 2720350.0], [322450.0, 2720250.0], [322550.0, 2720350.0], [322650.0, 2720450.0], [322750.0, 2720450.0], [322950.0, 2720350.0], [323050.0, 2720350.0], [323150.0, 2720350.0], [323250.0, 2720250.0], [323250.0, 2720150.0], [323250.0, 2720050.0], [323250.0, 2719950.0], [323250.0, 2719850.0], [323350.0, 2719750.0], [323350.0, 2719650.0], [323350.0, 2719550.0], [323350.0, 2719450.0], [323350.0, 2719350.0], [323250.0, 2719250.0], [323150.0, 2719150.0], [322950.0, 2719050.0], [322750.0, 2718950.0], [322650.0, 2718950.0], [322550.0, 2718950.0], [322350.0, 2718850.0], [322250.0, 2718850.0], [322050.0, 2718950.0], [321950.0, 2718950.0], [321850.0, 2718950.0], [321750.0, 2718950.0], [321650.0, 2718850.0], [321550.0, 2718750.0], [321550.0, 2718650.0], [321550.0, 2718550.0], [321450.0, 2718350.0], [321350.0, 2718250.0], [321250.0, 2718150.0], [321150.0, 2718050.0], [321150.0, 2717950.0], [321150.0, 2717850.0], [321050.0, 2717650.0], [321150.0, 2717450.0], [321150.0, 2717350.0], [321150.0, 2717250.0], [321150.0, 2717150.0], [321050.0, 2716950.0], [320950.0, 2716850.0], [321050.0, 2716650.0], [321150.0, 2716550.0], [321250.0, 2716450.0]]}, "properties": {"point_id": 31, "emergency": "injury_drowning", "season": "dry", "kind": "backup", "facility_cat": 30, "facility_name": "Ajmiriganj Upazila Health Complex", "minutes": 99.0}}, {"type": "Feature", "geometry": {"type": "LineString", "coordinates": [[320550.0, 2737150.0], [320550.0, 2737250.0], [320450.0, 2737250.0], [320350.0, 2737250.0], [320150.0, 2737150.0], [319950.0, 2737050.0], [319850.0, 2736950.0], [319750.0, 2736850.0], [319750.0, 2736750.0], [319750.0, 2736650.0], [319750.0, 2736550.0], [319750.0, 2736450.0], [319750.0, 2736350.0], [319650.0, 2736150.0], [319650.0, 2736050.0], [319550.0, 2735850.0], [319450.0, 2735750.0], [319350.0, 2735650.0], [319350.0, 2735550.0], [319250.0, 2735450.0], [319150.0, 2735350.0], [319050.0, 2735250.0], [318950.0, 2735250.0], [318850.0, 2735250.0], [318750.0, 2735250.0], [318650.0, 2735250.0], [318550.0, 2735250.0], [318450.0, 2735250.0], [318350.0, 2735150.0], [318250.0, 2735050.0], [318150.0, 2734950.0], [317950.0, 2734850.0], [317850.0, 2734750.0], [317750.0, 2734650.0], [317650.0, 2734550.0], [317550.0, 2734450.0], [317450.0, 2734350.0], [317450.0, 2734250.0], [317450.0, 2734150.0], [317450.0, 2734050.0], [317450.0, 2733950.0], [317550.0, 2733750.0], [317550.0, 2733650.0], [317550.0, 2733550.0], [317550.0, 2733450.0], [317650.0, 2733250.0], [317650.0, 2733150.0], [317650.0, 2733050.0], [317650.0, 2732950.0], [317650.0, 2732850.0], [317650.0, 2732750.0], [317550.0, 2732550.0], [317450.0, 2732450.0], [317350.0, 2732550.0], [317250.0, 2732650.0], [317150.0, 2732750.0], [317050.0, 2732850.0], [316950.0, 2732950.0], [316850.0, 2733050.0], [316750.0, 2733150.0], [316650.0, 2733250.0], [316550.0, 2733350.0], [316450.0, 2733350.0], [316250.0, 2733450.0], [316050.0, 2733350.0], [315850.0, 2733250.0], [315650.0, 2733150.0], [315450.0, 2733250.0], [315350.0, 2733250.0], [315250.0, 2733250.0], [315150.0, 2733250.0], [315050.0, 2733250.0], [314950.0, 2733250.0], [314750.0, 2733350.0], [314650.0, 2733450.0], [314550.0, 2733450.0], [314450.0, 2733450.0], [314350.0, 2733450.0], [314250.0, 2733450.0], [314050.0, 2733550.0], [313950.0, 2733450.0], [313850.0, 2733350.0], [313750.0, 2733150.0], [313650.0, 2732950.0], [313550.0, 2732850.0], [313550.0, 2732750.0], [313550.0, 2732650.0], [313450.0, 2732450.0], [313450.0, 2732350.0], [313350.0, 2732250.0], [313150.0, 2732350.0], [313050.0, 2732350.0], [312950.0, 2732250.0], [312850.0, 2732150.0], [312750.0, 2732050.0], [312650.0, 2731950.0], [312550.0, 2731850.0], [312450.0, 2731850.0], [312350.0, 2731850.0], [312150.0, 2731950.0], [312050.0, 2731950.0], [311950.0, 2731950.0], [311850.0, 2731850.0], [311750.0, 2731750.0]]}, "properties": {"point_id": 31, "emergency": "injury_drowning", "season": "flood0708", "kind": "primary", "facility_cat": 47, "facility_name": "OSM 6574122409 (bangla name)", "minutes": 52.0}}, {"type": "Feature", "geometry": {"type": "LineString", "coordinates": [[320550.0, 2737150.0], [320650.0, 2737050.0], [320550.0, 2736950.0], [320450.0, 2736850.0], [320350.0, 2736750.0], [320250.0, 2736650.0], [320250.0, 2736550.0], [320350.0, 2736350.0], [320450.0, 2736250.0], [320550.0, 2736250.0], [320650.0, 2736150.0], [320750.0, 2736050.0], [320850.0, 2735950.0], [320850.0, 2735850.0], [320850.0, 2735750.0], [320950.0, 2735550.0], [320950.0, 2735450.0], [320850.0, 2735250.0], [320750.0, 2735150.0], [320650.0, 2735050.0], [320650.0, 2734950.0], [320650.0, 2734850.0], [320650.0, 2734750.0], [320650.0, 2734650.0], [320650.0, 2734550.0], [320650.0, 2734450.0], [320650.0, 2734350.0], [320650.0, 2734250.0], [320650.0, 2734150.0], [320650.0, 2734050.0], [320650.0, 2733950.0], [320650.0, 2733850.0], [320650.0, 2733750.0], [320650.0, 2733650.0], [320550.0, 2733450.0], [320550.0, 2733350.0], [320550.0, 2733250.0], [320550.0, 2733150.0], [320550.0, 2733050.0], [320650.0, 2732850.0], [320650.0, 2732750.0], [320650.0, 2732650.0], [320650.0, 2732550.0], [320650.0, 2732450.0], [320650.0, 2732350.0], [320650.0, 2732250.0], [320650.0, 2732150.0], [320750.0, 2731950.0], [320750.0, 2731850.0], [320750.0, 2731750.0], [320650.0, 2731550.0], [320650.0, 2731450.0], [320550.0, 2731250.0], [320550.0, 2731150.0], [320650.0, 2730950.0], [320750.0, 2730750.0], [320850.0, 2730650.0], [320950.0, 2730550.0], [321050.0, 2730450.0], [321150.0, 2730250.0], [321150.0, 2730150.0], [321250.0, 2730050.0], [321350.0, 2730050.0], [321550.0, 2729950.0], [321650.0, 2729850.0], [321750.0, 2729750.0], [321950.0, 2729650.0], [322050.0, 2729550.0], [322150.0, 2729450.0], [322250.0, 2729350.0], [322350.0, 2729250.0], [322450.0, 2729150.0], [322550.0, 2728950.0], [322650.0, 2728850.0], [322750.0, 2728750.0], [322850.0, 2728650.0], [322750.0, 2728450.0], [322750.0, 2728350.0], [322650.0, 2728150.0], [322650.0, 2728050.0], [322650.0, 2727950.0], [322750.0, 2727750.0], [322750.0, 2727650.0], [322650.0, 2727450.0], [322650.0, 2727350.0], [322750.0, 2727250.0], [322850.0, 2727150.0], [322950.0, 2727150.0], [323050.0, 2727050.0], [323150.0, 2726850.0], [323250.0, 2726750.0], [323450.0, 2726650.0], [323550.0, 2726550.0], [323650.0, 2726450.0], [323650.0, 2726350.0], [323650.0, 2726250.0], [323750.0, 2726050.0], [323750.0, 2725950.0], [323750.0, 2725850.0], [323750.0, 2725750.0], [323750.0, 2725650.0], [323750.0, 2725550.0], [323750.0, 2725450.0], [323650.0, 2725250.0], [323650.0, 2725150.0], [323650.0, 2725050.0], [323650.0, 2724950.0], [323750.0, 2724750.0], [323750.0, 2724650.0], [323750.0, 2724550.0], [323850.0, 2724450.0], [323950.0, 2724350.0], [324050.0, 2724250.0], [324150.0, 2724150.0], [324250.0, 2724150.0], [324350.0, 2724050.0], [324450.0, 2723850.0], [324350.0, 2723750.0], [324250.0, 2723650.0], [324150.0, 2723550.0], [324050.0, 2723450.0], [323950.0, 2723250.0], [324050.0, 2723050.0], [324050.0, 2722950.0], [324050.0, 2722850.0], [324050.0, 2722750.0], [324050.0, 2722650.0], [323950.0, 2722550.0], [323850.0, 2722550.0], [323750.0, 2722550.0], [323650.0, 2722550.0], [323550.0, 2722550.0], [323450.0, 2722550.0], [323250.0, 2722450.0], [323050.0, 2722350.0], [322950.0, 2722250.0], [322850.0, 2722150.0], [322750.0, 2722050.0], [322650.0, 2722050.0], [322450.0, 2721950.0], [322250.0, 2721850.0], [322050.0, 2721750.0], [321950.0, 2721650.0], [321850.0, 2721550.0], [321850.0, 2721450.0], [321750.0, 2721250.0], [321750.0, 2721150.0], [321850.0, 2720950.0], [321950.0, 2720850.0], [321950.0, 2720750.0], [321950.0, 2720650.0], [322050.0, 2720550.0], [322150.0, 2720550.0], [322250.0, 2720450.0], [322350.0, 2720350.0], [322450.0, 2720250.0], [322550.0, 2720350.0], [322650.0, 2720450.0], [322750.0, 2720450.0], [322950.0, 2720350.0], [323050.0, 2720350.0], [323150.0, 2720350.0], [323250.0, 2720250.0], [323250.0, 2720150.0], [323250.0, 2720050.0], [323250.0, 2719950.0], [323250.0, 2719850.0], [323350.0, 2719750.0], [323350.0, 2719650.0], [323350.0, 2719550.0], [323350.0, 2719450.0], [323350.0, 2719350.0], [323250.0, 2719250.0], [323150.0, 2719150.0], [322950.0, 2719050.0], [322750.0, 2718950.0], [322650.0, 2718950.0], [322550.0, 2718950.0], [322350.0, 2718850.0], [322250.0, 2718850.0], [322050.0, 2718950.0], [321950.0, 2718950.0], [321850.0, 2718950.0], [321750.0, 2718950.0], [321650.0, 2718850.0], [321650.0, 2718750.0], [321650.0, 2718650.0], [321550.0, 2718450.0], [321450.0, 2718350.0], [321350.0, 2718250.0], [321250.0, 2718150.0], [321150.0, 2718050.0], [321150.0, 2717950.0], [321150.0, 2717850.0], [321050.0, 2717650.0], [321150.0, 2717450.0], [321150.0, 2717350.0], [321150.0, 2717250.0], [321150.0, 2717150.0], [321050.0, 2716950.0], [320950.0, 2716850.0], [321050.0, 2716650.0], [321150.0, 2716550.0], [321250.0, 2716450.0]]}, "properties": {"point_id": 31, "emergency": "injury_drowning", "season": "flood0708", "kind": "backup", "facility_cat": 30, "facility_name": "Ajmiriganj Upazila Health Complex", "minutes": 103.0}}, {"type": "Feature", "geometry": {"type": "LineString", "coordinates": [[364250.0, 2680550.0], [364150.0, 2680750.0], [364050.0, 2680750.0], [363950.0, 2680850.0], [363950.0, 2680950.0], [364050.0, 2681150.0], [364050.0, 2681250.0], [364050.0, 2681350.0], [364050.0, 2681450.0], [364150.0, 2681550.0], [364250.0, 2681550.0], [364450.0, 2681450.0], [364550.0, 2681450.0], [364650.0, 2681450.0], [364750.0, 2681450.0], [364850.0, 2681450.0], [364950.0, 2681450.0], [365050.0, 2681450.0], [365250.0, 2681350.0], [365350.0, 2681350.0], [365550.0, 2681250.0], [365750.0, 2681150.0], [365950.0, 2681050.0], [366050.0, 2680950.0], [366250.0, 2680850.0], [366350.0, 2680750.0], [366450.0, 2680650.0], [366550.0, 2680650.0], [366650.0, 2680650.0], [366750.0, 2680750.0], [366850.0, 2680950.0], [366950.0, 2681050.0], [367050.0, 2681250.0], [367150.0, 2681450.0], [367250.0, 2681650.0], [367350.0, 2681850.0], [367450.0, 2681950.0], [367550.0, 2682150.0], [367650.0, 2682250.0], [367750.0, 2682350.0], [367850.0, 2682450.0], [367950.0, 2682550.0], [368050.0, 2682650.0], [368150.0, 2682750.0], [368350.0, 2682850.0], [368450.0, 2682950.0], [368550.0, 2683050.0], [368650.0, 2683150.0], [368850.0, 2683250.0], [368950.0, 2683350.0], [369050.0, 2683450.0], [369150.0, 2683550.0], [369250.0, 2683650.0], [369350.0, 2683750.0], [369450.0, 2683850.0], [369550.0, 2683950.0], [369650.0, 2684050.0], [369750.0, 2684150.0], [369850.0, 2684250.0], [369950.0, 2684350.0], [369950.0, 2684450.0], [369950.0, 2684550.0], [369950.0, 2684650.0], [370050.0, 2684850.0], [370050.0, 2684950.0], [370150.0, 2685150.0], [370250.0, 2685350.0], [370250.0, 2685450.0], [370350.0, 2685650.0], [370350.0, 2685750.0], [370350.0, 2685850.0], [370350.0, 2685950.0], [370350.0, 2686050.0], [370350.0, 2686150.0], [370350.0, 2686250.0], [370350.0, 2686350.0], [370450.0, 2686550.0], [370450.0, 2686650.0], [370450.0, 2686750.0], [370550.0, 2686950.0], [370550.0, 2687050.0], [370550.0, 2687150.0], [370650.0, 2687350.0], [370650.0, 2687450.0], [370750.0, 2687650.0], [370850.0, 2687850.0], [370850.0, 2687950.0], [370950.0, 2688150.0], [370950.0, 2688250.0], [371050.0, 2688350.0], [371150.0, 2688350.0], [371350.0, 2688450.0], [371450.0, 2688450.0], [371550.0, 2688350.0], [371650.0, 2688250.0], [371750.0, 2688150.0]]}, "properties": {"point_id": 32, "emergency": "minor_illness", "season": "dry", "kind": "primary", "facility_cat": 35, "facility_name": "Sreemangal Upazila Health Complex", "minutes": 46.0}}, {"type": "Feature", "geometry": {"type": "LineString", "coordinates": [[364250.0, 2680550.0], [364150.0, 2680750.0], [364050.0, 2680750.0], [363950.0, 2680850.0], [363950.0, 2680950.0], [364050.0, 2681150.0], [364050.0, 2681250.0], [364050.0, 2681350.0], [364050.0, 2681450.0], [364150.0, 2681550.0], [364250.0, 2681550.0], [364450.0, 2681450.0], [364550.0, 2681450.0], [364650.0, 2681450.0], [364750.0, 2681450.0], [364850.0, 2681450.0], [364950.0, 2681450.0], [365050.0, 2681450.0], [365250.0, 2681350.0], [365350.0, 2681350.0], [365550.0, 2681250.0], [365750.0, 2681150.0], [365950.0, 2681050.0], [366050.0, 2680950.0], [366250.0, 2680850.0], [366350.0, 2680750.0], [366450.0, 2680650.0], [366550.0, 2680650.0], [366650.0, 2680650.0], [366750.0, 2680750.0], [366850.0, 2680950.0], [366950.0, 2681050.0], [367050.0, 2681250.0], [367150.0, 2681450.0], [367250.0, 2681650.0], [367350.0, 2681850.0], [367450.0, 2681950.0], [367550.0, 2682150.0], [367650.0, 2682250.0], [367750.0, 2682350.0], [367850.0, 2682450.0], [367950.0, 2682550.0], [368050.0, 2682650.0], [368150.0, 2682750.0], [368350.0, 2682850.0], [368450.0, 2682950.0], [368550.0, 2683050.0], [368650.0, 2683150.0], [368850.0, 2683250.0], [368950.0, 2683350.0], [369050.0, 2683450.0], [369150.0, 2683550.0], [369250.0, 2683650.0], [369350.0, 2683750.0], [369450.0, 2683850.0], [369550.0, 2683950.0], [369650.0, 2684050.0], [369750.0, 2684150.0], [369850.0, 2684250.0], [369950.0, 2684350.0], [369950.0, 2684450.0], [369950.0, 2684550.0], [369950.0, 2684650.0], [370050.0, 2684850.0], [370050.0, 2684950.0], [370150.0, 2685150.0], [370250.0, 2685350.0], [370250.0, 2685450.0], [370350.0, 2685650.0], [370350.0, 2685750.0], [370350.0, 2685850.0], [370350.0, 2685950.0], [370350.0, 2686050.0], [370350.0, 2686150.0], [370350.0, 2686250.0], [370350.0, 2686350.0], [370450.0, 2686550.0], [370450.0, 2686650.0], [370450.0, 2686750.0], [370550.0, 2686950.0], [370550.0, 2687050.0], [370550.0, 2687150.0], [370650.0, 2687350.0], [370650.0, 2687450.0], [370750.0, 2687650.0], [370850.0, 2687850.0], [370850.0, 2687950.0], [370950.0, 2688150.0], [370950.0, 2688250.0], [371050.0, 2688350.0], [371150.0, 2688350.0], [371350.0, 2688450.0], [371450.0, 2688450.0], [371550.0, 2688450.0], [371650.0, 2688550.0], [371750.0, 2688650.0], [371750.0, 2688750.0], [371750.0, 2688850.0], [371650.0, 2688950.0], [371550.0, 2689150.0], [371550.0, 2689250.0]]}, "properties": {"point_id": 32, "emergency": "minor_illness", "season": "dry", "kind": "backup", "facility_cat": 99, "facility_name": "Mazumder Nursing Clinic", "minutes": 46.0}}, {"type": "Feature", "geometry": {"type": "LineString", "coordinates": [[364250.0, 2680550.0], [364150.0, 2680750.0], [364050.0, 2680750.0], [363950.0, 2680850.0], [363950.0, 2680950.0], [364050.0, 2681150.0], [364050.0, 2681250.0], [364050.0, 2681350.0], [364150.0, 2681350.0], [364350.0, 2681450.0], [364450.0, 2681450.0], [364550.0, 2681450.0], [364650.0, 2681450.0], [364750.0, 2681450.0], [364850.0, 2681450.0], [364950.0, 2681450.0], [365050.0, 2681550.0], [365050.0, 2681650.0], [365050.0, 2681750.0], [365050.0, 2681850.0], [365150.0, 2681950.0], [365250.0, 2681950.0], [365350.0, 2682050.0], [365450.0, 2682150.0], [365550.0, 2682350.0], [365550.0, 2682450.0], [365550.0, 2682550.0], [365650.0, 2682750.0], [365750.0, 2682950.0], [365750.0, 2683050.0], [365750.0, 2683150.0], [365850.0, 2683250.0], [365950.0, 2683350.0], [365950.0, 2683450.0], [365950.0, 2683550.0], [366050.0, 2683650.0], [366150.0, 2683650.0], [366250.0, 2683650.0], [366350.0, 2683650.0], [366450.0, 2683650.0], [366550.0, 2683650.0], [366650.0, 2683650.0], [366750.0, 2683750.0], [366750.0, 2683850.0], [366750.0, 2683950.0], [366750.0, 2684050.0], [366750.0, 2684150.0], [366850.0, 2684350.0], [366850.0, 2684450.0], [366950.0, 2684650.0], [366850.0, 2684750.0], [366750.0, 2684850.0], [366750.0, 2684950.0], [366750.0, 2685050.0], [366750.0, 2685150.0], [366750.0, 2685250.0], [366850.0, 2685350.0], [366950.0, 2685450.0], [366950.0, 2685550.0], [366950.0, 2685650.0], [366850.0, 2685750.0], [366850.0, 2685850.0], [366850.0, 2685950.0], [366950.0, 2685950.0], [367050.0, 2686050.0], [367150.0, 2686150.0], [367150.0, 2686250.0], [367150.0, 2686350.0], [367150.0, 2686450.0], [367250.0, 2686550.0], [367350.0, 2686550.0], [367450.0, 2686550.0], [367550.0, 2686550.0], [367650.0, 2686550.0], [367750.0, 2686550.0], [367850.0, 2686550.0], [367950.0, 2686550.0], [368050.0, 2686550.0], [368150.0, 2686550.0], [368250.0, 2686550.0], [368350.0, 2686550.0], [368450.0, 2686550.0], [368550.0, 2686550.0], [368650.0, 2686550.0], [368850.0, 2686650.0], [368950.0, 2686750.0], [369050.0, 2686950.0], [369050.0, 2687050.0], [368950.0, 2687250.0], [369050.0, 2687450.0], [369050.0, 2687550.0], [368950.0, 2687750.0], [369050.0, 2687950.0], [369050.0, 2688050.0], [369050.0, 2688150.0], [369150.0, 2688250.0], [369250.0, 2688250.0], [369350.0, 2688250.0], [369450.0, 2688250.0], [369550.0, 2688250.0], [369650.0, 2688250.0], [369750.0, 2688250.0], [369850.0, 2688250.0], [370050.0, 2688350.0], [370150.0, 2688450.0], [370250.0, 2688550.0], [370350.0, 2688650.0], [370550.0, 2688750.0], [370650.0, 2688850.0], [370750.0, 2688950.0], [370850.0, 2688950.0], [371050.0, 2689050.0], [371150.0, 2689050.0], [371250.0, 2689150.0], [371450.0, 2689250.0]]}, "properties": {"point_id": 32, "emergency": "minor_illness", "season": "flood0708", "kind": "primary", "facility_cat": 100, "facility_name": "Dipshikha Infertility Center", "minutes": 69.0}}, {"type": "Feature", "geometry": {"type": "LineString", "coordinates": [[364250.0, 2680550.0], [364150.0, 2680750.0], [364050.0, 2680750.0], [363950.0, 2680850.0], [363950.0, 2680950.0], [364050.0, 2681150.0], [364050.0, 2681250.0], [364050.0, 2681350.0], [364150.0, 2681350.0], [364350.0, 2681450.0], [364450.0, 2681450.0], [364550.0, 2681450.0], [364650.0, 2681450.0], [364750.0, 2681450.0], [364850.0, 2681450.0], [364950.0, 2681450.0], [365050.0, 2681550.0], [365050.0, 2681650.0], [365050.0, 2681750.0], [365050.0, 2681850.0], [365150.0, 2681950.0], [365250.0, 2681950.0], [365350.0, 2682050.0], [365450.0, 2682150.0], [365550.0, 2682350.0], [365550.0, 2682450.0], [365550.0, 2682550.0], [365650.0, 2682750.0], [365750.0, 2682950.0], [365750.0, 2683050.0], [365750.0, 2683150.0], [365850.0, 2683250.0], [365950.0, 2683350.0], [365950.0, 2683450.0], [365950.0, 2683550.0], [366050.0, 2683650.0], [366150.0, 2683650.0], [366250.0, 2683650.0], [366350.0, 2683650.0], [366450.0, 2683650.0], [366550.0, 2683650.0], [366650.0, 2683650.0], [366750.0, 2683750.0], [366750.0, 2683850.0], [366750.0, 2683950.0], [366750.0, 2684050.0], [366750.0, 2684150.0], [366850.0, 2684350.0], [366850.0, 2684450.0], [366950.0, 2684650.0], [366850.0, 2684750.0], [366750.0, 2684850.0], [366750.0, 2684950.0], [366750.0, 2685050.0], [366750.0, 2685150.0], [366750.0, 2685250.0], [366850.0, 2685350.0], [366950.0, 2685450.0], [366950.0, 2685550.0], [366950.0, 2685650.0], [366850.0, 2685750.0], [366850.0, 2685850.0], [366850.0, 2685950.0], [366950.0, 2685950.0], [367050.0, 2686050.0], [367150.0, 2686150.0], [367150.0, 2686250.0], [367150.0, 2686350.0], [367150.0, 2686450.0], [367250.0, 2686550.0], [367350.0, 2686550.0], [367450.0, 2686550.0], [367550.0, 2686550.0], [367650.0, 2686550.0], [367750.0, 2686550.0], [367850.0, 2686550.0], [367950.0, 2686550.0], [368050.0, 2686550.0], [368150.0, 2686550.0], [368250.0, 2686550.0], [368350.0, 2686550.0], [368450.0, 2686550.0], [368550.0, 2686550.0], [368650.0, 2686550.0], [368850.0, 2686650.0], [368950.0, 2686750.0], [369050.0, 2686950.0], [369050.0, 2687050.0], [368950.0, 2687250.0], [369050.0, 2687450.0], [369050.0, 2687550.0], [368950.0, 2687750.0], [369050.0, 2687950.0], [369050.0, 2688050.0], [369050.0, 2688150.0], [369150.0, 2688250.0], [369250.0, 2688250.0], [369350.0, 2688250.0], [369450.0, 2688250.0], [369550.0, 2688250.0], [369650.0, 2688250.0], [369750.0, 2688250.0], [369850.0, 2688250.0], [370050.0, 2688350.0], [370150.0, 2688450.0], [370250.0, 2688550.0], [370350.0, 2688650.0], [370450.0, 2688750.0], [370650.0, 2688850.0], [370750.0, 2688950.0], [370850.0, 2688950.0], [371050.0, 2689050.0], [371150.0, 2689050.0], [371350.0, 2689150.0], [371550.0, 2689250.0]]}, "properties": {"point_id": 32, "emergency": "minor_illness", "season": "flood0708", "kind": "backup", "facility_cat": 99, "facility_name": "Mazumder Nursing Clinic", "minutes": 69.0}}, {"type": "Feature", "geometry": {"type": "LineString", "coordinates": [[293550.0, 2763050.0], [293650.0, 2763150.0], [293650.0, 2763250.0], [293650.0, 2763350.0], [293650.0, 2763450.0], [293750.0, 2763550.0], [293850.0, 2763550.0], [293950.0, 2763550.0], [294050.0, 2763550.0], [294250.0, 2763650.0], [294450.0, 2763550.0], [294550.0, 2763550.0], [294650.0, 2763550.0], [294750.0, 2763550.0], [294850.0, 2763550.0], [295050.0, 2763450.0], [295150.0, 2763450.0], [295350.0, 2763350.0], [295450.0, 2763350.0], [295550.0, 2763350.0], [295650.0, 2763350.0], [295750.0, 2763350.0], [295850.0, 2763350.0], [296050.0, 2763250.0], [296150.0, 2763150.0], [296150.0, 2763050.0], [296250.0, 2762850.0], [296350.0, 2762650.0], [296450.0, 2762450.0], [296550.0, 2762350.0], [296650.0, 2762150.0], [296750.0, 2761950.0], [296750.0, 2761850.0], [296850.0, 2761650.0], [296950.0, 2761450.0], [297050.0, 2761250.0], [297150.0, 2761050.0], [297250.0, 2760850.0], [297350.0, 2760750.0], [297450.0, 2760650.0], [297550.0, 2760650.0], [297750.0, 2760550.0], [297850.0, 2760550.0], [297950.0, 2760450.0], [297950.0, 2760350.0], [298050.0, 2760150.0], [298050.0, 2760050.0], [298050.0, 2759950.0], [298150.0, 2759750.0], [298150.0, 2759650.0], [298150.0, 2759550.0], [298150.0, 2759450.0], [298150.0, 2759350.0], [298150.0, 2759250.0], [298150.0, 2759150.0], [298150.0, 2759050.0], [298150.0, 2758950.0], [298150.0, 2758850.0], [298150.0, 2758750.0], [298150.0, 2758650.0], [298150.0, 2758550.0], [298150.0, 2758450.0], [298150.0, 2758350.0], [298150.0, 2758250.0], [298150.0, 2758150.0], [298150.0, 2758050.0], [298150.0, 2757950.0], [298150.0, 2757850.0], [298150.0, 2757750.0], [298250.0, 2757550.0], [298250.0, 2757450.0], [298250.0, 2757350.0], [298250.0, 2757250.0], [298250.0, 2757150.0], [298350.0, 2756950.0], [298450.0, 2756750.0], [298550.0, 2756550.0], [298650.0, 2756350.0], [298650.0, 2756250.0], [298650.0, 2756150.0], [298650.0, 2756050.0], [298650.0, 2755950.0], [298650.0, 2755850.0], [298750.0, 2755750.0], [298850.0, 2755650.0], [298950.0, 2755550.0], [299050.0, 2755450.0], [299150.0, 2755250.0], [299150.0, 2755150.0], [299150.0, 2755050.0], [299250.0, 2754850.0], [299250.0, 2754750.0], [299150.0, 2754650.0], [299050.0, 2754550.0], [298850.0, 2754450.0], [298650.0, 2754350.0], [298550.0, 2754250.0], [298450.0, 2754250.0], [298350.0, 2754250.0], [298250.0, 2754250.0], [298150.0, 2754250.0], [298050.0, 2754250.0], [297950.0, 2754250.0], [297850.0, 2754250.0], [297750.0, 2754250.0], [297550.0, 2754150.0], [297450.0, 2754150.0], [297350.0, 2754150.0], [297150.0, 2754050.0], [297050.0, 2753950.0], [296850.0, 2753850.0], [296750.0, 2753750.0], [296550.0, 2753650.0], [296450.0, 2753650.0], [296350.0, 2753550.0], [296250.0, 2753350.0], [296150.0, 2753150.0], [296150.0, 2753050.0]]}, "properties": {"point_id": 33, "emergency": "childbirth_complication", "season": "dry", "kind": "primary", "facility_cat": 29, "facility_name": "Mohanganj Upazila Health Complex", "minutes": 39.0}}, {"type": "Feature", "geometry": {"type": "LineString", "coordinates": [[293550.0, 2763050.0], [293450.0, 2762950.0], [293250.0, 2762850.0], [293150.0, 2762850.0], [292950.0, 2762750.0], [292850.0, 2762750.0], [292750.0, 2762750.0], [292650.0, 2762750.0], [292550.0, 2762650.0], [292450.0, 2762450.0], [292350.0, 2762350.0], [292450.0, 2762150.0], [292450.0, 2762050.0], [292450.0, 2761950.0], [292450.0, 2761850.0], [292450.0, 2761750.0], [292350.0, 2761650.0], [292250.0, 2761650.0], [292150.0, 2761650.0], [292050.0, 2761650.0], [291950.0, 2761550.0], [291850.0, 2761450.0], [291750.0, 2761250.0], [291650.0, 2761050.0], [291650.0, 2760950.0], [291650.0, 2760850.0], [291750.0, 2760650.0], [291750.0, 2760550.0], [291850.0, 2760350.0], [291950.0, 2760150.0], [292050.0, 2759950.0], [292050.0, 2759850.0], [292150.0, 2759650.0], [292150.0, 2759550.0], [292050.0, 2759350.0], [292050.0, 2759250.0], [292050.0, 2759150.0], [291950.0, 2758950.0], [291950.0, 2758850.0], [291950.0, 2758750.0], [291850.0, 2758550.0], [291750.0, 2758450.0], [291650.0, 2758350.0], [291550.0, 2758250.0], [291450.0, 2758150.0], [291350.0, 2758050.0], [291250.0, 2757950.0], [291150.0, 2757850.0], [291050.0, 2757750.0], [290950.0, 2757650.0], [290850.0, 2757550.0], [290750.0, 2757450.0], [290550.0, 2757350.0], [290450.0, 2757250.0], [290350.0, 2757150.0], [290350.0, 2757050.0], [290350.0, 2756950.0], [290250.0, 2756850.0], [290150.0, 2756850.0], [290050.0, 2756850.0], [289950.0, 2756750.0], [289850.0, 2756650.0], [289750.0, 2756550.0], [289650.0, 2756450.0], [289550.0, 2756350.0], [289450.0, 2756250.0], [289350.0, 2756150.0], [289350.0, 2756050.0], [289250.0, 2755950.0], [289150.0, 2755850.0], [289050.0, 2755850.0], [288950.0, 2755850.0], [288850.0, 2755850.0], [288650.0, 2755750.0], [288450.0, 2755650.0], [288250.0, 2755550.0], [288050.0, 2755450.0], [287950.0, 2755450.0], [287850.0, 2755450.0], [287650.0, 2755350.0], [287550.0, 2755350.0], [287450.0, 2755350.0], [287250.0, 2755250.0], [287150.0, 2755250.0], [287050.0, 2755250.0], [286950.0, 2755250.0], [286850.0, 2755250.0], [286750.0, 2755250.0], [286650.0, 2755250.0], [286550.0, 2755150.0], [286650.0, 2754950.0], [286750.0, 2754750.0], [286750.0, 2754650.0], [286750.0, 2754550.0], [286750.0, 2754450.0], [286750.0, 2754350.0], [286750.0, 2754250.0], [286750.0, 2754150.0], [286750.0, 2754050.0], [286750.0, 2753950.0], [286750.0, 2753850.0], [286750.0, 2753750.0], [286750.0, 2753650.0], [286750.0, 2753550.0], [286750.0, 2753450.0], [286650.0, 2753250.0], [286750.0, 2753050.0], [286850.0, 2752850.0], [286850.0, 2752750.0], [286750.0, 2752550.0], [286750.0, 2752450.0], [286850.0, 2752250.0], [286850.0, 2752150.0], [286850.0, 2752050.0], [286850.0, 2751950.0], [286850.0, 2751850.0], [286750.0, 2751650.0], [286750.0, 2751550.0], [286750.0, 2751450.0], [286750.0, 2751350.0], [286750.0, 2751250.0], [286850.0, 2751050.0], [286850.0, 2750950.0], [286750.0, 2750750.0], [286750.0, 2750650.0], [286750.0, 2750550.0], [286650.0, 2750350.0], [286550.0, 2750150.0], [286450.0, 2749950.0], [286350.0, 2749750.0], [286250.0, 2749650.0], [286150.0, 2749450.0], [286150.0, 2749350.0], [286050.0, 2749250.0], [285950.0, 2749150.0], [285850.0, 2749050.0], [285750.0, 2748950.0], [285650.0, 2748850.0], [285650.0, 2748750.0], [285550.0, 2748550.0], [285550.0, 2748450.0], [285450.0, 2748250.0], [285350.0, 2748150.0], [285150.0, 2748050.0], [285050.0, 2747950.0], [284950.0, 2747950.0], [284850.0, 2747850.0], [284750.0, 2747750.0], [284650.0, 2747650.0], [284550.0, 2747550.0], [284450.0, 2747350.0], [284450.0, 2747250.0], [284450.0, 2747150.0], [284450.0, 2747050.0], [284450.0, 2746950.0], [284450.0, 2746850.0], [284450.0, 2746750.0], [284350.0, 2746550.0], [284350.0, 2746450.0], [284350.0, 2746350.0], [284350.0, 2746250.0], [284350.0, 2746150.0], [284250.0, 2746050.0], [284150.0, 2746050.0], [284050.0, 2746050.0], [283950.0, 2745950.0], [283950.0, 2745850.0], [283950.0, 2745750.0], [283950.0, 2745650.0], [283950.0, 2745550.0]]}, "properties": {"point_id": 33, "emergency": "childbirth_complication", "season": "dry", "kind": "backup", "facility_cat": 44, "facility_name": "Atpara Upazila Health Complex", "minutes": 72.0}}, {"type": "Feature", "geometry": {"type": "LineString", "coordinates": [[293550.0, 2763050.0], [293650.0, 2763150.0], [293650.0, 2763250.0], [293650.0, 2763350.0], [293650.0, 2763450.0], [293750.0, 2763550.0], [293850.0, 2763550.0], [293950.0, 2763550.0], [294050.0, 2763550.0], [294250.0, 2763650.0], [294450.0, 2763550.0], [294550.0, 2763550.0], [294650.0, 2763550.0], [294750.0, 2763550.0], [294850.0, 2763550.0], [295050.0, 2763450.0], [295150.0, 2763450.0], [295350.0, 2763350.0], [295450.0, 2763350.0], [295550.0, 2763350.0], [295650.0, 2763350.0], [295750.0, 2763350.0], [295850.0, 2763350.0], [296050.0, 2763250.0], [296150.0, 2763150.0], [296150.0, 2763050.0], [296250.0, 2762850.0], [296350.0, 2762650.0], [296450.0, 2762450.0], [296550.0, 2762350.0], [296650.0, 2762150.0], [296750.0, 2761950.0], [296750.0, 2761850.0], [296850.0, 2761650.0], [296950.0, 2761450.0], [297050.0, 2761250.0], [297150.0, 2761050.0], [297250.0, 2760850.0], [297350.0, 2760750.0], [297450.0, 2760650.0], [297550.0, 2760650.0], [297750.0, 2760550.0], [297850.0, 2760550.0], [297950.0, 2760450.0], [297950.0, 2760350.0], [298050.0, 2760150.0], [298050.0, 2760050.0], [298050.0, 2759950.0], [298150.0, 2759750.0], [298150.0, 2759650.0], [298150.0, 2759550.0], [298150.0, 2759450.0], [298150.0, 2759350.0], [298150.0, 2759250.0], [298150.0, 2759150.0], [298150.0, 2759050.0], [298150.0, 2758950.0], [298150.0, 2758850.0], [298150.0, 2758750.0], [298150.0, 2758650.0], [298150.0, 2758550.0], [298150.0, 2758450.0], [298150.0, 2758350.0], [298150.0, 2758250.0], [298150.0, 2758150.0], [298150.0, 2758050.0], [298150.0, 2757950.0], [298150.0, 2757850.0], [298150.0, 2757750.0], [298250.0, 2757550.0], [298250.0, 2757450.0], [298250.0, 2757350.0], [298250.0, 2757250.0], [298250.0, 2757150.0], [298350.0, 2756950.0], [298450.0, 2756750.0], [298550.0, 2756550.0], [298650.0, 2756350.0], [298650.0, 2756250.0], [298650.0, 2756150.0], [298650.0, 2756050.0], [298650.0, 2755950.0], [298650.0, 2755850.0], [298750.0, 2755750.0], [298850.0, 2755650.0], [298950.0, 2755550.0], [299050.0, 2755450.0], [299150.0, 2755250.0], [299150.0, 2755150.0], [299150.0, 2755050.0], [299250.0, 2754850.0], [299250.0, 2754750.0], [299150.0, 2754650.0], [299050.0, 2754550.0], [298850.0, 2754450.0], [298650.0, 2754350.0], [298550.0, 2754250.0], [298450.0, 2754250.0], [298350.0, 2754250.0], [298250.0, 2754250.0], [298150.0, 2754250.0], [298050.0, 2754250.0], [297950.0, 2754250.0], [297850.0, 2754250.0], [297750.0, 2754250.0], [297550.0, 2754150.0], [297450.0, 2754150.0], [297350.0, 2754150.0], [297150.0, 2754050.0], [297050.0, 2753950.0], [296850.0, 2753850.0], [296750.0, 2753750.0], [296550.0, 2753650.0], [296450.0, 2753650.0], [296350.0, 2753550.0], [296250.0, 2753350.0], [296150.0, 2753150.0], [296150.0, 2753050.0]]}, "properties": {"point_id": 33, "emergency": "childbirth_complication", "season": "flood0708", "kind": "primary", "facility_cat": 29, "facility_name": "Mohanganj Upazila Health Complex", "minutes": 39.0}}, {"type": "Feature", "geometry": {"type": "LineString", "coordinates": [[293550.0, 2763050.0], [293450.0, 2762950.0], [293350.0, 2762950.0], [293250.0, 2762950.0], [293150.0, 2762950.0], [293050.0, 2762950.0], [292950.0, 2762950.0], [292850.0, 2762950.0], [292750.0, 2763050.0], [292750.0, 2763150.0], [292750.0, 2763250.0], [292650.0, 2763450.0], [292550.0, 2763650.0], [292450.0, 2763850.0], [292450.0, 2763950.0], [292450.0, 2764050.0], [292350.0, 2764250.0], [292350.0, 2764350.0], [292350.0, 2764450.0], [292250.0, 2764650.0], [292150.0, 2764750.0], [292050.0, 2764750.0], [291950.0, 2764750.0], [291750.0, 2764850.0], [291550.0, 2764750.0], [291450.0, 2764750.0], [291350.0, 2764750.0], [291250.0, 2764750.0], [291150.0, 2764750.0], [291050.0, 2764750.0], [290950.0, 2764750.0], [290750.0, 2764850.0], [290650.0, 2764850.0], [290550.0, 2764850.0], [290450.0, 2764950.0], [290350.0, 2765050.0], [290350.0, 2765150.0], [290350.0, 2765250.0], [290350.0, 2765350.0], [290250.0, 2765550.0], [290150.0, 2765750.0], [290150.0, 2765850.0], [290150.0, 2765950.0], [290150.0, 2766050.0], [290250.0, 2766150.0], [290350.0, 2766250.0], [290450.0, 2766350.0], [290550.0, 2766450.0], [290550.0, 2766550.0], [290550.0, 2766650.0], [290550.0, 2766750.0], [290650.0, 2766950.0], [290650.0, 2767050.0], [290650.0, 2767150.0], [290750.0, 2767350.0], [290650.0, 2767550.0], [290650.0, 2767650.0], [290650.0, 2767750.0], [290650.0, 2767850.0], [290750.0, 2768050.0], [290750.0, 2768150.0], [290750.0, 2768250.0], [290650.0, 2768350.0], [290550.0, 2768450.0], [290550.0, 2768550.0], [290650.0, 2768750.0], [290650.0, 2768850.0], [290650.0, 2768950.0], [290750.0, 2769150.0], [290750.0, 2769250.0], [290650.0, 2769350.0], [290550.0, 2769450.0], [290550.0, 2769550.0], [290450.0, 2769750.0], [290450.0, 2769850.0], [290450.0, 2769950.0], [290350.0, 2770050.0], [290250.0, 2770150.0], [290150.0, 2770150.0], [289950.0, 2770250.0], [289850.0, 2770250.0], [289750.0, 2770250.0], [289650.0, 2770350.0], [289550.0, 2770550.0], [289550.0, 2770650.0], [289450.0, 2770850.0], [289350.0, 2770950.0], [289250.0, 2771050.0], [289050.0, 2771150.0], [288950.0, 2771150.0], [288850.0, 2771150.0], [288750.0, 2771150.0], [288650.0, 2771150.0], [288450.0, 2771050.0], [288350.0, 2770950.0], [288250.0, 2770950.0], [288150.0, 2770950.0], [288050.0, 2770950.0], [287950.0, 2770950.0], [287850.0, 2770950.0], [287750.0, 2770950.0], [287650.0, 2770950.0], [287450.0, 2771050.0], [287350.0, 2771050.0], [287250.0, 2771050.0], [287150.0, 2771050.0], [287050.0, 2771050.0], [286850.0, 2771150.0], [286650.0, 2771050.0], [286550.0, 2771050.0], [286450.0, 2771150.0], [286450.0, 2771250.0], [286450.0, 2771350.0], [286450.0, 2771450.0], [286550.0, 2771650.0], [286450.0, 2771850.0], [286550.0, 2772050.0], [286650.0, 2772250.0], [286650.0, 2772350.0], [286650.0, 2772450.0], [286650.0, 2772550.0], [286750.0, 2772750.0], [286750.0, 2772850.0], [286850.0, 2773050.0], [286850.0, 2773150.0], [286950.0, 2773350.0], [286950.0, 2773450.0], [286950.0, 2773550.0], [286950.0, 2773650.0], [286950.0, 2773750.0], [286950.0, 2773850.0], [286950.0, 2773950.0], [286950.0, 2774050.0], [286950.0, 2774150.0], [286950.0, 2774250.0], [286950.0, 2774350.0], [286950.0, 2774450.0], [287050.0, 2774550.0], [287150.0, 2774650.0], [287250.0, 2774750.0], [287450.0, 2774850.0]]}, "properties": {"point_id": 33, "emergency": "childbirth_complication", "season": "flood0708", "kind": "backup", "facility_cat": 24, "facility_name": "Kalmakanda Upazila Health Complex", "minutes": 78.0}}, {"type": "Feature", "geometry": {"type": "LineString", "coordinates": [[267150.0, 2666450.0], [267350.0, 2666550.0], [267450.0, 2666550.0], [267550.0, 2666550.0], [267650.0, 2666550.0], [267750.0, 2666650.0], [267850.0, 2666750.0], [267950.0, 2666750.0], [268150.0, 2666650.0], [268250.0, 2666650.0], [268350.0, 2666750.0], [268450.0, 2666850.0], [268650.0, 2666950.0], [268850.0, 2667050.0], [268950.0, 2667050.0], [269050.0, 2667050.0], [269150.0, 2667050.0], [269250.0, 2667050.0], [269350.0, 2667050.0], [269450.0, 2667050.0], [269550.0, 2667150.0], [269550.0, 2667250.0], [269550.0, 2667350.0], [269550.0, 2667450.0], [269550.0, 2667550.0], [269550.0, 2667650.0], [269550.0, 2667750.0], [269550.0, 2667850.0], [269650.0, 2668050.0], [269750.0, 2668150.0], [269850.0, 2668250.0], [269950.0, 2668250.0], [270050.0, 2668250.0], [270150.0, 2668250.0], [270250.0, 2668250.0], [270450.0, 2668350.0], [270550.0, 2668350.0], [270650.0, 2668350.0], [270850.0, 2668250.0], [270950.0, 2668250.0], [271050.0, 2668250.0], [271150.0, 2668250.0], [271250.0, 2668250.0], [271450.0, 2668150.0], [271550.0, 2668150.0], [271650.0, 2668150.0], [271750.0, 2668150.0], [271850.0, 2668150.0], [271950.0, 2668150.0], [272150.0, 2668050.0], [272250.0, 2668050.0], [272350.0, 2668050.0], [272450.0, 2668050.0], [272650.0, 2667950.0], [272750.0, 2667950.0], [272850.0, 2667950.0], [273050.0, 2667850.0], [273150.0, 2667850.0], [273250.0, 2667850.0], [273350.0, 2667850.0], [273450.0, 2667750.0], [273550.0, 2667650.0], [273550.0, 2667550.0], [273550.0, 2667450.0], [273650.0, 2667350.0], [273750.0, 2667250.0], [273850.0, 2667250.0], [273950.0, 2667250.0], [274050.0, 2667250.0], [274150.0, 2667250.0], [274250.0, 2667250.0], [274350.0, 2667250.0], [274450.0, 2667250.0], [274550.0, 2667250.0], [274650.0, 2667250.0], [274750.0, 2667250.0], [274850.0, 2667250.0], [274950.0, 2667250.0], [275050.0, 2667250.0], [275150.0, 2667250.0], [275250.0, 2667250.0], [275350.0, 2667250.0], [275450.0, 2667250.0], [275550.0, 2667250.0], [275750.0, 2667350.0], [275850.0, 2667350.0], [275950.0, 2667350.0], [276050.0, 2667350.0], [276150.0, 2667350.0], [276250.0, 2667350.0], [276450.0, 2667250.0], [276650.0, 2667150.0], [276750.0, 2667150.0], [276850.0, 2667050.0], [276850.0, 2666950.0], [276950.0, 2666850.0], [277050.0, 2666750.0], [277150.0, 2666750.0], [277250.0, 2666750.0], [277350.0, 2666750.0], [277450.0, 2666750.0], [277550.0, 2666750.0], [277750.0, 2666850.0], [277850.0, 2666950.0], [278050.0, 2667050.0], [278150.0, 2667050.0], [278250.0, 2667050.0], [278350.0, 2667050.0], [278450.0, 2667050.0], [278550.0, 2667050.0], [278650.0, 2667050.0], [278750.0, 2667050.0], [278850.0, 2667050.0], [278950.0, 2667050.0], [279050.0, 2667050.0], [279150.0, 2667050.0], [279350.0, 2666950.0], [279450.0, 2666950.0], [279550.0, 2666950.0], [279650.0, 2666950.0], [279750.0, 2666950.0], [279950.0, 2667050.0], [280150.0, 2667150.0], [280350.0, 2667250.0], [280450.0, 2667350.0], [280650.0, 2667450.0], [280750.0, 2667450.0], [280850.0, 2667450.0], [280950.0, 2667450.0], [281050.0, 2667450.0], [281150.0, 2667450.0], [281250.0, 2667450.0], [281350.0, 2667450.0], [281450.0, 2667550.0], [281550.0, 2667650.0], [281650.0, 2667750.0]]}, "properties": {"point_id": 34, "emergency": "snakebite", "season": "dry", "kind": "primary", "facility_cat": 48, "facility_name": "Belabo Upazila Health Complex", "minutes": 42.0}}, {"type": "Feature", "geometry": {"type": "LineString", "coordinates": [[267150.0, 2666450.0], [267050.0, 2666450.0], [266950.0, 2666550.0], [266850.0, 2666750.0], [266750.0, 2666850.0], [266650.0, 2666950.0], [266650.0, 2667050.0], [266650.0, 2667150.0], [266650.0, 2667250.0], [266750.0, 2667450.0], [266850.0, 2667650.0], [266850.0, 2667750.0], [266950.0, 2667950.0], [266950.0, 2668050.0], [266950.0, 2668150.0], [266850.0, 2668350.0], [266750.0, 2668550.0], [266650.0, 2668650.0], [266550.0, 2668850.0], [266450.0, 2669050.0], [266350.0, 2669250.0], [266350.0, 2669350.0], [266350.0, 2669450.0], [266350.0, 2669550.0], [266350.0, 2669650.0], [266350.0, 2669750.0], [266350.0, 2669850.0], [266350.0, 2669950.0], [266350.0, 2670050.0], [266350.0, 2670150.0], [266350.0, 2670250.0], [266350.0, 2670350.0], [266350.0, 2670450.0], [266450.0, 2670650.0], [266450.0, 2670750.0], [266450.0, 2670850.0], [266450.0, 2670950.0], [266450.0, 2671050.0], [266550.0, 2671250.0], [266550.0, 2671350.0], [266550.0, 2671450.0], [266550.0, 2671550.0], [266550.0, 2671650.0], [266650.0, 2671850.0], [266650.0, 2671950.0], [266650.0, 2672050.0], [266650.0, 2672150.0], [266750.0, 2672350.0], [266850.0, 2672550.0], [266950.0, 2672650.0], [267050.0, 2672750.0], [267150.0, 2672850.0], [267250.0, 2673050.0], [267350.0, 2673150.0], [267450.0, 2673250.0], [267550.0, 2673350.0], [267650.0, 2673450.0], [267750.0, 2673650.0], [267850.0, 2673750.0], [267950.0, 2673850.0], [268050.0, 2673950.0], [268150.0, 2674150.0], [268250.0, 2674250.0], [268350.0, 2674350.0], [268450.0, 2674450.0], [268550.0, 2674550.0], [268650.0, 2674650.0], [268750.0, 2674750.0], [268850.0, 2674950.0], [268950.0, 2675150.0], [268950.0, 2675250.0], [268950.0, 2675350.0], [268950.0, 2675450.0], [268950.0, 2675550.0], [269050.0, 2675750.0], [269150.0, 2675950.0], [269150.0, 2676050.0], [269250.0, 2676250.0], [269250.0, 2676350.0], [269250.0, 2676450.0], [269350.0, 2676650.0], [269450.0, 2676850.0], [269450.0, 2676950.0], [269450.0, 2677050.0], [269450.0, 2677150.0], [269450.0, 2677250.0], [269450.0, 2677350.0], [269550.0, 2677550.0], [269650.0, 2677650.0], [269750.0, 2677750.0], [269850.0, 2677850.0], [269950.0, 2677950.0], [270050.0, 2678050.0], [270150.0, 2678150.0], [270250.0, 2678250.0], [270350.0, 2678350.0], [270450.0, 2678450.0], [270450.0, 2678550.0], [270450.0, 2678650.0], [270550.0, 2678850.0], [270650.0, 2679050.0], [270750.0, 2679250.0], [270750.0, 2679350.0], [270750.0, 2679450.0], [270850.0, 2679650.0], [270950.0, 2679750.0], [271050.0, 2679850.0], [271150.0, 2679850.0], [271250.0, 2679950.0], [271350.0, 2680050.0], [271450.0, 2680150.0], [271550.0, 2680250.0], [271650.0, 2680350.0], [271750.0, 2680450.0], [271950.0, 2680550.0], [272150.0, 2680650.0], [272250.0, 2680750.0], [272350.0, 2680850.0], [272550.0, 2680950.0], [272650.0, 2681050.0], [272850.0, 2681150.0], [272950.0, 2681250.0], [273050.0, 2681450.0], [273150.0, 2681550.0], [273250.0, 2681650.0], [273350.0, 2681750.0], [273450.0, 2681850.0], [273550.0, 2681950.0], [273650.0, 2682050.0], [273750.0, 2682150.0], [273850.0, 2682250.0], [273950.0, 2682350.0], [274150.0, 2682450.0], [274350.0, 2682550.0], [274550.0, 2682650.0], [274650.0, 2682650.0], [274750.0, 2682650.0], [274850.0, 2682650.0], [274950.0, 2682650.0], [275050.0, 2682650.0], [275150.0, 2682650.0], [275250.0, 2682650.0], [275350.0, 2682750.0], [275350.0, 2682850.0], [275350.0, 2682950.0], [275450.0, 2683050.0], [275550.0, 2683050.0], [275650.0, 2683050.0], [275750.0, 2683050.0], [275850.0, 2683050.0], [275950.0, 2683050.0], [276050.0, 2683050.0], [276150.0, 2683050.0], [276250.0, 2683050.0], [276350.0, 2683050.0], [276450.0, 2683050.0]]}, "properties": {"point_id": 34, "emergency": "snakebite", "season": "dry", "kind": "backup", "facility_cat": 18, "facility_name": "Katiyadi Upazilla Health Complex", "minutes": 46.0}}, {"type": "Feature", "geometry": {"type": "LineString", "coordinates": [[267150.0, 2666450.0], [267350.0, 2666550.0], [267450.0, 2666550.0], [267550.0, 2666550.0], [267650.0, 2666550.0], [267750.0, 2666650.0], [267850.0, 2666750.0], [267950.0, 2666750.0], [268150.0, 2666650.0], [268250.0, 2666650.0], [268350.0, 2666750.0], [268450.0, 2666850.0], [268650.0, 2666950.0], [268850.0, 2667050.0], [268950.0, 2667050.0], [269050.0, 2667050.0], [269150.0, 2667050.0], [269250.0, 2667050.0], [269350.0, 2667050.0], [269450.0, 2667050.0], [269550.0, 2667150.0], [269550.0, 2667250.0], [269550.0, 2667350.0], [269550.0, 2667450.0], [269550.0, 2667550.0], [269550.0, 2667650.0], [269550.0, 2667750.0], [269550.0, 2667850.0], [269650.0, 2668050.0], [269750.0, 2668150.0], [269850.0, 2668250.0], [269950.0, 2668250.0], [270050.0, 2668250.0], [270150.0, 2668250.0], [270250.0, 2668250.0], [270450.0, 2668350.0], [270550.0, 2668350.0], [270650.0, 2668350.0], [270850.0, 2668250.0], [270950.0, 2668250.0], [271050.0, 2668250.0], [271150.0, 2668250.0], [271250.0, 2668250.0], [271450.0, 2668150.0], [271550.0, 2668150.0], [271650.0, 2668150.0], [271750.0, 2668150.0], [271850.0, 2668150.0], [271950.0, 2668150.0], [272150.0, 2668050.0], [272250.0, 2668050.0], [272350.0, 2668050.0], [272450.0, 2668050.0], [272650.0, 2667950.0], [272750.0, 2667950.0], [272850.0, 2667950.0], [273050.0, 2667850.0], [273150.0, 2667850.0], [273250.0, 2667850.0], [273350.0, 2667850.0], [273450.0, 2667750.0], [273550.0, 2667650.0], [273550.0, 2667550.0], [273550.0, 2667450.0], [273650.0, 2667350.0], [273750.0, 2667250.0], [273850.0, 2667250.0], [273950.0, 2667250.0], [274050.0, 2667250.0], [274150.0, 2667250.0], [274250.0, 2667250.0], [274350.0, 2667250.0], [274450.0, 2667250.0], [274550.0, 2667250.0], [274650.0, 2667250.0], [274750.0, 2667250.0], [274850.0, 2667250.0], [274950.0, 2667250.0], [275050.0, 2667250.0], [275150.0, 2667250.0], [275250.0, 2667250.0], [275350.0, 2667250.0], [275450.0, 2667250.0], [275550.0, 2667250.0], [275750.0, 2667350.0], [275850.0, 2667350.0], [275950.0, 2667350.0], [276050.0, 2667350.0], [276150.0, 2667350.0], [276250.0, 2667350.0], [276450.0, 2667250.0], [276650.0, 2667150.0], [276750.0, 2667150.0], [276850.0, 2667050.0], [276850.0, 2666950.0], [276950.0, 2666850.0], [277050.0, 2666750.0], [277150.0, 2666750.0], [277250.0, 2666750.0], [277350.0, 2666750.0], [277450.0, 2666750.0], [277550.0, 2666750.0], [277750.0, 2666850.0], [277850.0, 2666950.0], [278050.0, 2667050.0], [278150.0, 2667050.0], [278250.0, 2667050.0], [278350.0, 2667050.0], [278450.0, 2667050.0], [278550.0, 2667050.0], [278650.0, 2667050.0], [278750.0, 2667050.0], [278850.0, 2667050.0], [278950.0, 2667050.0], [279050.0, 2667050.0], [279150.0, 2667050.0], [279350.0, 2666950.0], [279450.0, 2666950.0], [279550.0, 2666950.0], [279650.0, 2666950.0], [279750.0, 2666950.0], [279950.0, 2667050.0], [280150.0, 2667150.0], [280350.0, 2667250.0], [280450.0, 2667350.0], [280650.0, 2667450.0], [280750.0, 2667450.0], [280850.0, 2667450.0], [280950.0, 2667450.0], [281050.0, 2667450.0], [281150.0, 2667450.0], [281250.0, 2667450.0], [281350.0, 2667450.0], [281450.0, 2667550.0], [281550.0, 2667650.0], [281650.0, 2667750.0]]}, "properties": {"point_id": 34, "emergency": "snakebite", "season": "flood0708", "kind": "primary", "facility_cat": 48, "facility_name": "Belabo Upazila Health Complex", "minutes": 42.0}}, {"type": "Feature", "geometry": {"type": "LineString", "coordinates": [[267150.0, 2666450.0], [267050.0, 2666450.0], [266950.0, 2666550.0], [266850.0, 2666750.0], [266750.0, 2666850.0], [266650.0, 2666950.0], [266650.0, 2667050.0], [266650.0, 2667150.0], [266650.0, 2667250.0], [266750.0, 2667450.0], [266850.0, 2667650.0], [266850.0, 2667750.0], [266950.0, 2667950.0], [266950.0, 2668050.0], [266950.0, 2668150.0], [266850.0, 2668350.0], [266750.0, 2668550.0], [266650.0, 2668650.0], [266550.0, 2668850.0], [266450.0, 2669050.0], [266350.0, 2669250.0], [266350.0, 2669350.0], [266350.0, 2669450.0], [266350.0, 2669550.0], [266350.0, 2669650.0], [266350.0, 2669750.0], [266350.0, 2669850.0], [266350.0, 2669950.0], [266350.0, 2670050.0], [266350.0, 2670150.0], [266350.0, 2670250.0], [266350.0, 2670350.0], [266350.0, 2670450.0], [266450.0, 2670650.0], [266450.0, 2670750.0], [266450.0, 2670850.0], [266450.0, 2670950.0], [266450.0, 2671050.0], [266550.0, 2671250.0], [266550.0, 2671350.0], [266550.0, 2671450.0], [266550.0, 2671550.0], [266550.0, 2671650.0], [266650.0, 2671850.0], [266650.0, 2671950.0], [266650.0, 2672050.0], [266650.0, 2672150.0], [266750.0, 2672350.0], [266850.0, 2672550.0], [266950.0, 2672650.0], [267050.0, 2672750.0], [267150.0, 2672850.0], [267250.0, 2673050.0], [267350.0, 2673150.0], [267450.0, 2673250.0], [267550.0, 2673350.0], [267650.0, 2673450.0], [267750.0, 2673650.0], [267850.0, 2673750.0], [267950.0, 2673850.0], [268050.0, 2673950.0], [268150.0, 2674150.0], [268250.0, 2674250.0], [268350.0, 2674350.0], [268450.0, 2674450.0], [268550.0, 2674550.0], [268650.0, 2674650.0], [268750.0, 2674750.0], [268850.0, 2674950.0], [268950.0, 2675150.0], [268950.0, 2675250.0], [268950.0, 2675350.0], [268950.0, 2675450.0], [268950.0, 2675550.0], [269050.0, 2675750.0], [269150.0, 2675950.0], [269150.0, 2676050.0], [269250.0, 2676250.0], [269250.0, 2676350.0], [269250.0, 2676450.0], [269350.0, 2676650.0], [269450.0, 2676850.0], [269450.0, 2676950.0], [269450.0, 2677050.0], [269450.0, 2677150.0], [269450.0, 2677250.0], [269450.0, 2677350.0], [269550.0, 2677550.0], [269650.0, 2677650.0], [269750.0, 2677750.0], [269850.0, 2677850.0], [269950.0, 2677950.0], [270050.0, 2678050.0], [270150.0, 2678150.0], [270250.0, 2678250.0], [270350.0, 2678350.0], [270450.0, 2678450.0], [270450.0, 2678550.0], [270450.0, 2678650.0], [270550.0, 2678850.0], [270650.0, 2679050.0], [270750.0, 2679250.0], [270750.0, 2679350.0], [270750.0, 2679450.0], [270850.0, 2679650.0], [270950.0, 2679750.0], [271050.0, 2679850.0], [271150.0, 2679850.0], [271250.0, 2679950.0], [271350.0, 2680050.0], [271450.0, 2680150.0], [271550.0, 2680250.0], [271650.0, 2680350.0], [271750.0, 2680450.0], [271950.0, 2680550.0], [272150.0, 2680650.0], [272250.0, 2680750.0], [272350.0, 2680850.0], [272550.0, 2680950.0], [272650.0, 2681050.0], [272850.0, 2681150.0], [272950.0, 2681250.0], [273050.0, 2681450.0], [273150.0, 2681550.0], [273250.0, 2681650.0], [273350.0, 2681750.0], [273450.0, 2681850.0], [273550.0, 2681950.0], [273650.0, 2682050.0], [273750.0, 2682150.0], [273850.0, 2682250.0], [273950.0, 2682350.0], [274150.0, 2682450.0], [274350.0, 2682550.0], [274550.0, 2682650.0], [274650.0, 2682650.0], [274750.0, 2682650.0], [274850.0, 2682650.0], [274950.0, 2682650.0], [275050.0, 2682650.0], [275150.0, 2682650.0], [275250.0, 2682650.0], [275350.0, 2682750.0], [275350.0, 2682850.0], [275350.0, 2682950.0], [275450.0, 2683050.0], [275550.0, 2683050.0], [275650.0, 2683050.0], [275750.0, 2683050.0], [275850.0, 2683050.0], [275950.0, 2683050.0], [276050.0, 2683050.0], [276150.0, 2683050.0], [276250.0, 2683050.0], [276350.0, 2683050.0], [276450.0, 2683050.0]]}, "properties": {"point_id": 34, "emergency": "snakebite", "season": "flood0708", "kind": "backup", "facility_cat": 18, "facility_name": "Katiyadi Upazilla Health Complex", "minutes": 46.0}}, {"type": "Feature", "geometry": {"type": "LineString", "coordinates": [[276050.0, 2677450.0], [276150.0, 2677450.0], [276350.0, 2677350.0], [276450.0, 2677350.0], [276550.0, 2677350.0], [276750.0, 2677450.0], [276950.0, 2677550.0], [277050.0, 2677650.0], [277050.0, 2677750.0], [276950.0, 2677950.0], [276850.0, 2678150.0], [276850.0, 2678250.0], [276850.0, 2678350.0], [276750.0, 2678550.0], [276750.0, 2678650.0], [276750.0, 2678750.0], [276750.0, 2678850.0], [276750.0, 2678950.0], [276650.0, 2679150.0], [276650.0, 2679250.0], [276650.0, 2679350.0], [276650.0, 2679450.0], [276650.0, 2679550.0], [276650.0, 2679650.0], [276650.0, 2679750.0], [276750.0, 2679950.0], [276850.0, 2680050.0], [276950.0, 2680150.0], [277050.0, 2680250.0], [277150.0, 2680350.0], [277250.0, 2680450.0], [277250.0, 2680550.0], [277350.0, 2680750.0], [277450.0, 2680850.0], [277450.0, 2680950.0], [277350.0, 2681050.0], [277250.0, 2681050.0], [277050.0, 2681150.0], [276950.0, 2681250.0], [276750.0, 2681350.0], [276650.0, 2681450.0], [276550.0, 2681550.0], [276450.0, 2681650.0], [276350.0, 2681750.0], [276450.0, 2681950.0], [276550.0, 2682050.0], [276550.0, 2682150.0], [276550.0, 2682250.0], [276550.0, 2682350.0], [276450.0, 2682550.0], [276450.0, 2682650.0], [276450.0, 2682750.0], [276450.0, 2682850.0], [276450.0, 2682950.0], [276450.0, 2683050.0]]}, "properties": {"point_id": 35, "emergency": "injury_drowning", "season": "dry", "kind": "primary", "facility_cat": 18, "facility_name": "Katiyadi Upazilla Health Complex", "minutes": 19.0}}, {"type": "Feature", "geometry": {"type": "LineString", "coordinates": [[276050.0, 2677450.0], [275950.0, 2677550.0], [275850.0, 2677650.0], [275750.0, 2677750.0], [275650.0, 2677850.0], [275450.0, 2677750.0], [275350.0, 2677650.0], [275450.0, 2677550.0], [275550.0, 2677450.0], [275650.0, 2677350.0], [275750.0, 2677250.0], [275850.0, 2677150.0], [276050.0, 2677050.0], [276150.0, 2676950.0], [276250.0, 2676750.0], [276350.0, 2676650.0], [276450.0, 2676450.0], [276450.0, 2676350.0], [276550.0, 2676150.0], [276650.0, 2675950.0], [276750.0, 2675750.0], [276750.0, 2675650.0], [276850.0, 2675450.0], [276850.0, 2675350.0], [276950.0, 2675150.0], [276950.0, 2675050.0], [277050.0, 2674850.0], [277050.0, 2674750.0], [277150.0, 2674550.0], [277150.0, 2674450.0], [277250.0, 2674250.0], [277350.0, 2674050.0], [277350.0, 2673950.0], [277450.0, 2673750.0], [277450.0, 2673650.0], [277450.0, 2673550.0], [277450.0, 2673450.0], [277550.0, 2673250.0], [277650.0, 2673050.0], [277650.0, 2672950.0], [277650.0, 2672850.0], [277750.0, 2672650.0], [277750.0, 2672550.0], [277850.0, 2672350.0], [277950.0, 2672150.0], [278050.0, 2671950.0], [278150.0, 2671750.0], [278250.0, 2671550.0], [278250.0, 2671450.0], [278350.0, 2671250.0], [278450.0, 2671050.0], [278550.0, 2670850.0], [278650.0, 2670650.0], [278750.0, 2670450.0], [278850.0, 2670350.0], [278950.0, 2670150.0], [279050.0, 2670050.0], [279150.0, 2669950.0], [279250.0, 2669850.0], [279350.0, 2669650.0], [279450.0, 2669550.0], [279550.0, 2669450.0], [279650.0, 2669250.0], [279750.0, 2669150.0], [279850.0, 2669050.0], [279950.0, 2668950.0], [280150.0, 2668850.0], [280250.0, 2668750.0], [280350.0, 2668650.0], [280450.0, 2668550.0], [280550.0, 2668450.0], [280650.0, 2668450.0], [280850.0, 2668350.0], [280950.0, 2668250.0], [281050.0, 2668250.0], [281250.0, 2668150.0], [281350.0, 2668050.0], [281450.0, 2668050.0], [281550.0, 2667950.0], [281550.0, 2667850.0], [281650.0, 2667750.0]]}, "properties": {"point_id": 35, "emergency": "injury_drowning", "season": "dry", "kind": "backup", "facility_cat": 48, "facility_name": "Belabo Upazila Health Complex", "minutes": 29.0}}, {"type": "Feature", "geometry": {"type": "LineString", "coordinates": [[276050.0, 2677450.0], [276150.0, 2677450.0], [276350.0, 2677350.0], [276450.0, 2677350.0], [276550.0, 2677350.0], [276750.0, 2677450.0], [276950.0, 2677550.0], [277050.0, 2677650.0], [277050.0, 2677750.0], [276950.0, 2677950.0], [276850.0, 2678150.0], [276850.0, 2678250.0], [276850.0, 2678350.0], [276750.0, 2678550.0], [276750.0, 2678650.0], [276750.0, 2678750.0], [276750.0, 2678850.0], [276750.0, 2678950.0], [276650.0, 2679150.0], [276650.0, 2679250.0], [276650.0, 2679350.0], [276650.0, 2679450.0], [276650.0, 2679550.0], [276650.0, 2679650.0], [276650.0, 2679750.0], [276750.0, 2679950.0], [276850.0, 2680050.0], [276950.0, 2680150.0], [277050.0, 2680250.0], [277150.0, 2680350.0], [277250.0, 2680450.0], [277250.0, 2680550.0], [277350.0, 2680750.0], [277450.0, 2680850.0], [277450.0, 2680950.0], [277350.0, 2681050.0], [277250.0, 2681050.0], [277050.0, 2681150.0], [276950.0, 2681250.0], [276750.0, 2681350.0], [276650.0, 2681450.0], [276550.0, 2681550.0], [276450.0, 2681650.0], [276350.0, 2681750.0], [276450.0, 2681950.0], [276550.0, 2682050.0], [276550.0, 2682150.0], [276550.0, 2682250.0], [276550.0, 2682350.0], [276450.0, 2682550.0], [276450.0, 2682650.0], [276450.0, 2682750.0], [276450.0, 2682850.0], [276450.0, 2682950.0], [276450.0, 2683050.0]]}, "properties": {"point_id": 35, "emergency": "injury_drowning", "season": "flood0708", "kind": "primary", "facility_cat": 18, "facility_name": "Katiyadi Upazilla Health Complex", "minutes": 19.0}}, {"type": "Feature", "geometry": {"type": "LineString", "coordinates": [[276050.0, 2677450.0], [275950.0, 2677550.0], [275850.0, 2677650.0], [275750.0, 2677750.0], [275650.0, 2677850.0], [275450.0, 2677750.0], [275350.0, 2677650.0], [275450.0, 2677550.0], [275550.0, 2677450.0], [275650.0, 2677350.0], [275750.0, 2677250.0], [275850.0, 2677150.0], [276050.0, 2677050.0], [276150.0, 2676950.0], [276250.0, 2676750.0], [276350.0, 2676650.0], [276450.0, 2676450.0], [276450.0, 2676350.0], [276550.0, 2676150.0], [276650.0, 2675950.0], [276750.0, 2675750.0], [276750.0, 2675650.0], [276850.0, 2675450.0], [276850.0, 2675350.0], [276950.0, 2675150.0], [276950.0, 2675050.0], [277050.0, 2674850.0], [277050.0, 2674750.0], [277150.0, 2674550.0], [277150.0, 2674450.0], [277250.0, 2674250.0], [277350.0, 2674050.0], [277350.0, 2673950.0], [277450.0, 2673750.0], [277450.0, 2673650.0], [277450.0, 2673550.0], [277450.0, 2673450.0], [277550.0, 2673250.0], [277650.0, 2673050.0], [277650.0, 2672950.0], [277650.0, 2672850.0], [277750.0, 2672650.0], [277750.0, 2672550.0], [277850.0, 2672350.0], [277950.0, 2672150.0], [278050.0, 2671950.0], [278150.0, 2671750.0], [278250.0, 2671550.0], [278250.0, 2671450.0], [278350.0, 2671250.0], [278450.0, 2671050.0], [278550.0, 2670850.0], [278650.0, 2670650.0], [278750.0, 2670450.0], [278850.0, 2670350.0], [278950.0, 2670150.0], [279050.0, 2670050.0], [279150.0, 2669950.0], [279250.0, 2669850.0], [279350.0, 2669650.0], [279450.0, 2669550.0], [279550.0, 2669450.0], [279650.0, 2669250.0], [279750.0, 2669150.0], [279850.0, 2669050.0], [279950.0, 2668950.0], [280150.0, 2668850.0], [280250.0, 2668750.0], [280350.0, 2668650.0], [280450.0, 2668550.0], [280550.0, 2668450.0], [280650.0, 2668450.0], [280850.0, 2668350.0], [280950.0, 2668250.0], [281050.0, 2668250.0], [281250.0, 2668150.0], [281350.0, 2668050.0], [281450.0, 2668050.0], [281550.0, 2667950.0], [281550.0, 2667850.0], [281650.0, 2667750.0]]}, "properties": {"point_id": 35, "emergency": "injury_drowning", "season": "flood0708", "kind": "backup", "facility_cat": 48, "facility_name": "Belabo Upazila Health Complex", "minutes": 29.0}}, {"type": "Feature", "geometry": {"type": "LineString", "coordinates": [[280650.0, 2680450.0], [280650.0, 2680550.0], [280650.0, 2680650.0], [280750.0, 2680850.0], [280650.0, 2680950.0], [280550.0, 2681050.0], [280450.0, 2681150.0], [280350.0, 2681250.0], [280250.0, 2681350.0], [280150.0, 2681450.0], [280050.0, 2681550.0], [279950.0, 2681650.0], [279850.0, 2681750.0], [279750.0, 2681850.0], [279650.0, 2681950.0], [279550.0, 2682050.0], [279450.0, 2682150.0], [279350.0, 2682250.0], [279250.0, 2682350.0], [279050.0, 2682450.0], [278950.0, 2682550.0], [278850.0, 2682650.0], [278750.0, 2682750.0], [278550.0, 2682850.0], [278350.0, 2682950.0], [278150.0, 2683050.0], [277950.0, 2683150.0], [277850.0, 2683150.0], [277650.0, 2683250.0], [277550.0, 2683250.0], [277450.0, 2683250.0], [277350.0, 2683250.0], [277150.0, 2683350.0], [277050.0, 2683350.0], [276850.0, 2683450.0], [276650.0, 2683350.0], [276550.0, 2683250.0], [276550.0, 2683150.0], [276450.0, 2683050.0]]}, "properties": {"point_id": 36, "emergency": "minor_illness", "season": "dry", "kind": "primary", "facility_cat": 18, "facility_name": "Katiyadi Upazilla Health Complex", "minutes": 11.0}}, {"type": "Feature", "geometry": {"type": "LineString", "coordinates": [[280650.0, 2680450.0], [280750.0, 2680350.0], [280850.0, 2680350.0], [280950.0, 2680350.0], [281050.0, 2680450.0], [281150.0, 2680350.0], [281250.0, 2680250.0], [281350.0, 2680150.0], [281450.0, 2679950.0], [281550.0, 2679850.0], [281650.0, 2679750.0], [281750.0, 2679650.0], [281850.0, 2679450.0], [281950.0, 2679350.0], [282050.0, 2679250.0], [282150.0, 2679150.0], [282250.0, 2679050.0], [282450.0, 2678950.0], [282550.0, 2678850.0], [282650.0, 2678750.0], [282750.0, 2678650.0], [282850.0, 2678550.0], [282950.0, 2678450.0], [283050.0, 2678350.0], [283150.0, 2678250.0], [283250.0, 2678150.0], [283350.0, 2677950.0], [283450.0, 2677850.0], [283550.0, 2677650.0], [283650.0, 2677550.0], [283750.0, 2677350.0], [283850.0, 2677150.0], [283950.0, 2676950.0], [283950.0, 2676850.0], [284050.0, 2676650.0], [284150.0, 2676450.0], [284250.0, 2676350.0], [284350.0, 2676350.0], [284550.0, 2676450.0], [284650.0, 2676550.0], [284850.0, 2676650.0], [284950.0, 2676750.0], [285050.0, 2676750.0], [285150.0, 2676750.0], [285250.0, 2676750.0], [285350.0, 2676750.0], [285450.0, 2676750.0], [285550.0, 2676750.0], [285650.0, 2676750.0], [285750.0, 2676750.0], [285850.0, 2676750.0], [285950.0, 2676750.0], [286050.0, 2676750.0], [286150.0, 2676750.0], [286250.0, 2676750.0], [286350.0, 2676750.0], [286550.0, 2676850.0], [286750.0, 2676950.0], [286950.0, 2677050.0], [287150.0, 2677150.0], [287350.0, 2677250.0], [287550.0, 2677350.0], [287650.0, 2677350.0], [287850.0, 2677450.0], [287950.0, 2677450.0], [288050.0, 2677450.0], [288250.0, 2677550.0], [288350.0, 2677650.0], [288450.0, 2677750.0], [288450.0, 2677850.0], [288450.0, 2677950.0]]}, "properties": {"point_id": 36, "emergency": "minor_illness", "season": "dry", "kind": "backup", "facility_cat": 2, "facility_name": "Johurul Islam Medical College and Hospital", "minutes": 22.0}}, {"type": "Feature", "geometry": {"type": "LineString", "coordinates": [[280650.0, 2680450.0], [280650.0, 2680550.0], [280650.0, 2680650.0], [280750.0, 2680850.0], [280650.0, 2680950.0], [280550.0, 2681050.0], [280450.0, 2681150.0], [280350.0, 2681250.0], [280250.0, 2681350.0], [280150.0, 2681450.0], [280050.0, 2681550.0], [279950.0, 2681650.0], [279850.0, 2681750.0], [279750.0, 2681850.0], [279650.0, 2681950.0], [279550.0, 2682050.0], [279450.0, 2682150.0], [279350.0, 2682250.0], [279250.0, 2682350.0], [279050.0, 2682450.0], [278950.0, 2682550.0], [278850.0, 2682650.0], [278750.0, 2682750.0], [278550.0, 2682850.0], [278350.0, 2682950.0], [278150.0, 2683050.0], [277950.0, 2683150.0], [277850.0, 2683150.0], [277650.0, 2683250.0], [277550.0, 2683250.0], [277450.0, 2683250.0], [277350.0, 2683250.0], [277150.0, 2683350.0], [277050.0, 2683350.0], [276850.0, 2683450.0], [276650.0, 2683350.0], [276550.0, 2683250.0], [276550.0, 2683150.0], [276450.0, 2683050.0]]}, "properties": {"point_id": 36, "emergency": "minor_illness", "season": "flood0708", "kind": "primary", "facility_cat": 18, "facility_name": "Katiyadi Upazilla Health Complex", "minutes": 11.0}}, {"type": "Feature", "geometry": {"type": "LineString", "coordinates": [[280650.0, 2680450.0], [280750.0, 2680350.0], [280850.0, 2680350.0], [280950.0, 2680350.0], [281050.0, 2680450.0], [281150.0, 2680350.0], [281250.0, 2680250.0], [281350.0, 2680150.0], [281450.0, 2679950.0], [281550.0, 2679850.0], [281650.0, 2679750.0], [281750.0, 2679650.0], [281850.0, 2679450.0], [281950.0, 2679350.0], [282050.0, 2679250.0], [282150.0, 2679150.0], [282250.0, 2679050.0], [282450.0, 2678950.0], [282550.0, 2678850.0], [282650.0, 2678750.0], [282750.0, 2678650.0], [282850.0, 2678550.0], [282950.0, 2678450.0], [283050.0, 2678350.0], [283150.0, 2678250.0], [283250.0, 2678150.0], [283350.0, 2677950.0], [283450.0, 2677850.0], [283550.0, 2677650.0], [283650.0, 2677550.0], [283750.0, 2677350.0], [283850.0, 2677150.0], [283950.0, 2676950.0], [283950.0, 2676850.0], [284050.0, 2676650.0], [284150.0, 2676450.0], [284250.0, 2676350.0], [284350.0, 2676350.0], [284550.0, 2676450.0], [284650.0, 2676550.0], [284850.0, 2676650.0], [284950.0, 2676750.0], [285050.0, 2676750.0], [285150.0, 2676750.0], [285250.0, 2676750.0], [285350.0, 2676750.0], [285450.0, 2676750.0], [285550.0, 2676750.0], [285650.0, 2676750.0], [285750.0, 2676750.0], [285850.0, 2676750.0], [285950.0, 2676750.0], [286050.0, 2676750.0], [286150.0, 2676750.0], [286250.0, 2676750.0], [286350.0, 2676750.0], [286550.0, 2676850.0], [286750.0, 2676950.0], [286950.0, 2677050.0], [287150.0, 2677150.0], [287350.0, 2677250.0], [287550.0, 2677350.0], [287650.0, 2677350.0], [287850.0, 2677450.0], [287950.0, 2677450.0], [288050.0, 2677450.0], [288250.0, 2677550.0], [288350.0, 2677650.0], [288450.0, 2677750.0], [288450.0, 2677850.0], [288450.0, 2677950.0]]}, "properties": {"point_id": 36, "emergency": "minor_illness", "season": "flood0708", "kind": "backup", "facility_cat": 2, "facility_name": "Johurul Islam Medical College and Hospital", "minutes": 22.0}}, {"type": "Feature", "geometry": {"type": "LineString", "coordinates": [[261050.0, 2684450.0], [261150.0, 2684550.0], [261250.0, 2684650.0], [261450.0, 2684750.0], [261550.0, 2684850.0], [261650.0, 2684950.0], [261750.0, 2685050.0], [261850.0, 2685150.0], [261950.0, 2685250.0], [261950.0, 2685350.0], [261950.0, 2685450.0], [261850.0, 2685650.0], [261750.0, 2685850.0], [261650.0, 2686050.0], [261550.0, 2686250.0], [261550.0, 2686350.0], [261550.0, 2686450.0], [261550.0, 2686550.0], [261450.0, 2686750.0], [261450.0, 2686850.0], [261450.0, 2686950.0], [261350.0, 2687150.0], [261350.0, 2687250.0], [261350.0, 2687350.0], [261350.0, 2687450.0], [261350.0, 2687550.0], [261450.0, 2687750.0], [261450.0, 2687850.0], [261450.0, 2687950.0], [261450.0, 2688050.0], [261450.0, 2688150.0], [261450.0, 2688250.0], [261450.0, 2688350.0], [261450.0, 2688450.0], [261450.0, 2688550.0], [261350.0, 2688750.0], [261350.0, 2688850.0], [261350.0, 2688950.0], [261350.0, 2689050.0], [261250.0, 2689250.0], [261250.0, 2689350.0], [261150.0, 2689550.0], [261050.0, 2689750.0], [261050.0, 2689850.0], [261050.0, 2689950.0], [261050.0, 2690050.0], [261050.0, 2690150.0], [261050.0, 2690250.0], [261150.0, 2690350.0], [261250.0, 2690350.0], [261350.0, 2690350.0], [261450.0, 2690350.0], [261550.0, 2690350.0], [261750.0, 2690450.0], [261850.0, 2690450.0], [261950.0, 2690450.0], [262150.0, 2690550.0], [262250.0, 2690650.0], [262450.0, 2690750.0], [262650.0, 2690850.0], [262750.0, 2690950.0], [262950.0, 2691050.0], [263050.0, 2691150.0], [263250.0, 2691250.0], [263450.0, 2691350.0], [263550.0, 2691450.0], [263650.0, 2691550.0], [263750.0, 2691650.0], [263850.0, 2691750.0], [263950.0, 2691850.0], [264050.0, 2692050.0], [264150.0, 2692150.0], [264250.0, 2692250.0], [264350.0, 2692350.0], [264450.0, 2692450.0], [264550.0, 2692550.0], [264550.0, 2692650.0]]}, "properties": {"point_id": 37, "emergency": "childbirth_complication", "season": "dry", "kind": "primary", "facility_cat": 21, "facility_name": "Pakundia Upazilla Health Complex", "minutes": 24.0}}, {"type": "Feature", "geometry": {"type": "LineString", "coordinates": [[261050.0, 2684450.0], [261150.0, 2684550.0], [261250.0, 2684650.0], [261450.0, 2684750.0], [261550.0, 2684850.0], [261650.0, 2684950.0], [261750.0, 2685050.0], [261850.0, 2685150.0], [262050.0, 2685250.0], [262150.0, 2685250.0], [262350.0, 2685150.0], [262450.0, 2685050.0], [262550.0, 2684950.0], [262750.0, 2684850.0], [262950.0, 2684750.0], [263150.0, 2684650.0], [263350.0, 2684550.0], [263550.0, 2684450.0], [263750.0, 2684350.0], [263950.0, 2684250.0], [264050.0, 2684250.0], [264250.0, 2684150.0], [264350.0, 2684150.0], [264550.0, 2684050.0], [264650.0, 2684050.0], [264850.0, 2683950.0], [264950.0, 2683950.0], [265050.0, 2683950.0], [265250.0, 2683850.0], [265350.0, 2683850.0], [265450.0, 2683850.0], [265550.0, 2683850.0], [265650.0, 2683850.0], [265850.0, 2683750.0], [265950.0, 2683750.0], [266050.0, 2683750.0], [266150.0, 2683750.0], [266250.0, 2683750.0], [266350.0, 2683750.0], [266550.0, 2683850.0], [266650.0, 2683850.0], [266750.0, 2683850.0], [266850.0, 2683850.0], [267050.0, 2683950.0], [267150.0, 2683950.0], [267350.0, 2684050.0], [267450.0, 2684050.0], [267650.0, 2684150.0], [267850.0, 2684250.0], [268050.0, 2684350.0], [268250.0, 2684450.0], [268350.0, 2684550.0], [268550.0, 2684650.0], [268750.0, 2684750.0], [268950.0, 2684850.0], [269050.0, 2684950.0], [269250.0, 2685050.0], [269450.0, 2685150.0], [269650.0, 2685250.0], [269850.0, 2685350.0], [270050.0, 2685450.0], [270150.0, 2685550.0], [270250.0, 2685550.0], [270450.0, 2685650.0], [270550.0, 2685650.0], [270750.0, 2685550.0], [270850.0, 2685550.0], [270950.0, 2685550.0], [271150.0, 2685450.0], [271350.0, 2685350.0], [271550.0, 2685250.0], [271650.0, 2685250.0], [271750.0, 2685250.0], [271850.0, 2685250.0], [271950.0, 2685250.0], [272050.0, 2685250.0], [272150.0, 2685250.0], [272250.0, 2685250.0], [272350.0, 2685250.0], [272450.0, 2685250.0], [272550.0, 2685250.0], [272650.0, 2685250.0], [272750.0, 2685250.0], [272850.0, 2685250.0], [272950.0, 2685250.0], [273050.0, 2685250.0], [273250.0, 2685150.0], [273350.0, 2685050.0], [273450.0, 2684950.0], [273550.0, 2684850.0], [273550.0, 2684750.0], [273650.0, 2684650.0], [273750.0, 2684550.0], [273850.0, 2684550.0], [274050.0, 2684450.0], [274250.0, 2684350.0], [274350.0, 2684250.0], [274550.0, 2684150.0], [274650.0, 2684150.0], [274850.0, 2684050.0], [275050.0, 2683950.0], [275150.0, 2683850.0], [275250.0, 2683850.0], [275350.0, 2683850.0], [275450.0, 2683850.0], [275550.0, 2683850.0], [275650.0, 2683850.0], [275750.0, 2683850.0], [275850.0, 2683850.0], [275950.0, 2683850.0], [276050.0, 2683650.0], [276050.0, 2683550.0], [276050.0, 2683450.0], [276050.0, 2683350.0], [276150.0, 2683250.0], [276250.0, 2683150.0], [276350.0, 2683050.0], [276450.0, 2683050.0]]}, "properties": {"point_id": 37, "emergency": "childbirth_complication", "season": "dry", "kind": "backup", "facility_cat": 18, "facility_name": "Katiyadi Upazilla Health Complex", "minutes": 30.0}}, {"type": "Feature", "geometry": {"type": "LineString", "coordinates": [[261050.0, 2684450.0], [261150.0, 2684550.0], [261250.0, 2684650.0], [261450.0, 2684750.0], [261550.0, 2684850.0], [261650.0, 2684950.0], [261750.0, 2685050.0], [261850.0, 2685150.0], [261950.0, 2685250.0], [261950.0, 2685350.0], [261950.0, 2685450.0], [261850.0, 2685650.0], [261750.0, 2685850.0], [261650.0, 2686050.0], [261550.0, 2686250.0], [261550.0, 2686350.0], [261550.0, 2686450.0], [261550.0, 2686550.0], [261450.0, 2686750.0], [261450.0, 2686850.0], [261450.0, 2686950.0], [261350.0, 2687150.0], [261350.0, 2687250.0], [261350.0, 2687350.0], [261350.0, 2687450.0], [261350.0, 2687550.0], [261450.0, 2687750.0], [261450.0, 2687850.0], [261450.0, 2687950.0], [261450.0, 2688050.0], [261450.0, 2688150.0], [261450.0, 2688250.0], [261450.0, 2688350.0], [261450.0, 2688450.0], [261450.0, 2688550.0], [261350.0, 2688750.0], [261350.0, 2688850.0], [261350.0, 2688950.0], [261350.0, 2689050.0], [261250.0, 2689250.0], [261250.0, 2689350.0], [261150.0, 2689550.0], [261050.0, 2689750.0], [261050.0, 2689850.0], [261050.0, 2689950.0], [261050.0, 2690050.0], [261050.0, 2690150.0], [261050.0, 2690250.0], [261150.0, 2690350.0], [261250.0, 2690350.0], [261350.0, 2690350.0], [261450.0, 2690350.0], [261550.0, 2690350.0], [261750.0, 2690450.0], [261850.0, 2690450.0], [261950.0, 2690450.0], [262150.0, 2690550.0], [262250.0, 2690650.0], [262450.0, 2690750.0], [262650.0, 2690850.0], [262750.0, 2690950.0], [262950.0, 2691050.0], [263050.0, 2691150.0], [263250.0, 2691250.0], [263450.0, 2691350.0], [263550.0, 2691450.0], [263650.0, 2691550.0], [263750.0, 2691650.0], [263850.0, 2691750.0], [263950.0, 2691850.0], [264050.0, 2692050.0], [264150.0, 2692150.0], [264250.0, 2692250.0], [264350.0, 2692350.0], [264450.0, 2692450.0], [264550.0, 2692550.0], [264550.0, 2692650.0]]}, "properties": {"point_id": 37, "emergency": "childbirth_complication", "season": "flood0708", "kind": "primary", "facility_cat": 21, "facility_name": "Pakundia Upazilla Health Complex", "minutes": 24.0}}, {"type": "Feature", "geometry": {"type": "LineString", "coordinates": [[261050.0, 2684450.0], [261150.0, 2684550.0], [261250.0, 2684650.0], [261450.0, 2684750.0], [261550.0, 2684850.0], [261650.0, 2684950.0], [261750.0, 2685050.0], [261850.0, 2685150.0], [262050.0, 2685250.0], [262150.0, 2685250.0], [262350.0, 2685150.0], [262450.0, 2685050.0], [262550.0, 2684950.0], [262750.0, 2684850.0], [262950.0, 2684750.0], [263150.0, 2684650.0], [263350.0, 2684550.0], [263550.0, 2684450.0], [263750.0, 2684350.0], [263950.0, 2684250.0], [264050.0, 2684250.0], [264250.0, 2684150.0], [264350.0, 2684150.0], [264550.0, 2684050.0], [264650.0, 2684050.0], [264850.0, 2683950.0], [264950.0, 2683950.0], [265050.0, 2683950.0], [265250.0, 2683850.0], [265350.0, 2683850.0], [265450.0, 2683850.0], [265550.0, 2683850.0], [265650.0, 2683850.0], [265850.0, 2683750.0], [265950.0, 2683750.0], [266050.0, 2683750.0], [266150.0, 2683750.0], [266250.0, 2683750.0], [266350.0, 2683750.0], [266550.0, 2683850.0], [266650.0, 2683850.0], [266750.0, 2683850.0], [266850.0, 2683850.0], [267050.0, 2683950.0], [267150.0, 2683950.0], [267350.0, 2684050.0], [267450.0, 2684050.0], [267650.0, 2684150.0], [267850.0, 2684250.0], [268050.0, 2684350.0], [268250.0, 2684450.0], [268350.0, 2684550.0], [268550.0, 2684650.0], [268750.0, 2684750.0], [268950.0, 2684850.0], [269050.0, 2684950.0], [269250.0, 2685050.0], [269450.0, 2685150.0], [269650.0, 2685250.0], [269850.0, 2685350.0], [270050.0, 2685450.0], [270150.0, 2685550.0], [270250.0, 2685550.0], [270450.0, 2685650.0], [270550.0, 2685650.0], [270750.0, 2685550.0], [270850.0, 2685550.0], [270950.0, 2685550.0], [271150.0, 2685450.0], [271350.0, 2685350.0], [271550.0, 2685250.0], [271650.0, 2685250.0], [271750.0, 2685250.0], [271850.0, 2685250.0], [271950.0, 2685250.0], [272050.0, 2685250.0], [272150.0, 2685250.0], [272250.0, 2685250.0], [272350.0, 2685250.0], [272450.0, 2685250.0], [272550.0, 2685250.0], [272650.0, 2685250.0], [272750.0, 2685250.0], [272850.0, 2685250.0], [272950.0, 2685250.0], [273050.0, 2685250.0], [273250.0, 2685150.0], [273350.0, 2685050.0], [273450.0, 2684950.0], [273550.0, 2684850.0], [273550.0, 2684750.0], [273650.0, 2684650.0], [273750.0, 2684550.0], [273850.0, 2684550.0], [274050.0, 2684450.0], [274250.0, 2684350.0], [274350.0, 2684250.0], [274550.0, 2684150.0], [274650.0, 2684150.0], [274850.0, 2684050.0], [275050.0, 2683950.0], [275150.0, 2683850.0], [275250.0, 2683850.0], [275350.0, 2683850.0], [275450.0, 2683850.0], [275550.0, 2683850.0], [275650.0, 2683850.0], [275750.0, 2683850.0], [275850.0, 2683850.0], [275950.0, 2683850.0], [276050.0, 2683650.0], [276050.0, 2683550.0], [276050.0, 2683450.0], [276050.0, 2683350.0], [276150.0, 2683250.0], [276250.0, 2683150.0], [276350.0, 2683050.0], [276450.0, 2683050.0]]}, "properties": {"point_id": 37, "emergency": "childbirth_complication", "season": "flood0708", "kind": "backup", "facility_cat": 18, "facility_name": "Katiyadi Upazilla Health Complex", "minutes": 30.0}}, {"type": "Feature", "geometry": {"type": "LineString", "coordinates": [[381450.0, 2717450.0], [381650.0, 2717550.0], [381750.0, 2717550.0], [381850.0, 2717550.0], [381950.0, 2717550.0], [382050.0, 2717550.0], [382150.0, 2717550.0], [382350.0, 2717650.0], [382450.0, 2717550.0], [382550.0, 2717350.0], [382650.0, 2717150.0], [382650.0, 2717050.0], [382750.0, 2716850.0], [382850.0, 2716750.0], [382950.0, 2716550.0], [382950.0, 2716450.0], [383050.0, 2716250.0], [383150.0, 2716050.0], [383250.0, 2715850.0], [383350.0, 2715650.0], [383450.0, 2715450.0], [383450.0, 2715350.0], [383550.0, 2715150.0], [383650.0, 2715050.0], [383750.0, 2714950.0], [383750.0, 2714850.0], [383750.0, 2714750.0], [383750.0, 2714650.0], [383750.0, 2714550.0], [383750.0, 2714450.0], [383750.0, 2714350.0], [383750.0, 2714250.0], [383750.0, 2714150.0], [383750.0, 2714050.0], [383750.0, 2713950.0], [383850.0, 2713850.0], [383950.0, 2713750.0], [383950.0, 2713650.0], [383850.0, 2713450.0], [383850.0, 2713350.0], [383850.0, 2713250.0], [383850.0, 2713150.0]]}, "properties": {"point_id": 38, "emergency": "snakebite", "season": "dry", "kind": "primary", "facility_cat": 33, "facility_name": "Rajanagar Upazila Health Complex", "minutes": 36.0}}, {"type": "Feature", "geometry": {"type": "LineString", "coordinates": [[381450.0, 2717450.0], [381650.0, 2717550.0], [381750.0, 2717550.0], [381850.0, 2717550.0], [381950.0, 2717550.0], [382050.0, 2717550.0], [382150.0, 2717550.0], [382350.0, 2717650.0], [382450.0, 2717550.0], [382550.0, 2717350.0], [382650.0, 2717150.0], [382650.0, 2717050.0], [382750.0, 2716850.0], [382850.0, 2716750.0], [382950.0, 2716550.0], [382950.0, 2716450.0], [383050.0, 2716250.0], [383150.0, 2716050.0], [383250.0, 2715850.0], [383350.0, 2715650.0], [383450.0, 2715450.0], [383450.0, 2715350.0], [383550.0, 2715150.0], [383650.0, 2715050.0], [383750.0, 2714950.0], [383750.0, 2714850.0], [383750.0, 2714750.0], [383750.0, 2714650.0], [383750.0, 2714550.0], [383750.0, 2714450.0], [383750.0, 2714350.0], [383750.0, 2714250.0], [383750.0, 2714150.0], [383750.0, 2714050.0], [383750.0, 2713950.0], [383850.0, 2713850.0], [383950.0, 2713750.0], [383950.0, 2713650.0], [383850.0, 2713450.0], [383850.0, 2713350.0], [383850.0, 2713250.0], [383950.0, 2713150.0], [384050.0, 2713050.0], [384050.0, 2712950.0], [384050.0, 2712850.0], [384050.0, 2712750.0], [384050.0, 2712650.0], [384050.0, 2712550.0], [384050.0, 2712450.0], [383950.0, 2712250.0], [383950.0, 2712150.0], [383850.0, 2712050.0], [383650.0, 2711950.0], [383550.0, 2711950.0], [383450.0, 2711950.0], [383250.0, 2711850.0], [383050.0, 2711750.0], [382950.0, 2711650.0], [382750.0, 2711550.0], [382650.0, 2711450.0], [382450.0, 2711350.0], [382350.0, 2711250.0], [382150.0, 2711150.0], [382050.0, 2711050.0], [381950.0, 2710950.0], [381750.0, 2710850.0], [381550.0, 2710750.0], [381450.0, 2710750.0], [381250.0, 2710650.0], [381050.0, 2710550.0], [380950.0, 2710550.0], [380750.0, 2710450.0], [380550.0, 2710350.0], [380350.0, 2710250.0], [380250.0, 2710250.0], [380050.0, 2710150.0], [379950.0, 2710150.0], [379850.0, 2710150.0], [379750.0, 2710150.0], [379650.0, 2710150.0], [379450.0, 2710250.0], [379350.0, 2710350.0], [379250.0, 2710350.0], [379150.0, 2710350.0], [379050.0, 2710350.0], [378950.0, 2710350.0], [378850.0, 2710350.0], [378750.0, 2710350.0], [378550.0, 2710450.0], [378450.0, 2710450.0], [378350.0, 2710450.0], [378250.0, 2710450.0], [378150.0, 2710450.0], [378050.0, 2710450.0], [377950.0, 2710450.0], [377750.0, 2710550.0], [377650.0, 2710550.0], [377550.0, 2710550.0], [377450.0, 2710550.0], [377250.0, 2710450.0], [377150.0, 2710450.0], [377050.0, 2710450.0], [376950.0, 2710450.0], [376750.0, 2710350.0], [376650.0, 2710350.0], [376450.0, 2710250.0], [376350.0, 2710250.0], [376150.0, 2710150.0], [375950.0, 2710050.0], [375850.0, 2709950.0], [375750.0, 2709850.0], [375750.0, 2709750.0], [375750.0, 2709650.0], [375750.0, 2709550.0], [375850.0, 2709350.0], [375850.0, 2709250.0], [375850.0, 2709150.0], [375850.0, 2709050.0], [375950.0, 2708850.0], [375950.0, 2708750.0], [375950.0, 2708650.0], [375850.0, 2708550.0], [375650.0, 2708650.0], [375550.0, 2708650.0], [375450.0, 2708650.0], [375350.0, 2708650.0], [375250.0, 2708650.0], [375050.0, 2708550.0], [374950.0, 2708450.0], [374950.0, 2708350.0], [374950.0, 2708250.0], [374950.0, 2708150.0], [374950.0, 2708050.0]]}, "properties": {"point_id": 38, "emergency": "snakebite", "season": "dry", "kind": "backup", "facility_cat": 11, "facility_name": "Moulvibaza Sadar Hospital", "minutes": 56.0}}, {"type": "Feature", "geometry": {"type": "LineString", "coordinates": [[381450.0, 2717450.0], [381650.0, 2717550.0], [381750.0, 2717550.0], [381850.0, 2717550.0], [381950.0, 2717550.0], [382050.0, 2717550.0], [382150.0, 2717550.0], [382350.0, 2717650.0], [382450.0, 2717550.0], [382550.0, 2717350.0], [382650.0, 2717150.0], [382650.0, 2717050.0], [382750.0, 2716850.0], [382850.0, 2716750.0], [382950.0, 2716550.0], [382950.0, 2716450.0], [383050.0, 2716250.0], [383150.0, 2716150.0], [383250.0, 2716150.0], [383350.0, 2716150.0], [383450.0, 2716150.0], [383550.0, 2716050.0], [383650.0, 2715950.0], [383750.0, 2715850.0], [383650.0, 2715650.0], [383450.0, 2715550.0], [383450.0, 2715450.0], [383450.0, 2715350.0], [383550.0, 2715150.0], [383650.0, 2715050.0], [383750.0, 2714950.0], [383750.0, 2714850.0], [383750.0, 2714750.0], [383750.0, 2714650.0], [383750.0, 2714550.0], [383750.0, 2714450.0], [383750.0, 2714350.0], [383750.0, 2714250.0], [383750.0, 2714150.0], [383750.0, 2714050.0], [383750.0, 2713950.0], [383850.0, 2713850.0], [383950.0, 2713750.0], [383950.0, 2713650.0], [383850.0, 2713450.0], [383850.0, 2713350.0], [383850.0, 2713250.0], [383850.0, 2713150.0]]}, "properties": {"point_id": 38, "emergency": "snakebite", "season": "flood0708", "kind": "primary", "facility_cat": 33, "facility_name": "Rajanagar Upazila Health Complex", "minutes": 41.0}}, {"type": "Feature", "geometry": {"type": "LineString", "coordinates": [[381450.0, 2717450.0], [381650.0, 2717550.0], [381750.0, 2717550.0], [381850.0, 2717550.0], [381950.0, 2717550.0], [382050.0, 2717550.0], [382150.0, 2717550.0], [382350.0, 2717650.0], [382450.0, 2717550.0], [382550.0, 2717350.0], [382650.0, 2717150.0], [382650.0, 2717050.0], [382750.0, 2716850.0], [382850.0, 2716750.0], [382950.0, 2716550.0], [382950.0, 2716450.0], [383050.0, 2716250.0], [383150.0, 2716150.0], [383250.0, 2716150.0], [383350.0, 2716150.0], [383450.0, 2716150.0], [383550.0, 2716050.0], [383650.0, 2715950.0], [383750.0, 2715850.0], [383650.0, 2715650.0], [383450.0, 2715550.0], [383450.0, 2715450.0], [383450.0, 2715350.0], [383550.0, 2715150.0], [383650.0, 2715050.0], [383750.0, 2714950.0], [383750.0, 2714850.0], [383750.0, 2714750.0], [383750.0, 2714650.0], [383750.0, 2714550.0], [383750.0, 2714450.0], [383750.0, 2714350.0], [383750.0, 2714250.0], [383750.0, 2714150.0], [383750.0, 2714050.0], [383750.0, 2713950.0], [383850.0, 2713850.0], [383950.0, 2713750.0], [383950.0, 2713650.0], [383850.0, 2713450.0], [383850.0, 2713350.0], [383850.0, 2713250.0], [383950.0, 2713150.0], [384050.0, 2713050.0], [384050.0, 2712950.0], [384050.0, 2712850.0], [384050.0, 2712750.0], [384050.0, 2712650.0], [384050.0, 2712550.0], [384050.0, 2712450.0], [383950.0, 2712250.0], [383950.0, 2712150.0], [383850.0, 2712050.0], [383650.0, 2711950.0], [383550.0, 2711950.0], [383450.0, 2711950.0], [383250.0, 2711850.0], [383050.0, 2711750.0], [382950.0, 2711650.0], [382750.0, 2711550.0], [382650.0, 2711450.0], [382450.0, 2711350.0], [382350.0, 2711250.0], [382150.0, 2711150.0], [382050.0, 2711050.0], [381950.0, 2710950.0], [381750.0, 2710850.0], [381550.0, 2710750.0], [381450.0, 2710750.0], [381250.0, 2710650.0], [381050.0, 2710550.0], [380950.0, 2710550.0], [380750.0, 2710450.0], [380550.0, 2710350.0], [380350.0, 2710250.0], [380250.0, 2710250.0], [380050.0, 2710150.0], [379950.0, 2710150.0], [379850.0, 2710150.0], [379750.0, 2710150.0], [379650.0, 2710150.0], [379450.0, 2710250.0], [379350.0, 2710350.0], [379250.0, 2710350.0], [379150.0, 2710350.0], [379050.0, 2710350.0], [378950.0, 2710350.0], [378850.0, 2710350.0], [378750.0, 2710350.0], [378550.0, 2710450.0], [378450.0, 2710450.0], [378350.0, 2710450.0], [378250.0, 2710450.0], [378150.0, 2710450.0], [378050.0, 2710450.0], [377950.0, 2710450.0], [377750.0, 2710550.0], [377650.0, 2710550.0], [377550.0, 2710550.0], [377450.0, 2710550.0], [377250.0, 2710450.0], [377150.0, 2710450.0], [377050.0, 2710450.0], [376950.0, 2710450.0], [376750.0, 2710350.0], [376650.0, 2710350.0], [376450.0, 2710250.0], [376350.0, 2710250.0], [376150.0, 2710150.0], [375950.0, 2710050.0], [375850.0, 2709950.0], [375750.0, 2709850.0], [375750.0, 2709750.0], [375750.0, 2709650.0], [375750.0, 2709550.0], [375850.0, 2709350.0], [375850.0, 2709250.0], [375850.0, 2709150.0], [375850.0, 2709050.0], [375950.0, 2708850.0], [375950.0, 2708750.0], [375950.0, 2708650.0], [375850.0, 2708550.0], [375650.0, 2708650.0], [375550.0, 2708650.0], [375450.0, 2708650.0], [375350.0, 2708650.0], [375250.0, 2708650.0], [375050.0, 2708550.0], [374950.0, 2708450.0], [374950.0, 2708350.0], [374950.0, 2708250.0], [374950.0, 2708150.0], [374950.0, 2708050.0]]}, "properties": {"point_id": 38, "emergency": "snakebite", "season": "flood0708", "kind": "backup", "facility_cat": 11, "facility_name": "Moulvibaza Sadar Hospital", "minutes": 61.0}}, {"type": "Feature", "geometry": {"type": "LineString", "coordinates": [[287750.0, 2753050.0], [287650.0, 2753150.0], [287550.0, 2753250.0], [287450.0, 2753350.0], [287350.0, 2753550.0], [287250.0, 2753650.0], [287150.0, 2753850.0], [287150.0, 2753950.0], [287150.0, 2754050.0], [287150.0, 2754150.0], [287150.0, 2754250.0], [287250.0, 2754350.0], [287350.0, 2754350.0], [287450.0, 2754450.0], [287550.0, 2754550.0], [287750.0, 2754450.0], [287950.0, 2754350.0], [288050.0, 2754350.0], [288250.0, 2754250.0], [288450.0, 2754150.0], [288550.0, 2754150.0], [288650.0, 2754150.0], [288850.0, 2754050.0], [288950.0, 2754050.0], [289050.0, 2754050.0], [289250.0, 2753950.0], [289350.0, 2753950.0], [289550.0, 2753850.0], [289650.0, 2753750.0], [289850.0, 2753650.0], [290050.0, 2753550.0], [290250.0, 2753450.0], [290450.0, 2753350.0], [290650.0, 2753250.0], [290750.0, 2753150.0], [290950.0, 2753050.0], [291150.0, 2752950.0], [291350.0, 2752850.0], [291550.0, 2752750.0], [291650.0, 2752650.0], [291750.0, 2752550.0], [291850.0, 2752450.0], [291950.0, 2752350.0], [292050.0, 2752250.0], [292150.0, 2752150.0], [292250.0, 2752050.0], [292350.0, 2751950.0], [292450.0, 2751950.0], [292650.0, 2751850.0], [292750.0, 2751850.0], [292850.0, 2751850.0], [292950.0, 2751850.0], [293050.0, 2751850.0], [293150.0, 2751850.0], [293250.0, 2751850.0], [293350.0, 2751850.0], [293450.0, 2751850.0], [293550.0, 2751850.0], [293650.0, 2751850.0], [293850.0, 2751950.0], [293950.0, 2751950.0], [294150.0, 2752050.0], [294250.0, 2752050.0], [294450.0, 2752150.0], [294550.0, 2752150.0], [294650.0, 2752150.0], [294850.0, 2752250.0], [294950.0, 2752250.0], [295050.0, 2752250.0], [295150.0, 2752250.0], [295350.0, 2752350.0], [295450.0, 2752350.0], [295550.0, 2752450.0], [295650.0, 2752550.0], [295750.0, 2752650.0], [295850.0, 2752650.0], [295950.0, 2752750.0], [296050.0, 2752850.0], [296050.0, 2752950.0], [296150.0, 2753050.0]]}, "properties": {"point_id": 39, "emergency": "injury_drowning", "season": "dry", "kind": "primary", "facility_cat": 29, "facility_name": "Mohanganj Upazila Health Complex", "minutes": 36.0}}, {"type": "Feature", "geometry": {"type": "LineString", "coordinates": [[287750.0, 2753050.0], [287650.0, 2753150.0], [287550.0, 2753150.0], [287450.0, 2753150.0], [287350.0, 2753150.0], [287250.0, 2753150.0], [287150.0, 2753150.0], [287050.0, 2753150.0], [286950.0, 2753050.0], [286850.0, 2752950.0], [286850.0, 2752850.0], [286850.0, 2752750.0], [286750.0, 2752550.0], [286750.0, 2752450.0], [286850.0, 2752250.0], [286850.0, 2752150.0], [286850.0, 2752050.0], [286850.0, 2751950.0], [286850.0, 2751850.0], [286750.0, 2751650.0], [286750.0, 2751550.0], [286750.0, 2751450.0], [286750.0, 2751350.0], [286750.0, 2751250.0], [286850.0, 2751050.0], [286850.0, 2750950.0], [286750.0, 2750750.0], [286750.0, 2750650.0], [286750.0, 2750550.0], [286650.0, 2750350.0], [286550.0, 2750150.0], [286450.0, 2749950.0], [286350.0, 2749750.0], [286250.0, 2749650.0], [286150.0, 2749450.0], [286150.0, 2749350.0], [286050.0, 2749250.0], [285950.0, 2749150.0], [285850.0, 2749050.0], [285750.0, 2748950.0], [285650.0, 2748850.0], [285650.0, 2748750.0], [285550.0, 2748550.0], [285550.0, 2748450.0], [285450.0, 2748250.0], [285350.0, 2748150.0], [285150.0, 2748050.0], [285050.0, 2747950.0], [284950.0, 2747950.0], [284850.0, 2747850.0], [284750.0, 2747750.0], [284650.0, 2747650.0], [284550.0, 2747550.0], [284450.0, 2747350.0], [284450.0, 2747250.0], [284450.0, 2747150.0], [284450.0, 2747050.0], [284450.0, 2746950.0], [284450.0, 2746850.0], [284450.0, 2746750.0], [284350.0, 2746550.0], [284350.0, 2746450.0], [284350.0, 2746350.0], [284350.0, 2746250.0], [284350.0, 2746150.0], [284250.0, 2746050.0], [284150.0, 2746050.0], [284050.0, 2746050.0], [283950.0, 2745950.0], [283950.0, 2745850.0], [283950.0, 2745750.0], [283950.0, 2745650.0], [283950.0, 2745550.0]]}, "properties": {"point_id": 39, "emergency": "injury_drowning", "season": "dry", "kind": "backup", "facility_cat": 44, "facility_name": "Atpara Upazila Health Complex", "minutes": 42.0}}, {"type": "Feature", "geometry": {"type": "LineString", "coordinates": [[287750.0, 2753050.0], [287650.0, 2753150.0], [287550.0, 2753250.0], [287450.0, 2753350.0], [287350.0, 2753550.0], [287250.0, 2753650.0], [287150.0, 2753850.0], [287150.0, 2753950.0], [287150.0, 2754050.0], [287150.0, 2754150.0], [287150.0, 2754250.0], [287250.0, 2754350.0], [287350.0, 2754350.0], [287450.0, 2754450.0], [287550.0, 2754550.0], [287750.0, 2754450.0], [287950.0, 2754350.0], [288050.0, 2754350.0], [288250.0, 2754250.0], [288450.0, 2754150.0], [288550.0, 2754150.0], [288650.0, 2754150.0], [288850.0, 2754050.0], [288950.0, 2754050.0], [289050.0, 2754050.0], [289250.0, 2753950.0], [289350.0, 2753950.0], [289550.0, 2753850.0], [289650.0, 2753750.0], [289850.0, 2753650.0], [290050.0, 2753550.0], [290250.0, 2753450.0], [290450.0, 2753350.0], [290650.0, 2753250.0], [290750.0, 2753150.0], [290950.0, 2753050.0], [291150.0, 2752950.0], [291350.0, 2752850.0], [291550.0, 2752750.0], [291650.0, 2752650.0], [291750.0, 2752550.0], [291850.0, 2752450.0], [291950.0, 2752350.0], [292050.0, 2752250.0], [292150.0, 2752150.0], [292250.0, 2752050.0], [292350.0, 2751950.0], [292450.0, 2751950.0], [292650.0, 2751850.0], [292750.0, 2751850.0], [292850.0, 2751850.0], [292950.0, 2751850.0], [293050.0, 2751850.0], [293150.0, 2751850.0], [293250.0, 2751850.0], [293350.0, 2751850.0], [293450.0, 2751850.0], [293550.0, 2751850.0], [293650.0, 2751850.0], [293850.0, 2751950.0], [293950.0, 2751950.0], [294150.0, 2752050.0], [294250.0, 2752050.0], [294450.0, 2752150.0], [294550.0, 2752150.0], [294650.0, 2752150.0], [294850.0, 2752250.0], [294950.0, 2752250.0], [295050.0, 2752250.0], [295150.0, 2752250.0], [295350.0, 2752350.0], [295450.0, 2752350.0], [295550.0, 2752450.0], [295650.0, 2752550.0], [295750.0, 2752650.0], [295850.0, 2752650.0], [295950.0, 2752750.0], [296050.0, 2752850.0], [296050.0, 2752950.0], [296150.0, 2753050.0]]}, "properties": {"point_id": 39, "emergency": "injury_drowning", "season": "flood0708", "kind": "primary", "facility_cat": 29, "facility_name": "Mohanganj Upazila Health Complex", "minutes": 36.0}}, {"type": "Feature", "geometry": {"type": "LineString", "coordinates": [[287750.0, 2753050.0], [287650.0, 2753150.0], [287550.0, 2753150.0], [287450.0, 2753150.0], [287350.0, 2753150.0], [287250.0, 2753150.0], [287150.0, 2753150.0], [287050.0, 2753150.0], [286950.0, 2753050.0], [286850.0, 2752950.0], [286850.0, 2752850.0], [286850.0, 2752750.0], [286750.0, 2752550.0], [286750.0, 2752450.0], [286850.0, 2752250.0], [286850.0, 2752150.0], [286850.0, 2752050.0], [286850.0, 2751950.0], [286850.0, 2751850.0], [286750.0, 2751650.0], [286750.0, 2751550.0], [286750.0, 2751450.0], [286750.0, 2751350.0], [286750.0, 2751250.0], [286850.0, 2751050.0], [286850.0, 2750950.0], [286750.0, 2750750.0], [286750.0, 2750650.0], [286750.0, 2750550.0], [286650.0, 2750350.0], [286550.0, 2750150.0], [286450.0, 2749950.0], [286350.0, 2749750.0], [286250.0, 2749650.0], [286150.0, 2749450.0], [286150.0, 2749350.0], [286050.0, 2749250.0], [285950.0, 2749150.0], [285850.0, 2749050.0], [285750.0, 2748950.0], [285650.0, 2748850.0], [285650.0, 2748750.0], [285550.0, 2748550.0], [285550.0, 2748450.0], [285450.0, 2748250.0], [285350.0, 2748150.0], [285150.0, 2748050.0], [285050.0, 2747950.0], [284950.0, 2747950.0], [284850.0, 2747850.0], [284750.0, 2747750.0], [284650.0, 2747650.0], [284550.0, 2747550.0], [284450.0, 2747350.0], [284450.0, 2747250.0], [284450.0, 2747150.0], [284450.0, 2747050.0], [284450.0, 2746950.0], [284450.0, 2746850.0], [284450.0, 2746750.0], [284350.0, 2746550.0], [284350.0, 2746450.0], [284350.0, 2746350.0], [284350.0, 2746250.0], [284350.0, 2746150.0], [284250.0, 2746050.0], [284150.0, 2746050.0], [284050.0, 2746050.0], [283950.0, 2745950.0], [283950.0, 2745850.0], [283950.0, 2745750.0], [283950.0, 2745650.0], [283950.0, 2745550.0]]}, "properties": {"point_id": 39, "emergency": "injury_drowning", "season": "flood0708", "kind": "backup", "facility_cat": 44, "facility_name": "Atpara Upazila Health Complex", "minutes": 42.0}}, {"type": "Feature", "geometry": {"type": "LineString", "coordinates": [[314150.0, 2697450.0], [314250.0, 2697650.0], [314350.0, 2697850.0], [314450.0, 2697950.0], [314550.0, 2698150.0], [314650.0, 2698250.0], [314750.0, 2698350.0], [314850.0, 2698450.0], [314950.0, 2698550.0], [315050.0, 2698650.0], [315150.0, 2698750.0], [315250.0, 2698850.0], [315350.0, 2698950.0], [315450.0, 2699050.0], [315550.0, 2699150.0], [315650.0, 2699250.0], [315750.0, 2699350.0], [315850.0, 2699550.0], [315950.0, 2699750.0], [316050.0, 2699850.0], [316150.0, 2699950.0], [316250.0, 2700050.0], [316350.0, 2700150.0], [316450.0, 2700250.0], [316550.0, 2700350.0], [316650.0, 2700450.0], [316750.0, 2700650.0], [316850.0, 2700850.0], [316950.0, 2701050.0], [317050.0, 2701150.0], [317050.0, 2701250.0], [316950.0, 2701350.0], [316750.0, 2701450.0], [316550.0, 2701550.0], [316350.0, 2701650.0], [316150.0, 2701750.0], [316050.0, 2701750.0], [315950.0, 2701850.0], [315750.0, 2701950.0], [315550.0, 2702050.0], [315350.0, 2702150.0], [315150.0, 2702250.0], [315050.0, 2702350.0], [314850.0, 2702450.0], [314750.0, 2702550.0], [314550.0, 2702650.0], [314350.0, 2702750.0], [314150.0, 2702850.0], [313950.0, 2702950.0], [313750.0, 2703050.0], [313550.0, 2703150.0], [313350.0, 2703250.0], [313150.0, 2703350.0], [312950.0, 2703450.0], [312750.0, 2703550.0], [312550.0, 2703650.0], [312350.0, 2703750.0], [312250.0, 2703750.0]]}, "properties": {"point_id": 40, "emergency": "minor_illness", "season": "dry", "kind": "primary", "facility_cat": 58, "facility_name": "Uzangao community clinic", "minutes": 208.0}}, {"type": "Feature", "geometry": {"type": "LineString", "coordinates": [[314150.0, 2697450.0], [314250.0, 2697650.0], [314350.0, 2697850.0], [314450.0, 2697950.0], [314550.0, 2698150.0], [314650.0, 2698250.0], [314750.0, 2698350.0], [314850.0, 2698450.0], [314950.0, 2698550.0], [315050.0, 2698650.0], [315150.0, 2698750.0], [315250.0, 2698850.0], [315350.0, 2698950.0], [315450.0, 2699050.0], [315550.0, 2699150.0], [315650.0, 2699250.0], [315750.0, 2699350.0], [315850.0, 2699550.0], [315950.0, 2699750.0], [316050.0, 2699850.0], [316150.0, 2699950.0], [316250.0, 2700050.0], [316350.0, 2700150.0], [316450.0, 2700250.0], [316550.0, 2700350.0], [316650.0, 2700450.0], [316750.0, 2700650.0], [316850.0, 2700850.0], [316950.0, 2701050.0], [317050.0, 2701150.0], [317050.0, 2701250.0], [316950.0, 2701350.0], [316750.0, 2701250.0], [316650.0, 2701250.0], [316550.0, 2701250.0], [316450.0, 2701250.0], [316250.0, 2701150.0], [316050.0, 2701050.0], [315950.0, 2701050.0], [315850.0, 2701050.0], [315650.0, 2701150.0], [315550.0, 2701150.0], [315450.0, 2701150.0], [315250.0, 2701250.0], [315150.0, 2701250.0], [315050.0, 2701250.0], [314950.0, 2701250.0], [314850.0, 2701250.0], [314650.0, 2701350.0], [314550.0, 2701350.0], [314450.0, 2701350.0], [314350.0, 2701350.0], [314250.0, 2701350.0], [314150.0, 2701350.0], [314050.0, 2701350.0], [313950.0, 2701350.0], [313850.0, 2701350.0], [313750.0, 2701350.0], [313650.0, 2701350.0], [313550.0, 2701350.0], [313450.0, 2701350.0], [313350.0, 2701350.0], [313250.0, 2701350.0], [313150.0, 2701350.0], [313050.0, 2701350.0], [312950.0, 2701350.0], [312850.0, 2701350.0], [312750.0, 2701350.0], [312650.0, 2701350.0], [312550.0, 2701350.0], [312450.0, 2701350.0], [312350.0, 2701350.0], [312250.0, 2701350.0], [312150.0, 2701350.0], [312050.0, 2701350.0], [311950.0, 2701350.0], [311850.0, 2701350.0], [311750.0, 2701350.0], [311650.0, 2701350.0], [311550.0, 2701350.0], [311450.0, 2701450.0]]}, "properties": {"point_id": 40, "emergency": "minor_illness", "season": "dry", "kind": "backup", "facility_cat": 59, "facility_name": "Mamudnagar Community clinic", "minutes": 216.0}}, {"type": "Feature", "geometry": {"type": "LineString", "coordinates": [[314150.0, 2697450.0], [314250.0, 2697550.0], [314350.0, 2697650.0], [314450.0, 2697750.0], [314550.0, 2697850.0], [314650.0, 2697950.0], [314750.0, 2698050.0], [314850.0, 2698150.0], [314950.0, 2698350.0], [315050.0, 2698550.0], [315150.0, 2698750.0], [315250.0, 2698850.0], [315350.0, 2698950.0], [315450.0, 2699050.0], [315550.0, 2699150.0], [315650.0, 2699250.0], [315750.0, 2699350.0], [315850.0, 2699550.0], [315950.0, 2699750.0], [316050.0, 2699850.0], [316150.0, 2700050.0], [316250.0, 2700250.0], [316350.0, 2700350.0], [316450.0, 2700450.0], [316550.0, 2700550.0], [316650.0, 2700650.0], [316750.0, 2700750.0], [316850.0, 2700950.0], [316950.0, 2701050.0], [317050.0, 2701150.0], [317050.0, 2701250.0], [316950.0, 2701350.0], [316850.0, 2701350.0], [316650.0, 2701450.0], [316450.0, 2701550.0], [316250.0, 2701650.0], [316050.0, 2701750.0], [315950.0, 2701850.0], [315750.0, 2701950.0], [315550.0, 2702050.0], [315350.0, 2702150.0], [315150.0, 2702250.0], [315050.0, 2702350.0], [314950.0, 2702450.0], [314850.0, 2702550.0], [314650.0, 2702650.0], [314450.0, 2702750.0], [314250.0, 2702850.0], [314050.0, 2702950.0], [313850.0, 2703050.0], [313650.0, 2703150.0], [313450.0, 2703250.0], [313250.0, 2703350.0], [313050.0, 2703450.0], [312850.0, 2703550.0], [312750.0, 2703650.0], [312650.0, 2703650.0], [312550.0, 2703650.0], [312350.0, 2703750.0], [312250.0, 2703750.0]]}, "properties": {"point_id": 40, "emergency": "minor_illness", "season": "flood0708", "kind": "primary", "facility_cat": 58, "facility_name": "Uzangao community clinic", "minutes": 211.0}}, {"type": "Feature", "geometry": {"type": "LineString", "coordinates": [[314150.0, 2697450.0], [314250.0, 2697550.0], [314350.0, 2697650.0], [314450.0, 2697750.0], [314550.0, 2697850.0], [314650.0, 2697950.0], [314750.0, 2698050.0], [314850.0, 2698150.0], [314950.0, 2698350.0], [315050.0, 2698550.0], [315150.0, 2698750.0], [315250.0, 2698850.0], [315350.0, 2698950.0], [315450.0, 2699050.0], [315550.0, 2699150.0], [315650.0, 2699250.0], [315750.0, 2699350.0], [315850.0, 2699550.0], [315950.0, 2699750.0], [316050.0, 2699850.0], [316150.0, 2700050.0], [316250.0, 2700250.0], [316350.0, 2700350.0], [316450.0, 2700450.0], [316550.0, 2700550.0], [316650.0, 2700650.0], [316750.0, 2700750.0], [316850.0, 2700950.0], [316950.0, 2701050.0], [317050.0, 2701150.0], [317050.0, 2701250.0], [316950.0, 2701350.0], [316850.0, 2701350.0], [316750.0, 2701350.0], [316650.0, 2701350.0], [316450.0, 2701250.0], [316250.0, 2701150.0], [316050.0, 2701050.0], [315950.0, 2701050.0], [315850.0, 2701050.0], [315650.0, 2701150.0], [315550.0, 2701150.0], [315450.0, 2701150.0], [315250.0, 2701250.0], [315150.0, 2701250.0], [315050.0, 2701250.0], [314950.0, 2701250.0], [314850.0, 2701250.0], [314650.0, 2701350.0], [314550.0, 2701350.0], [314450.0, 2701350.0], [314350.0, 2701350.0], [314250.0, 2701350.0], [314150.0, 2701350.0], [314050.0, 2701350.0], [313950.0, 2701350.0], [313850.0, 2701350.0], [313750.0, 2701350.0], [313650.0, 2701350.0], [313550.0, 2701350.0], [313450.0, 2701350.0], [313350.0, 2701350.0], [313250.0, 2701350.0], [313150.0, 2701350.0], [313050.0, 2701350.0], [312950.0, 2701350.0], [312850.0, 2701350.0], [312750.0, 2701350.0], [312650.0, 2701350.0], [312550.0, 2701350.0], [312450.0, 2701350.0], [312350.0, 2701350.0], [312250.0, 2701350.0], [312150.0, 2701350.0], [312050.0, 2701350.0], [311950.0, 2701350.0], [311850.0, 2701350.0], [311750.0, 2701350.0], [311650.0, 2701350.0], [311550.0, 2701350.0], [311450.0, 2701450.0]]}, "properties": {"point_id": 40, "emergency": "minor_illness", "season": "flood0708", "kind": "backup", "facility_cat": 59, "facility_name": "Mamudnagar Community clinic", "minutes": 217.0}}]}
